{"type":"FeatureCollection","source":"Natural Earth 1:10m rivers and lake centerlines v5.0.0","url":"https://www.naturalearthdata.com/downloads/10m-physical-vectors/10m-rivers-lake-centerlines/","license":"Public domain","sourceSHA256":"bb854a900ecbd3b408df46d5e16e3e0f974ba55993f9d8b5c26e855273c0905a","description":"Modern generalized water centerlines. Display reference, not a reconstruction of sixth-century channels.","features":[{"type":"Feature","properties":{"name":"Irrawaddy Delta","scalerank":1},"geometry":{"type":"LineString","coordinates":[[95.451101,17.820502],[95.427664,17.844672],[95.387787,17.824408],[95.324474,17.761827],[95.305268,17.749945],[95.272472,17.755316],[95.255463,17.748155],[95.197276,17.67654],[95.209483,17.663764],[95.214447,17.645046],[95.210948,17.631659],[95.197276,17.634874],[95.171641,17.619208],[95.160737,17.609442],[95.156261,17.597032],[95.159434,17.583604],[95.165945,17.568142],[95.169932,17.553412],[95.166515,17.542426],[95.12379,17.509955],[95.10906,17.488389],[95.115245,17.46365],[95.098237,17.467963],[95.08546,17.459825],[95.075613,17.445095],[95.067475,17.429511],[95.092052,17.429755],[95.089447,17.407335],[95.075125,17.380439],[95.064057,17.367458],[95.023204,17.340847],[95.000011,17.333604],[94.999115,17.353787],[94.981049,17.358507],[94.960948,17.353868],[94.944591,17.343126],[94.937755,17.329535],[94.937755,17.29914],[94.93629,17.293484],[94.930756,17.285346],[94.930186,17.278632],[94.95517,17.239122],[94.957042,17.228624],[94.937022,17.219184],[94.930593,17.208075],[94.925873,17.195339],[94.920339,17.185858],[94.91505,17.179633],[94.908214,17.167507],[94.903575,17.161933],[94.897472,17.157904],[94.875662,17.148301],[94.875662,17.135443],[94.868907,17.114691],[94.859386,17.095323],[94.851736,17.086859],[94.842459,17.085028],[94.832286,17.08039],[94.823822,17.074815],[94.820323,17.06977],[94.823334,17.059027],[94.830089,17.04739],[94.837169,17.03913],[94.841563,17.038438],[94.826427,17.026068],[94.805919,17.028144],[94.787852,17.027859],[94.78004,17.008002],[94.776459,17.002997],[94.74879,16.98074],[94.741222,16.970649],[94.741303,16.962429],[94.744151,16.953681],[94.745372,16.942247],[94.736501,16.841864],[94.724864,16.785224],[94.726736,16.76435],[94.74171,16.740302],[94.745372,16.720323],[94.742198,16.714464],[94.735037,16.70954],[94.728038,16.703152],[94.724864,16.692694],[94.726492,16.680732],[94.732432,16.658637],[94.732351,16.648017],[94.725108,16.634792],[94.702403,16.607611],[94.69752,16.590277],[94.6963,16.571397],[94.6928,16.557196],[94.68629,16.544949],[94.677013,16.532009]]}},{"type":"Feature","properties":{"name":"Irrawaddy Delta","scalerank":1},"geometry":{"type":"LineString","coordinates":[[95.450287,17.791327],[95.466401,17.801296],[95.486339,17.826972],[95.492605,17.843817],[95.486827,17.877712],[95.486095,17.893826],[95.492605,17.909247],[95.510753,17.91059],[95.537201,17.925401],[95.557546,17.929145],[95.573985,17.921169],[95.581065,17.905544],[95.587413,17.895087],[95.602468,17.902452],[95.60963,17.885321],[95.608897,17.865994],[95.602468,17.823594],[95.60434,17.814724],[95.61435,17.789822],[95.625255,17.773546],[95.630626,17.755561],[95.635916,17.744737],[95.64446,17.734483],[95.651378,17.730536],[95.659109,17.728339],[95.682628,17.718573],[95.68629,17.718614],[95.685557,17.717068],[95.6845,17.706895],[95.681163,17.697537],[95.666596,17.695421],[95.663259,17.686469],[95.66627,17.681586],[95.6845,17.662218],[95.712576,17.615505],[95.72169,17.607611],[95.727143,17.598578],[95.721121,17.552069],[95.724864,17.531928],[95.737722,17.523383],[95.7588,17.513536],[95.778331,17.500067],[95.786876,17.480414],[95.783295,17.469062],[95.777843,17.459296],[95.777761,17.452501],[95.790538,17.449978],[95.798269,17.446357],[95.802257,17.437567],[95.807384,17.415839],[95.810964,17.410509],[95.821544,17.400336],[95.808686,17.393337],[95.811615,17.38581],[95.831554,17.36404],[95.839854,17.351589],[95.842296,17.341091],[95.842214,17.325792],[95.847748,17.300849],[95.855235,17.279853],[95.866466,17.261298],[95.883067,17.243923],[95.892589,17.238349],[95.901296,17.234646],[95.907725,17.227973],[95.910492,17.213813],[95.914236,17.20071],[95.924083,17.19123],[95.945242,17.176215],[95.95753,17.157538],[95.956391,17.143622],[95.947765,17.12877],[95.938243,17.107286],[95.94337,17.09866],[95.943451,17.073839],[95.945242,17.059597],[95.949474,17.04682],[95.955089,17.038153],[95.962413,17.03144],[95.972341,17.024766],[96.024913,17.000067],[96.050304,16.980658],[96.06129,16.95307],[96.084076,16.915839],[96.087006,16.900417],[96.100352,16.861884],[96.113699,16.837836],[96.118744,16.821153],[96.121674,16.803575],[96.122569,16.788275],[96.128998,16.776679],[96.144054,16.771552],[96.157807,16.769639],[96.171153,16.771552]]}},{"type":"Feature","properties":{"name":"Irrawaddy Delta","scalerank":1},"geometry":{"type":"LineString","coordinates":[[95.465261,17.706895],[95.449474,17.710273],[95.431895,17.706],[95.418712,17.707302],[95.418224,17.707872],[95.385916,17.721625],[95.375255,17.696967],[95.37379,17.659491],[95.369151,17.634874],[95.35255,17.628689],[95.328624,17.643988],[95.313975,17.634874],[95.308035,17.618435],[95.315847,17.606553],[95.327891,17.595242],[95.334972,17.580268],[95.325125,17.553005],[95.27532,17.515937],[95.266124,17.498358],[95.276947,17.484442],[95.341807,17.457384],[95.327566,17.439399],[95.325206,17.430243],[95.319835,17.430243],[95.31308,17.432318],[95.30714,17.429511],[95.302419,17.415798],[95.305268,17.405056],[95.310964,17.395331],[95.318614,17.372626],[95.327403,17.362657],[95.332937,17.352607],[95.327566,17.340115],[95.317149,17.334581],[95.302257,17.332709],[95.26946,17.333279],[95.260834,17.33865],[95.261648,17.350369],[95.267996,17.362087],[95.281342,17.370632],[95.279714,17.377753],[95.275401,17.385037],[95.27296,17.388495],[95.265391,17.393907],[95.263601,17.392768],[95.263113,17.387641],[95.259288,17.381049],[95.249522,17.370225],[95.243175,17.358751],[95.239757,17.345526],[95.23878,17.329535],[95.24407,17.320624],[95.27003,17.308783],[95.279796,17.29914],[95.263682,17.30211],[95.245535,17.309394],[95.228119,17.314032],[95.214692,17.309394],[95.213471,17.296088],[95.225841,17.281317],[95.241791,17.266059],[95.25172,17.251329],[95.251231,17.23668],[95.247081,17.220893],[95.246186,17.208116],[95.255463,17.202948],[95.265554,17.195583],[95.260183,17.179307],[95.245616,17.163113],[95.21575,17.151435],[95.204519,17.140815],[95.195893,17.127224],[95.19101,17.114203],[95.190847,17.093695],[95.198253,17.077663],[95.207123,17.063585],[95.211436,17.049018],[95.205658,17.016669],[95.191417,16.981269],[95.17335,16.949734],[95.156261,16.929226],[95.167084,16.919298],[95.175792,16.906033],[95.18157,16.891466],[95.183604,16.877997],[95.188975,16.87462],[95.200694,16.871283],[95.212332,16.864447],[95.2199,16.844021],[95.229747,16.833441],[95.231944,16.826199],[95.229991,16.824978],[95.22047,16.81684],[95.217703,16.813096],[95.197276,16.75788],[95.192312,16.7331],[95.19101,16.706366],[95.187755,16.702257],[95.179861,16.703884],[95.166515,16.709499],[95.157481,16.706651],[95.157237,16.700019],[95.163097,16.685858],[95.158946,16.6612],[95.148692,16.646186],[95.135346,16.634833],[95.122081,16.620714],[95.132335,16.595649],[95.129893,16.578477],[95.115733,16.56863],[95.091319,16.565497],[95.050792,16.565497],[95.037608,16.561347],[95.035248,16.55211],[95.038097,16.542792],[95.04005,16.538153],[95.026947,16.524278],[95.008718,16.51081],[94.992605,16.494818],[94.985606,16.47366],[94.981863,16.452826],[94.964122,16.409369],[94.951671,16.346055],[94.945242,16.329698],[94.934093,16.315619],[94.875662,16.271308],[94.866222,16.257839],[94.857432,16.241807],[94.84669,16.228461],[94.819753,16.217393],[94.807628,16.203884],[94.797862,16.186347],[94.793712,16.168891],[94.793712,16.162055]]}},{"type":"Feature","properties":{"name":"Irrawaddy Delta","scalerank":1},"geometry":{"type":"LineString","coordinates":[[95.606619,16.857856],[95.618907,16.839911],[95.634532,16.831326],[95.652192,16.824652],[95.66684,16.81623],[95.669363,16.801215],[95.656342,16.757148],[95.663259,16.737372],[95.683035,16.725287],[95.704194,16.721706],[95.742442,16.723741],[95.758311,16.717719],[95.768077,16.702501],[95.78004,16.662299],[95.782156,16.651475],[95.782725,16.643663],[95.785574,16.63821],[95.794363,16.634385],[95.808604,16.635199],[95.818614,16.642442],[95.827566,16.650906],[95.83839,16.654853],[95.852061,16.662421],[95.859386,16.66238],[95.866303,16.640448],[95.884044,16.625352],[95.889903,16.613878],[95.888601,16.610216],[95.883067,16.579779],[95.883067,16.53502],[95.87558,16.524848],[95.842459,16.506537],[95.834727,16.497178],[95.839285,16.480333],[95.851085,16.470567],[95.863292,16.464708],[95.868744,16.459662],[95.868663,16.447943],[95.870535,16.433173],[95.877533,16.4206],[95.893321,16.41531],[95.906342,16.413398],[95.951427,16.401638],[95.983328,16.402208],[95.997081,16.397162],[96.006602,16.387315]]}},{"type":"Feature","properties":{"name":"Irrawaddy Delta","scalerank":1},"geometry":{"type":"LineString","coordinates":[[95.479015,16.805691],[95.479503,16.782091],[95.482921,16.765326],[95.480724,16.749864],[95.465343,16.730577],[95.455089,16.725898],[95.446056,16.725775],[95.439871,16.722032],[95.437429,16.706366],[95.438569,16.698269],[95.440847,16.694892],[95.441173,16.691352],[95.437429,16.682807],[95.432872,16.681342],[95.425955,16.682888],[95.419688,16.683417],[95.417003,16.679063],[95.41269,16.589138],[95.404389,16.544501],[95.389659,16.504014],[95.384532,16.508979],[95.369151,16.518337],[95.372813,16.501776],[95.375987,16.49376],[95.379324,16.490343],[95.383393,16.485216],[95.381765,16.47366],[95.375987,16.452826],[95.348643,16.401638],[95.343272,16.399197],[95.325206,16.3935],[95.3213,16.391059],[95.310557,16.35696],[95.299083,16.341254],[95.289154,16.322333],[95.282237,16.303575],[95.272878,16.230333],[95.274506,16.184394],[95.271576,16.169013],[95.261729,16.155951],[95.234386,16.121649],[95.204682,16.088935],[95.185557,16.04796],[95.184825,16.044745],[95.169932,16.03852],[95.159109,16.036322],[95.149913,16.037706],[95.142345,16.037543],[95.132498,16.024848]]}},{"type":"Feature","properties":{"name":"Aldan","scalerank":4},"geometry":{"type":"LineString","coordinates":[[123.566173,56.527696],[123.530691,56.524278],[123.513601,56.525255],[123.496349,56.530626],[123.462901,56.545233],[123.445567,56.549872],[123.229096,56.555528],[123.204682,56.560981],[123.17571,56.564276],[123.091807,56.553534],[123.066905,56.55744],[123.05714,56.570176],[123.057221,56.589301],[123.062022,56.612169],[123.062022,56.64765],[123.065684,56.658555],[123.075694,56.669501],[123.087576,56.679511],[123.097667,56.690741],[123.102061,56.70539],[123.114838,56.724799],[123.140147,56.752509],[123.158376,56.778144],[123.150401,56.791368],[123.16212,56.804063],[123.170339,56.815741],[123.173757,56.828803],[123.167654,56.908311],[123.170909,56.920722],[123.179617,56.927069],[123.189871,56.93244],[123.197683,56.941921],[123.198985,56.950792],[123.1963,56.958808],[123.192556,56.96601],[123.190929,56.972968],[123.194428,56.998318],[123.204031,57.011746],[123.235362,57.034695],[123.263601,57.068427],[123.279552,57.081366],[123.321381,57.093085],[123.347097,57.109442],[123.366222,57.130072],[123.367605,57.149726],[123.360932,57.155137],[123.352957,57.158067],[123.346121,57.162136],[123.343272,57.171007],[123.350108,57.187201],[123.367117,57.193671],[123.387218,57.1942],[123.404063,57.192735],[123.42864,57.194892],[123.451915,57.204454],[123.493175,57.234442],[123.527843,57.266059],[123.541596,57.2838],[123.564464,57.327419],[123.566987,57.335028],[123.567963,57.343207],[123.566173,57.346869],[123.561127,57.34809],[123.553233,57.349066],[123.54005,57.352607],[123.530691,57.359076],[123.526378,57.369086],[123.52825,57.383124],[123.534434,57.392849],[123.544363,57.401068],[123.576752,57.421495],[123.584727,57.429796],[123.59905,57.450303],[123.616303,57.467841],[123.621511,57.477851],[123.617117,57.489691],[123.601166,57.499294],[123.579275,57.502061],[123.522634,57.498481],[123.507416,57.500108],[123.497325,57.506944],[123.498464,57.521837],[123.506847,57.533311],[123.529877,57.550849],[123.538666,57.56155],[123.54127,57.569688],[123.54005,57.576972],[123.52825,57.602159],[123.525645,57.61286],[123.525645,57.623725],[123.529063,57.634955],[123.532725,57.640937],[123.547537,57.656114],[123.562022,57.675116],[123.567475,57.676337],[123.569835,57.683539],[123.575206,57.689032],[123.582123,57.693061],[123.589122,57.69599],[123.596772,57.698065],[123.60255,57.698065],[123.607921,57.696153],[123.700857,57.64586],[123.713878,57.642605],[123.72226,57.642768],[123.730724,57.644314],[123.746674,57.64997],[123.75172,57.653144],[123.763927,57.665229],[123.767507,57.667426],[123.774832,57.6706],[123.77825,57.672553],[123.78655,57.680243],[123.805431,57.708848],[123.830333,57.7331],[123.836436,57.742621],[123.839447,57.753119],[123.838308,57.762274],[123.833751,57.770616],[123.820893,57.78795],[123.810802,57.807725],[123.804454,57.815863],[123.796967,57.820868],[123.779307,57.829861],[123.770274,57.83629],[123.759776,57.849148],[123.754405,57.863715],[123.753998,57.879096],[123.759369,57.894639],[123.733979,57.902289],[123.720225,57.90823],[123.711681,57.915107],[123.705984,57.928412],[123.709727,57.934394],[123.717784,57.939276],[123.725352,57.949286],[123.730724,57.963568],[123.72877,57.965888],[123.725352,57.976589],[123.714692,57.991319],[123.711681,57.997667],[123.710378,58.013495],[123.713634,58.026923],[123.745535,58.100613],[123.7588,58.123155],[123.775971,58.142524],[123.793061,58.154405],[123.811941,58.162706],[123.851736,58.17414],[123.916026,58.180976],[123.929861,58.185411],[123.937755,58.194688],[123.950287,58.219102],[123.965424,58.231472],[123.983409,58.236274],[124.002452,58.238959],[124.020844,58.244696],[123.985932,58.266384],[123.972992,58.279364],[124.000906,58.291612],[124.021576,58.320421],[124.037039,58.326728],[124.043875,58.325303],[124.063569,58.315741],[124.069916,58.314154],[124.075694,58.313788],[124.08782,58.314643],[124.10434,58.313788],[124.13616,58.306505],[124.152436,58.304755],[124.167003,58.306342],[124.194347,58.313096],[124.256765,58.317572],[124.271902,58.322211],[124.292654,58.333523],[124.311453,58.348985],[124.324474,58.368476],[124.329112,58.391954],[124.327647,58.405056],[124.325857,58.411444],[124.32366,58.417507],[124.313243,58.433051],[124.311453,58.438788],[124.315115,58.461534],[124.329682,58.476386],[124.369151,58.498562],[124.379324,58.507921],[124.383067,58.516791],[124.382904,58.539903],[124.385183,58.551337],[124.390147,58.561469],[124.437022,58.614366],[124.444591,58.628282],[124.471934,58.647162],[124.48349,58.657335],[124.493175,58.669257],[124.499766,58.692939],[124.506847,58.705024],[124.521007,58.710232],[124.557628,58.717963],[124.623057,58.751166],[124.657481,58.757392],[124.675955,58.753689],[124.709483,58.740424],[124.72934,58.737576],[124.747,58.741767],[124.756847,58.752143],[124.767345,58.77912],[124.773448,58.802802],[124.779226,58.811957],[124.794037,58.820095],[124.814464,58.822455],[124.87672,58.806464],[124.908295,58.808702],[124.954275,58.819159],[124.995942,58.836005],[125.013764,58.857367],[125.022553,58.887803],[125.044932,58.900702],[125.109955,58.915717],[125.126069,58.923041],[125.139659,58.931586],[125.148692,58.94245],[125.150971,58.956651],[125.145112,58.968126],[125.136241,58.974718],[125.132091,58.981757],[125.14088,58.994818],[125.155772,59.006456],[125.205577,59.028917],[125.221121,59.032904],[125.23642,59.030951],[125.277761,59.01671],[125.289073,59.015977],[125.300222,59.017524],[125.312022,59.02086],[125.33074,59.029486],[125.353038,59.044623],[125.367442,59.063259],[125.362234,59.082465],[125.357026,59.086737],[125.313894,59.109931],[125.302826,59.118191],[125.296316,59.127997],[125.296397,59.141791],[125.304698,59.152289],[125.316905,59.160102],[125.329275,59.165798],[125.340831,59.173407],[125.34905,59.184516],[125.351166,59.197048],[125.345225,59.209093],[125.339692,59.213406],[125.326915,59.22073],[125.3213,59.225653],[125.316335,59.232245],[125.312429,59.239447],[125.307058,59.25495],[125.303722,59.271104],[125.303722,59.286689],[125.307872,59.301337],[125.317393,59.314643],[125.345632,59.330675],[125.375255,59.329169],[125.403819,59.315985],[125.453543,59.281928],[125.479015,59.276557],[125.552419,59.274237],[125.570323,59.270453],[125.586925,59.263861],[125.601654,59.253363],[125.626475,59.221747],[125.634939,59.214301],[125.64446,59.208279],[125.687266,59.187364],[125.705577,59.174262],[125.760183,59.121365],[125.783702,59.111518],[125.880056,59.090399],[125.975108,59.05329],[126.003917,59.047919],[126.095876,59.051337],[126.12672,59.045356],[126.156993,59.0338],[126.232921,58.991156],[126.243256,58.983507],[126.252208,58.973822],[126.26588,58.952704],[126.274425,58.942979],[126.301524,58.928412],[126.331716,58.924425],[126.363292,58.92418],[126.393647,58.920518],[126.466238,58.896999],[126.47934,58.890326],[126.509369,58.86933],[126.528412,58.860134],[126.569265,58.847439],[126.588796,58.844794],[126.61085,58.845323],[126.632742,58.848497],[126.683686,58.863837],[126.695811,58.864081],[126.718028,58.857774],[126.757253,58.834988],[126.779307,58.827582],[126.848888,58.826728],[126.871755,58.823676],[126.882498,58.818671],[126.898448,58.804307],[126.910085,58.799425],[126.920909,58.798529],[126.954682,58.801337],[126.978282,58.799262],[127.032237,58.781765],[127.041026,58.777167],[127.050304,58.768866],[127.073985,58.737576],[127.098562,58.723578],[127.127208,58.721625],[127.156505,58.727566],[127.194428,58.74197],[127.219005,58.755194],[127.22755,58.763373],[127.233328,58.775702],[127.241222,58.802029],[127.250092,58.812934],[127.262543,58.81863],[127.277192,58.82099],[127.337332,58.821112],[127.353119,58.818712],[127.367279,58.814154],[127.403738,58.788113],[127.418224,58.782538],[127.433442,58.781114],[127.493744,58.786485],[127.507335,58.789252],[127.520518,58.793891],[127.533214,58.801215],[127.545665,58.812445],[127.577566,58.850653],[127.604503,58.86225],[127.633474,58.858954],[127.687755,58.834052],[127.712169,58.819281],[127.724701,58.813503],[127.739024,58.810736],[127.752615,58.812608],[127.777192,58.823188],[127.79005,58.825385],[127.813569,58.813178],[127.818614,58.786241],[127.816498,58.754747],[127.819265,58.728827],[127.860769,58.741563],[127.874766,58.74018],[127.888764,58.73371],[127.901541,58.724433],[127.912201,58.712714],[127.918875,58.699286],[127.936697,58.676785],[127.964366,58.675808],[128.021495,58.697943],[128.03183,58.704617],[128.038097,58.713243],[128.053396,58.757351],[128.06308,58.777615],[128.076264,58.795356],[128.094493,58.810085],[128.120942,58.820095],[128.151296,58.82331],[128.238862,58.818386],[128.265636,58.810574],[128.277843,58.802802],[128.283376,58.793158],[128.290131,58.768256],[128.305431,58.745917],[128.327403,58.73371],[128.35019,58.735419],[128.368582,58.755194],[128.378184,58.776313],[128.384858,58.784491],[128.395518,58.79088],[128.407644,58.796088],[128.413666,58.800889],[128.415538,58.808214],[128.41448,58.821112],[128.419444,58.84337],[128.43629,58.854844],[128.459239,58.856716],[128.481293,58.850124],[128.49464,58.837836],[128.500662,58.822048],[128.504649,58.804796],[128.510834,58.788113],[128.531179,58.75434],[128.539968,58.734198],[128.539236,58.72016],[128.533783,58.699327],[128.554698,58.691677],[128.644054,58.68948],[128.66212,58.68537],[128.675873,58.678412],[128.680593,58.673407],[128.688894,58.661241],[128.703543,58.644599],[128.707286,58.638617],[128.710378,58.631171],[128.713308,58.615546],[128.713634,58.583604],[128.716238,58.568468],[128.723888,58.558458],[128.735606,58.555121],[128.85849,58.54975],[128.913503,58.537055],[128.967052,58.539822],[128.991466,58.537706],[129.015229,58.531033],[129.062511,58.509141],[129.091319,58.504665],[129.148041,58.506537],[129.177745,58.512397],[129.293224,58.551337],[129.354747,58.559434],[129.404552,58.557888],[129.472992,58.54324],[129.493175,58.541205],[129.511974,58.537177],[129.54184,58.519558],[129.563569,58.514228],[129.626557,58.507758],[129.687022,58.483669],[129.742605,58.480251],[129.792979,58.496283],[129.891775,58.541938],[130.007335,58.574774],[130.021983,58.581366],[130.03712,58.592882],[130.070242,58.633734],[130.085134,58.644721],[130.121104,58.655829],[130.163666,58.658026],[130.206391,58.652777],[130.241954,58.641303],[130.286225,58.618598],[130.303966,58.61404],[130.386241,58.61404],[130.503429,58.597968],[130.5442,58.600369],[130.574229,58.611029],[130.598155,58.629096],[130.614187,58.652411],[130.619884,58.679226],[130.617686,58.691026],[130.607921,58.710639],[130.604503,58.726182],[130.602143,58.729275],[130.599864,58.731269],[130.598725,58.734158],[130.599294,58.752509],[130.598725,58.757392],[130.576915,58.803249],[130.577647,58.820095],[130.598725,58.836534],[130.629405,58.850043],[130.643077,58.858018],[130.657237,58.870673],[130.673839,58.880561],[130.694347,58.882636],[130.735932,58.881537],[130.847179,58.904893],[131.006114,58.917914],[131.043875,58.928738],[131.087576,58.952948],[131.105968,58.956651],[131.12672,58.955837],[131.175385,58.946601],[131.194916,58.939561],[131.202403,58.932969],[131.211518,58.921332],[131.219249,58.908515],[131.229503,58.880886],[131.245209,58.879828],[131.263438,58.887397],[131.305919,58.911729],[131.316905,58.921942],[131.325125,58.936143],[131.32252,58.963202],[131.327566,58.975653],[131.34547,58.973985],[131.424327,58.943549],[131.465343,58.935004],[131.503184,58.936143],[131.53183,58.950385],[131.550304,58.971218],[131.570974,58.990058],[131.606293,58.998236],[131.626964,58.99494],[131.66684,58.980414],[131.68808,58.977118],[131.708995,58.981228],[131.721202,58.99079],[131.730886,59.002143],[131.743256,59.011298],[131.768891,59.015896],[131.794688,59.014716],[131.819591,59.016913],[131.841726,59.031928],[131.86378,59.058539],[131.876475,59.068712],[131.893321,59.075751],[131.921641,59.081651],[131.935476,59.086697],[131.946544,59.095242],[131.951915,59.10871],[131.948985,59.12287],[131.943126,59.137315],[131.939464,59.151719],[131.951589,59.17711],[131.982188,59.186469],[132.080089,59.181952],[132.095307,59.179145],[132.110932,59.17239],[132.126475,59.16295],[132.141612,59.156033],[132.156993,59.155097],[132.17335,59.163764],[132.20574,59.199327],[132.219819,59.208441],[132.236257,59.213894],[132.306651,59.222764],[132.365896,59.241889],[132.381928,59.251532],[132.392833,59.263048],[132.412608,59.290635],[132.440115,59.310492],[132.472748,59.314805],[132.539561,59.307318],[132.57252,59.314073],[132.600597,59.333523],[132.651378,59.380805],[132.687104,59.40119],[132.729015,59.415351],[132.772878,59.421332],[132.813894,59.417304],[132.884695,59.400946],[132.893972,59.397325],[132.919851,59.383002],[132.930105,59.380561],[132.948253,59.380235],[133.025401,59.39822],[133.036713,59.402533],[133.047455,59.409776],[133.068858,59.432685],[133.085867,59.459174],[133.098643,59.488227],[133.106456,59.518378],[133.108653,59.540717],[133.106456,59.604315],[133.122488,59.629503],[133.160167,59.638007],[133.312429,59.639716],[133.347585,59.650824],[133.377615,59.673204],[133.382823,59.681342],[133.389252,59.69953],[133.393972,59.707953],[133.400401,59.714423],[133.478282,59.760362],[133.519054,59.776313],[133.678722,59.905544],[133.739757,59.941474],[133.747325,59.947048],[133.778087,59.985704],[133.803966,60.007758],[133.833425,60.02497],[133.89503,60.052598],[133.915701,60.066962],[133.972179,60.131659],[134.079112,60.208441],[134.244721,60.265692],[134.367686,60.341376],[134.419037,60.362494],[134.461518,60.392279],[134.527599,60.423041],[134.553722,60.443793],[134.620209,60.469428],[134.637218,60.473497],[134.654552,60.475775],[134.679861,60.47545],[134.7553,60.465277],[134.779877,60.459296],[134.893972,60.392198],[134.91684,60.38463],[134.928233,60.382392],[134.951264,60.373481],[134.997651,60.361111],[135.037852,60.356309],[135.066173,60.356716],[135.091563,60.364203],[135.108653,60.383002],[135.122569,60.418728],[135.143484,60.452745],[135.145437,60.465277],[135.143321,60.473741],[135.130056,60.499335],[135.114024,60.519639],[135.092865,60.535712],[134.998464,60.58039],[134.980479,60.584906],[134.961436,60.586859],[134.94337,60.590928],[134.927989,60.601752],[134.922293,60.610216],[134.917898,60.61994],[134.91505,60.630235],[134.913585,60.640448],[134.914236,60.68537],[134.915131,60.692328],[134.91741,60.699774],[134.923106,60.71247],[134.930756,60.723456],[134.940929,60.731879],[134.953868,60.736884],[135.021495,60.749335],[135.081554,60.767524],[135.102306,60.778632],[135.121186,60.792548],[135.16684,60.841498],[135.173839,60.846788],[135.183686,60.850898],[135.2081,60.856024],[135.251231,60.858832],[135.271658,60.862616],[135.29127,60.868964],[135.307384,60.877631],[135.338145,60.905829],[135.342459,60.910915],[135.345225,60.916693],[135.346283,60.924831],[135.346283,60.953925],[135.348725,60.961737],[135.35906,60.983995],[135.374034,61.000067],[135.426199,61.037055],[135.438975,61.051459],[135.447765,61.072292],[135.453624,61.092353],[135.458018,61.10163],[135.464366,61.110053],[135.479503,61.121405],[135.514089,61.139431],[135.527354,61.152371],[135.529307,61.159776],[135.527843,61.168891],[135.521088,61.185655],[135.516124,61.193671],[135.454519,61.252387],[135.444753,61.267768],[135.440684,61.290473],[135.450125,61.306912],[135.507498,61.342597],[135.521983,61.359442],[135.525076,61.37877],[135.511322,61.399278],[135.50172,61.405585],[135.490733,61.409491],[135.479015,61.411485],[135.359874,61.414984],[135.346121,61.417548],[135.336843,61.424587],[135.336192,61.438992],[135.349132,61.483832],[135.357188,61.495795],[135.367117,61.503607],[135.378429,61.509304],[135.410655,61.517157],[135.439382,61.532091],[135.48349,61.540717],[135.498139,61.545437],[135.511729,61.552436],[135.52296,61.562567],[135.527436,61.569119],[135.530203,61.575873],[135.535655,61.595038],[135.542003,61.608425],[135.542247,61.620795],[135.536713,61.631659],[135.527192,61.63935],[135.514903,61.642157],[135.483979,61.637234],[135.421804,61.63703],[135.353038,61.629218],[135.331554,61.633734],[135.31544,61.645616],[135.290701,61.677191],[135.273855,61.6883],[135.224701,61.699652],[135.201671,61.70836],[135.183116,61.725613],[135.176362,61.746121],[135.184174,61.76142],[135.200857,61.772081],[135.220714,61.778632],[135.268647,61.787136],[135.293224,61.78852],[135.389089,61.781846],[135.486908,61.791083],[135.510265,61.79796],[135.524832,61.805609],[135.535655,61.81623],[135.54184,61.829779],[135.54127,61.845893],[135.53712,61.855536],[135.517833,61.876899],[135.51295,61.89057],[135.513194,61.905544],[135.517589,61.920274],[135.524099,61.933173],[135.543956,61.954698],[135.569265,61.97073],[135.650808,62.010688]]}},{"type":"Feature","properties":{"name":"Shishhid Gol","scalerank":4},"geometry":{"type":"LineString","coordinates":[[99.426768,51.3487],[99.411388,51.352403],[99.396576,51.359442],[99.381114,51.371649],[99.369395,51.383002],[99.348643,51.39822],[99.325694,51.407904],[99.309825,51.410427]]}},{"type":"Feature","properties":{"name":"Shishhid Gol","scalerank":4},"geometry":{"type":"LineString","coordinates":[[99.309825,51.410427],[99.300955,51.416531],[99.293224,51.417182],[99.281261,51.416531],[99.268321,51.417914],[99.256847,51.422919],[99.235606,51.435818],[99.223399,51.438341],[99.103933,51.445176],[99.086436,51.453315],[99.070323,51.464789],[99.05185,51.474921],[98.918875,51.492987],[98.902354,51.493272],[98.841238,51.484442],[98.685476,51.492987],[98.65683,51.488715],[98.608653,51.469916],[98.559255,51.46129],[98.548757,51.461737],[98.538259,51.469346],[98.529226,51.473212],[98.51588,51.472724],[98.502533,51.46955],[98.493663,51.465644],[98.487804,51.458197],[98.479747,51.437934],[98.473155,51.430935],[98.458751,51.425971],[98.446056,51.42654],[98.418549,51.430935],[98.390717,51.428575],[98.375987,51.425605],[98.364024,51.421332],[98.349132,51.417914],[98.337576,51.422431],[98.315522,51.438341],[98.275076,51.451361],[98.265147,51.46247],[98.260834,51.465644],[98.254649,51.466864],[98.248546,51.466132],[98.242686,51.466132],[98.237071,51.469346],[98.220144,51.47545],[98.137462,51.486151],[98.110932,51.484931],[98.066417,51.46955],[98.044932,51.465644],[98.035655,51.470242],[98.03769,51.481024],[98.044363,51.493476],[98.047944,51.503241],[98.042247,51.512519],[98.028738,51.515163],[98.000255,51.514106]]}},{"type":"Feature","properties":{"name":"Shishhid Gol","scalerank":4},"geometry":{"type":"LineString","coordinates":[[98.809011,50.627021],[98.815115,50.61579],[98.829845,50.60102],[98.847097,50.590684],[98.860769,50.592882],[98.878673,50.599433],[98.901134,50.59394],[99.033295,50.535102],[99.043875,50.53323],[99.056082,50.534532],[99.064708,50.538764],[99.086436,50.554999],[99.092296,50.563666],[99.109467,50.60163],[99.120942,50.610216],[99.142833,50.613227],[99.190115,50.626654],[99.213796,50.630154],[99.203624,50.652452],[99.210948,50.667589],[99.247813,50.699001],[99.233816,50.720282],[99.226654,50.726915],[99.217052,50.732123],[99.207123,50.735541],[99.198416,50.739773],[99.192475,50.747382],[99.192882,50.767768],[99.21046,50.777045],[99.307221,50.785712],[99.342703,50.797309],[99.364838,50.823065],[99.371349,50.870307],[99.371104,50.894965],[99.375011,50.909125],[99.385509,50.921088],[99.405365,50.939236],[99.407319,50.942206],[99.410248,50.950303],[99.412201,50.953477],[99.416596,50.955756],[99.428233,50.957628],[99.432872,50.959662],[99.438569,50.967719],[99.453868,51.000108],[99.455577,51.022528],[99.452403,51.03913],[99.451427,51.053331],[99.460053,51.068427],[99.504405,51.10517],[99.515229,51.123074],[99.484955,51.1317],[99.456065,51.156521],[99.439708,51.183376],[99.446544,51.198188],[99.439952,51.206163],[99.422862,51.219346],[99.419688,51.226101],[99.424408,51.236762],[99.434581,51.243476],[99.445811,51.248318],[99.453868,51.253445],[99.462006,51.268866],[99.470225,51.304714],[99.480561,51.322292],[99.472667,51.326768],[99.47047,51.328721],[99.473725,51.335313],[99.46575,51.343777],[99.45574,51.3487],[99.444591,51.350409],[99.42392,51.349473]]}},{"type":"Feature","properties":{"name":"Ural","scalerank":4},"geometry":{"type":"LineString","coordinates":[[58.835053,52.196845],[58.834483,52.196316],[58.8213,52.179796],[58.797781,52.129665],[58.792003,52.113593],[58.792979,52.079901],[58.78419,52.063666],[58.768972,52.047309],[58.763927,52.029731],[58.777436,52.010077],[58.785818,51.983995],[58.78712,51.957343],[58.791026,51.9383],[58.797293,51.92182],[58.791026,51.902777],[58.77239,51.883328],[58.768972,51.863837],[58.778087,51.843329],[58.775808,51.816352],[58.755382,51.774034],[58.737804,51.756456],[58.716401,51.74018],[58.697683,51.729193],[58.650808,51.714464],[58.63087,51.695095]]}},{"type":"Feature","properties":{"name":"Ural","scalerank":4},"geometry":{"type":"LineString","coordinates":[[59.448416,54.703233],[59.434174,54.691026],[59.42392,54.672471],[59.419444,54.644884],[59.421479,54.615058],[59.430186,54.573554],[59.418956,54.548692],[59.418875,54.536241],[59.42628,54.519965],[59.427745,54.499579],[59.423106,54.491523],[59.40919,54.488308],[59.401296,54.484565],[59.379161,54.461005],[59.306733,54.40294],[59.274018,54.383246],[59.269216,54.375678],[59.266612,54.362169],[59.259939,54.354438],[59.232188,54.340888],[59.209972,54.33572],[59.200287,54.331855],[59.190929,54.324327],[59.182384,54.315009],[59.17335,54.307237],[59.162852,54.303982],[59.156505,54.298529],[59.15032,54.274604],[59.136729,54.265245],[59.145763,54.256415],[59.16627,54.242499],[59.177338,54.215644],[59.166026,54.202419],[59.147878,54.192735],[59.138276,54.177029],[59.134044,54.149115],[59.123057,54.135077],[59.107677,54.123847],[59.090424,54.104682],[59.072276,54.070665],[59.067149,54.052069],[59.073741,54.043891],[59.090261,54.038926],[59.109467,54.013454],[59.125255,54.002305],[59.123546,53.985134],[59.143565,53.946967],[59.138276,53.926581],[59.15325,53.915635],[59.207774,53.892442],[59.197032,53.873847],[59.181163,53.861355],[59.163097,53.850775],[59.145763,53.837836],[59.134044,53.818223],[59.137625,53.803778],[59.143484,53.791042],[59.138276,53.776394],[59.152843,53.758857],[59.174083,53.755316],[59.197358,53.754584],[59.217703,53.745388],[59.220225,53.738105],[59.22169,53.71837],[59.224539,53.714301],[59.234386,53.711737],[59.240245,53.705105],[59.254649,53.671576],[59.259207,53.655829],[59.262462,53.621853],[59.254975,53.609931],[59.236908,53.594428],[59.215424,53.584093],[59.165538,53.595526],[59.129405,53.579169],[59.063243,53.532782],[59.025645,53.518988],[59.017589,53.509711],[59.016043,53.488349],[59.021414,53.461493],[59.022227,53.450507],[59.021576,53.439643],[59.01946,53.429796],[59.015147,53.420844],[59.008556,53.412665],[59.015554,53.401679],[59.032481,53.381049],[59.035818,53.368232],[59.030284,53.339789],[59.032481,53.328477],[59.060557,53.32038],[59.085378,53.32038],[59.11142,53.309394],[59.13144,53.290107],[59.164154,53.248969],[59.170014,53.243476],[59.167979,53.23782],[59.156016,53.224555],[59.149506,53.221381],[59.141531,53.220526],[59.134858,53.218207],[59.132091,53.210883],[59.131358,53.204901],[59.129324,53.199571],[59.125987,53.19477],[59.121755,53.190131],[59.11435,53.186713],[59.097667,53.188544],[59.090424,53.186713],[59.085704,53.180121],[59.082774,53.164659],[59.077403,53.159451],[59.057872,53.155544],[59.039073,53.156033],[59.022472,53.152899],[59.008556,53.138292],[59.022227,53.125922],[59.02239,53.108222],[58.964854,52.979844],[58.956716,52.970649],[58.926036,52.953966],[58.910737,52.941107],[58.897065,52.923611],[58.894542,52.90766],[58.912364,52.899359],[58.912364,52.892524],[58.888682,52.879991],[58.881602,52.878241],[58.873627,52.875067],[58.870535,52.867987],[58.871186,52.860948],[58.875092,52.857733],[58.89088,52.853949],[58.903819,52.844306],[58.913503,52.831081],[58.9192,52.816759],[58.920421,52.804511],[58.9192,52.751573],[58.922374,52.741238],[58.936534,52.726182],[58.939708,52.717475],[58.937592,52.709499],[58.934093,52.701117],[58.932546,52.69245],[58.936534,52.683661],[58.949718,52.673651],[58.979991,52.661241],[58.994233,52.652289],[59.004975,52.63935],[58.999115,52.634345],[58.987641,52.62877],[58.981212,52.614447],[58.976654,52.598944],[58.967784,52.586778],[58.962332,52.575629],[58.967459,52.562934],[58.975515,52.558417],[58.997569,52.553778],[59.008556,52.549262],[59.015636,52.542507],[59.028331,52.523627],[59.035818,52.515163],[59.049246,52.530219],[59.062429,52.533718],[59.074962,52.528754],[59.087006,52.518581],[59.099132,52.514675],[59.117442,52.512315],[59.133311,52.507148],[59.138276,52.494656],[59.130626,52.486599],[59.117198,52.483466],[59.104421,52.478217],[59.098562,52.463935],[59.099132,52.449164],[59.098155,52.442247],[59.094493,52.439399],[59.087901,52.438544],[59.079682,52.436306],[59.072846,52.433051],[59.070079,52.42947],[59.05836,52.407294],[59.031261,52.394477],[59.000418,52.385443],[58.97755,52.374579],[58.974376,52.367377],[58.977794,52.361274],[58.982026,52.355902],[58.981212,52.350653],[58.974864,52.346625],[58.959239,52.340603],[58.954031,52.336982],[58.94573,52.326443],[58.940684,52.316677],[58.940522,52.304999],[58.946544,52.289171],[58.925385,52.287543],[58.914643,52.285427],[58.906261,52.281806],[58.897716,52.273871],[58.895274,52.266669],[58.893647,52.259589],[58.875418,52.236436],[58.867605,52.223456],[58.857026,52.213243],[58.833751,52.195746]]}},{"type":"Feature","properties":{"name":"Ural","scalerank":4},"geometry":{"type":"LineString","coordinates":[[58.63087,51.695095],[58.625011,51.607367],[58.627696,51.593451],[58.634532,51.59162],[58.64446,51.592475],[58.655691,51.586615],[58.658376,51.582058],[58.659434,51.577094],[58.659109,51.566107],[58.661713,51.558295],[58.667979,51.556708],[58.674897,51.557237],[58.680268,51.555528],[58.685069,51.551296],[58.695404,51.546576],[58.700694,51.542548],[58.701752,51.538357],[58.699962,51.526557],[58.700694,51.52204],[58.719656,51.491807],[58.724213,51.487331],[58.742931,51.480658],[58.754161,51.463975],[58.759939,51.44184],[58.763276,51.370632],[58.757823,51.335232],[58.740733,51.30744],[58.646576,51.233995],[58.628429,51.22724],[58.603038,51.224799],[58.501882,51.202908],[58.415538,51.199286],[58.398448,51.194119],[58.336925,51.158311],[58.313731,51.152615],[58.267589,51.134833],[58.244884,51.130968],[58.223399,51.123358],[58.210948,51.105251],[58.201915,51.083686],[58.190196,51.065782],[58.167084,51.055447],[58.140147,51.056912],[58.11321,51.065497],[58.090587,51.076361],[58.089285,51.079901],[58.089366,51.085883],[58.08839,51.092231],[58.083751,51.096869],[58.076752,51.098171],[58.001069,51.090033],[57.988048,51.087714],[57.95989,51.077745],[57.949718,51.079454],[57.933604,51.094265],[57.924734,51.09988],[57.911876,51.103705],[57.857188,51.103705],[57.841319,51.106065],[57.795828,51.123562],[57.747325,51.117377],[57.713471,51.105414],[57.703054,51.103705],[57.679291,51.109198],[57.666921,51.122423],[57.656505,51.138251],[57.638682,51.151475],[57.58253,51.165839],[57.454112,51.173285],[57.372081,51.203803],[57.35255,51.214911],[57.333018,51.230292],[57.310964,51.240668],[57.226573,51.247667],[57.20224,51.257432],[57.183197,51.270819],[57.148041,51.305732],[57.12794,51.32099],[57.10491,51.33043],[57.080333,51.335273],[57.004405,51.334255],[56.986908,51.336453],[56.940929,51.34866],[56.902761,51.352729],[56.872976,51.365668],[56.856537,51.370551],[56.840017,51.37287],[56.832774,51.372382],[56.82252,51.370551],[56.816905,51.367865],[56.805756,51.359402],[56.79835,51.35753],[56.493582,51.377468],[56.498627,51.387885],[56.500499,51.397162],[56.498953,51.4053],[56.493582,51.412177],[56.480561,51.418524],[56.470714,51.415107],[56.461029,51.408393],[56.449474,51.404731],[56.311127,51.42182],[56.301768,51.425238],[56.295014,51.431098],[56.279877,51.449286],[56.277436,51.453152],[56.243175,51.465155],[56.214936,51.471503],[56.207286,51.481065],[56.201427,51.492255],[56.191905,51.500922],[56.168224,51.505479],[56.141368,51.506659],[56.119151,51.512722],[56.109955,51.531602],[56.104096,51.538642],[56.090261,51.541815],[56.061697,51.542548],[56.04599,51.544745],[56.032725,51.550645],[56.007498,51.5692],[55.961355,51.623603]]}},{"type":"Feature","properties":{"name":"Yenisey","scalerank":4},"geometry":{"type":"LineString","coordinates":[[89.1338,62.130723],[89.266612,61.96955],[89.270274,61.961697],[89.277192,61.916693],[89.295909,61.899237],[89.469819,61.826728],[89.50294,61.821112],[89.548839,61.819648],[89.569753,61.815375],[89.606619,61.795356],[89.649913,61.790107],[89.664236,61.783555],[89.69044,61.766547],[89.757823,61.743191],[89.78419,61.725531],[89.796153,61.699001],[89.787201,61.677069],[89.771414,61.656073],[89.763113,61.632392],[89.770112,61.596015],[89.79005,61.576036],[89.820567,61.569851],[89.859304,61.574734],[89.967459,61.610663],[90.00351,61.615668],[90.044526,61.61282],[90.176362,61.576443],[90.189708,61.569037],[90.19866,61.558539],[90.201915,61.543402],[90.196218,61.532823],[90.182872,61.520453],[90.167898,61.510118],[90.144542,61.501247],[90.113292,61.479519],[90.098888,61.472276],[89.921397,61.451199],[89.855886,61.427314],[89.824311,61.411241],[89.743093,61.399685],[89.708507,61.382921],[89.691987,61.363308],[89.679128,61.338406],[89.670665,61.311713],[89.667491,61.286689],[89.658132,61.26435],[89.61907,61.2213],[89.612804,61.197333],[89.617442,61.1883],[89.643565,61.152655],[89.644786,61.144395],[89.639903,61.116563],[89.643565,61.104844],[89.658621,61.08515],[89.76767,60.889228],[89.797293,60.847927],[89.823334,60.826606],[89.882904,60.805365],[89.910737,60.789578],[89.996349,60.718126],[90.009532,60.690497],[90.003184,60.667548],[89.990001,60.644965],[89.982839,60.618232],[89.990001,60.593614],[90.025401,60.559841],[90.038097,60.539374],[90.039236,60.526435],[90.033132,60.500434],[90.031261,60.485134],[90.034434,60.473334],[90.04241,60.463568],[90.074962,60.436632],[90.120046,60.416531],[90.174571,60.388536],[90.181651,60.36933],[90.168224,60.361599],[90.082937,60.360867],[90.064708,60.356147],[90.047944,60.344509],[90.056733,60.32746],[90.101085,60.31391],[90.181407,60.299831],[90.216075,60.287706],[90.232595,60.279242],[90.246593,60.26911],[90.263194,60.261298],[90.305675,60.255561],[90.392833,60.208808],[90.641043,60.007676],[90.686941,59.916571],[90.722667,59.87462],[90.774669,59.850165],[90.800385,59.833319],[90.811453,59.809434],[90.805186,59.797431],[90.79184,59.791815],[90.779796,59.783881],[90.777273,59.764757],[90.78297,59.753282],[90.793875,59.74433],[90.86671,59.709052],[90.874034,59.700263],[90.876069,59.697089],[90.880626,59.692816],[90.885183,59.687283],[90.887136,59.679755],[90.885183,59.674018],[90.876069,59.66474],[90.870616,59.647895],[90.855886,59.622748],[90.853038,59.607733],[90.855886,59.59394],[90.862234,59.583564],[90.88087,59.566759],[91.030772,59.472968],[91.148936,59.380194],[91.315359,59.292304],[91.33253,59.277655],[91.343028,59.257636],[91.346446,59.22724],[91.355479,59.191921],[91.378998,59.178046],[91.412039,59.17239],[91.448741,59.161444],[91.526134,59.108832],[91.55185,59.101264],[91.597748,59.0987],[91.620128,59.094306],[91.641205,59.086982],[91.657319,59.077582],[91.665131,59.068549],[91.675955,59.046007],[91.726085,58.990058],[91.740001,58.970282],[91.737885,58.9442],[91.719656,58.920762],[91.71046,58.901638],[91.736257,58.888373],[91.757498,58.888373],[91.825857,58.902045],[91.908376,58.902045],[91.9428,58.897162],[91.973888,58.885037],[92.031749,58.853583],[92.05128,58.839138],[92.078543,58.813829],[92.096121,58.789862],[92.086925,58.77912],[92.069021,58.776313],[92.01116,58.757392],[91.977957,58.753445],[91.96339,58.748806],[91.949718,58.737576],[92.058686,58.715603],[92.080089,58.696601],[92.079682,58.676622],[92.057872,58.637315],[92.052257,58.617458],[92.054861,58.607856],[92.073253,58.573065],[92.077647,58.547309],[92.086843,58.515815],[92.094493,58.50788],[92.124115,58.502021],[92.133881,58.494696],[92.140066,58.484687],[92.142182,58.473741],[92.218761,58.475694],[92.27239,58.470323],[92.298595,58.44953],[92.293875,58.435981],[92.282156,58.428534],[92.272716,58.419623],[92.274994,58.401719],[92.284923,58.391954],[92.300385,58.386583],[92.317556,58.382758],[92.350841,58.370429],[92.390391,58.361151],[92.408376,58.353949],[92.424408,58.344835],[92.429698,58.339708],[92.427826,58.302558],[92.425873,58.291815],[92.427989,58.281806],[92.439138,58.26793],[92.449718,58.261542],[92.485606,58.247423],[92.497813,58.244696],[92.518647,58.235785],[92.555675,58.191962],[92.572846,58.175849],[92.606944,58.161322],[92.737641,58.130154],[92.758718,58.128933],[92.778738,58.133083],[92.810313,58.152452],[92.830333,58.156358],[92.851003,58.156114],[92.900645,58.140245],[92.936046,58.133246],[92.969737,58.122504],[92.998057,58.100124]]}},{"type":"Feature","properties":{"name":"Ob","scalerank":4},"geometry":{"type":"LineString","coordinates":[[83.025401,54.845242],[83.014089,54.820014],[82.996674,54.801052],[82.967784,54.786729],[82.904552,54.755479],[82.815033,54.729804],[82.725597,54.685574],[82.641694,54.635932],[82.542491,54.603298],[82.457042,54.582953],[82.402599,54.551825],[82.346934,54.50373],[82.285167,54.46955],[82.216319,54.441474],[82.074799,54.372748],[82.010265,54.357042],[81.927257,54.341986],[81.853119,54.328559],[81.791433,54.315212],[81.720876,54.270209],[81.677175,54.191677],[81.58782,54.129991],[81.534109,54.104071],[81.41505,54.065985],[81.351329,54.047187],[81.324962,54.026313],[81.308604,53.987006],[81.303315,53.970893],[81.301768,53.938666],[81.312022,53.909857],[81.317963,53.899604],[81.334076,53.885606]]}},{"type":"Feature","properties":{"name":"Ob","scalerank":4},"geometry":{"type":"LineString","coordinates":[[68.856944,61.12405],[68.896983,61.155544],[68.917898,61.167914],[68.937592,61.182929],[69.03297,61.217108],[69.061615,61.222276],[69.090343,61.223171],[69.118256,61.218573],[69.172537,61.194281],[69.201671,61.186347],[69.230968,61.186713],[69.259695,61.198432],[69.316824,61.23253],[69.396495,61.262641],[69.448985,61.295356],[69.467214,61.299872],[69.488048,61.297146],[69.51116,61.2862],[69.554698,61.258572],[69.579031,61.249945],[69.607026,61.249823],[69.633881,61.257636],[69.685802,61.279853],[69.717703,61.287706],[69.74879,61.289008],[69.779796,61.284247],[69.884288,61.241482],[69.910411,61.235053],[70.091563,61.236192],[70.154389,61.244818],[70.35377,61.301215],[70.411876,61.303046],[70.467296,61.290961],[70.513764,61.274726],[70.537364,61.269599],[70.789806,61.271186],[70.81601,61.275173],[70.909434,61.303982],[70.927826,61.304999],[71.07073,61.277371],[71.131928,61.275173],[71.150645,61.266791],[71.162364,61.256456],[71.169851,61.245795],[71.174571,61.23371],[71.180105,61.204047],[71.183849,61.192572],[71.191417,61.184394],[71.205333,61.179389],[71.221772,61.178046],[71.237722,61.180203],[71.25294,61.184923],[71.268158,61.191677],[71.338145,61.236192],[71.364513,61.247382],[71.39796,61.253607],[71.638194,61.25255],[71.654307,61.254259],[71.694753,61.268988],[71.716807,61.273017],[72.161062,61.250271],[72.193614,61.255561],[72.215831,61.26614],[72.25587,61.294745],[72.278575,61.303046],[72.408295,61.306993],[72.440196,61.303534],[72.609467,61.238105],[72.639089,61.232611],[72.671886,61.234687],[72.766694,61.267401],[72.796397,61.272895],[72.826427,61.27265],[72.855398,61.266221],[72.917491,61.237006],[72.952159,61.233425],[72.987397,61.238715],[73.039073,61.252875],[73.057872,61.25495],[73.076752,61.25495],[73.092052,61.252387],[73.098155,61.249132],[73.106375,61.240302],[73.11142,61.236436],[73.11907,61.233466],[73.126069,61.232611],[73.237397,61.235134],[73.322765,61.218573],[73.340261,61.217231],[73.356049,61.218817],[73.387706,61.225531],[73.456716,61.229682],[73.506602,61.237901],[73.522553,61.238471],[73.538259,61.235948],[73.550222,61.231472],[73.584402,61.211859],[73.586029,61.203925],[73.645518,61.186835],[73.675792,61.183539],[73.706391,61.188788],[73.733409,61.203477],[73.758393,61.221462],[73.784272,61.234158],[73.813894,61.232978],[73.995535,61.169013],[74.025971,61.161973],[74.064952,61.158393],[74.106456,61.159044],[74.14739,61.164374],[74.184825,61.174628],[74.217377,61.192654],[74.245372,61.21247],[74.275483,61.223415],[74.313569,61.215033],[74.32545,61.207465],[74.374278,61.155544],[74.382091,61.150092],[74.417979,61.134223],[74.427826,61.132392],[74.439057,61.135769],[74.4428,61.142686],[74.441824,61.152167],[74.439382,61.162706],[74.43808,61.174587],[74.438731,61.189276],[74.442149,61.20307],[74.449229,61.212022],[74.461518,61.213243],[74.566824,61.180243],[74.58782,61.177761],[74.607432,61.180609],[74.661388,61.207139],[74.686615,61.215115],[74.710541,61.216579],[74.734304,61.211982],[74.868337,61.160224],[74.907807,61.152167],[75.039236,61.146186],[75.080658,61.133612],[75.114838,61.116563],[75.132823,61.112372],[75.152273,61.114936],[75.167003,61.122992],[75.195079,61.143337],[75.211925,61.148749],[75.231375,61.147488],[75.396251,61.100165],[75.418224,61.099677],[75.440033,61.101915],[75.480968,61.112372],[75.488292,61.111436],[75.49822,61.105821],[75.50587,61.099473],[75.526459,61.076524],[75.543468,61.061713],[75.580577,61.038153],[75.654877,61.001288],[75.673757,60.995185],[75.709972,60.99787],[75.814464,61.051703],[75.833507,61.054877],[75.852143,61.054145],[75.870697,61.05036],[75.907481,61.038357],[75.924327,61.036566],[76.004649,61.039903],[76.047944,61.034451],[76.057058,61.031684],[76.0796,61.01907],[76.089936,61.016059],[76.120372,61.014472],[76.140229,61.00727],[76.158376,60.994167],[76.173106,60.977484],[76.182384,60.959418],[76.186453,60.947821],[76.190522,60.941189],[76.198009,60.93769],[76.224376,60.934882],[76.28004,60.940131],[76.297374,60.938666],[76.313894,60.933661],[76.37794,60.900743],[76.394216,60.895697],[76.438487,60.895941],[76.51474,60.929023],[76.557384,60.934923],[76.589692,60.92414],[76.674408,60.857856],[76.692963,60.851386],[76.71339,60.849636],[76.753917,60.850409],[76.771495,60.848904],[76.791026,60.844509],[76.807872,60.836127],[76.817882,60.822699],[76.819021,60.81269],[76.818451,60.803819],[76.819265,60.795437],[76.824474,60.786689],[76.83253,60.781114],[76.842459,60.778022],[76.898204,60.77501],[76.909923,60.772528],[76.921397,60.767646],[76.943289,60.75495],[76.974213,60.741726],[77.016124,60.729315],[77.036713,60.726508],[77.123464,60.726182],[77.163097,60.717597],[77.343028,60.638617],[77.375662,60.634589],[77.411388,60.647813],[77.464285,60.679145],[77.478119,60.691474],[77.537852,60.686469],[77.567556,60.67947],[77.619884,60.657009],[77.679698,60.622748],[77.692312,60.617865],[77.706391,60.610053],[77.711843,60.599229],[77.711681,60.567084],[77.718191,60.534003],[77.736339,60.513739],[77.763194,60.501654],[77.85434,60.474636],[77.872081,60.463975],[77.898692,60.441962],[77.913097,60.43244],[77.929128,60.427314],[77.930919,60.419216],[78.01946,60.391181],[78.153901,60.389472],[78.319591,60.415351],[78.384776,60.409247],[78.393972,60.365912],[78.383311,60.350165],[78.369558,60.338975],[78.337494,60.321601],[78.324148,60.311957],[78.315929,60.300564],[78.311046,60.286811],[78.308197,60.270087],[78.3213,60.269395],[78.332286,60.270087],[78.342703,60.273383],[78.353282,60.280544],[78.379812,60.306464],[78.391612,60.312934],[78.415294,60.315863],[78.437022,60.307807],[78.477143,60.278266],[78.498139,60.266669],[78.506602,60.259955],[78.510183,60.250556],[78.502859,60.238837],[78.501231,60.234646],[78.50058,60.224921],[78.503022,60.21955],[78.50823,60.216742],[78.516368,60.214545],[78.528331,60.213324],[78.553396,60.215277],[78.565522,60.213975],[78.576915,60.209784],[78.671397,60.156562],[78.742768,60.126573],[78.759207,60.122016],[78.77239,60.121609],[78.799897,60.126492],[78.864024,60.148057],[78.89267,60.154364],[78.913015,60.150336],[78.921153,60.126166],[78.898529,60.106513],[78.848237,60.080186],[78.845225,60.065863],[78.855724,60.06212],[78.871755,60.064276],[78.902354,60.071845],[78.935964,60.075792],[78.953298,60.075629],[78.973888,60.071804],[78.99822,60.062608],[79.019949,60.04914],[79.031749,60.032172],[78.980072,60.006944],[78.953624,59.990343],[78.938731,59.972235],[78.93808,59.958075],[78.945567,59.949734],[78.969005,59.938056],[78.980398,59.927273],[78.98406,59.916124],[78.983897,59.888739],[78.992768,59.85932],[79.013438,59.845486],[79.070079,59.833523],[79.175548,59.786892],[79.174571,59.766913],[79.16684,59.753485],[79.142589,59.726142],[79.136729,59.702948],[79.146658,59.683458],[79.182628,59.647162],[79.204031,59.615343],[79.211518,59.606879],[79.223399,59.600287],[79.250011,59.596869],[79.262218,59.593085],[79.27296,59.584337],[79.283214,59.57099],[79.291108,59.55622],[79.2942,59.543036],[79.30128,59.541449],[79.315929,59.527777],[79.345876,59.520331],[79.399669,59.513454],[79.422537,59.507839],[79.433442,59.508083],[79.445567,59.511664],[79.472748,59.527859],[79.486827,59.533149],[79.503022,59.531928],[79.519623,59.524929],[79.565847,59.496446],[79.60255,59.484565],[79.614513,59.477851],[79.634369,59.460232],[79.643484,59.449571],[79.649506,59.439276],[79.655284,59.411933],[79.65976,59.400499],[79.670665,59.391628],[79.685476,59.387966],[79.703054,59.387966],[79.736908,59.392198],[79.740326,59.410956],[79.749522,59.424262],[79.764171,59.432685],[79.783621,59.436835],[79.798106,59.436347],[79.841238,59.427436],[79.888438,59.428778],[79.937755,59.421698],[79.953298,59.422065],[80.01588,59.433051],[80.046641,59.441962],[80.060639,59.442939],[80.073985,59.439643],[80.124929,59.406806],[80.167572,59.38699],[80.18157,59.377468],[80.190684,59.365587],[80.171316,59.357611],[80.131602,59.350043],[80.112315,59.343777],[80.097341,59.329779],[80.100108,59.314521],[80.114187,59.300971],[80.132498,59.292589],[80.191905,59.280829],[80.247325,59.255479],[80.26588,59.252997],[80.28655,59.259955],[80.294363,59.265896],[80.323171,59.298936],[80.334239,59.307644],[80.359386,59.321641],[80.383067,59.331122],[80.405772,59.336737],[80.428966,59.338568],[80.475108,59.33336],[80.495372,59.327338],[80.514089,59.318183],[80.530284,59.305121],[80.538015,59.284857],[80.510183,59.253526],[80.508393,59.231147],[80.523041,59.215277],[80.543875,59.213894],[80.566905,59.217068],[80.58839,59.214911],[80.597667,59.210028],[80.605398,59.203803],[80.611339,59.196153],[80.615733,59.187038],[80.620942,59.16824],[80.626069,59.161933],[80.637299,59.158271],[80.641694,59.144558],[80.655528,59.140815],[80.704112,59.146064],[80.715343,59.143093],[80.724539,59.13585],[80.734874,59.124091],[80.745942,59.114285],[80.757416,59.109076],[80.770518,59.1081],[80.804454,59.114366],[80.818451,59.113878],[80.83074,59.108222],[80.843761,59.096462],[80.86671,59.080634],[80.895518,59.072292],[80.95574,59.068427],[80.987804,59.07038],[81.018972,59.077216],[81.033702,59.084052],[81.042572,59.093451],[81.047944,59.105902],[81.055919,59.133124],[81.060476,59.139268],[81.066987,59.141954],[81.192149,59.152045],[81.20574,59.148953],[81.223562,59.132148],[81.24464,59.090033],[81.266531,59.080634],[81.268077,59.073554],[81.408376,59.024522],[81.411876,59.012803],[81.416433,59.002631],[81.418061,58.991767],[81.413666,58.978095],[81.407237,58.967597],[81.403087,58.958848],[81.405284,58.950873],[81.417491,58.942491],[81.431163,58.939073],[81.445242,58.940456],[81.472585,58.94831],[81.49822,58.952501],[81.511729,58.952704],[81.524913,58.951361],[81.538829,58.922716],[81.522472,58.903835],[81.500906,58.886786],[81.49879,58.864122],[81.521658,58.846991],[81.624604,58.824083],[81.643158,58.800482],[81.624441,58.780788],[81.589285,58.767279],[81.558523,58.762152],[81.524425,58.760281],[81.508556,58.753933],[81.50172,58.740546],[81.507823,58.726833],[81.522878,58.720771],[81.540619,58.719794],[81.586518,58.724066],[81.601085,58.721951],[81.652761,58.697943],[81.666026,58.694037],[81.681163,58.691596],[81.694347,58.69241],[81.704275,58.698554],[81.709727,58.712226],[81.71046,58.742499],[81.716563,58.751817],[81.733897,58.752794],[81.761729,58.738105],[81.794037,58.690619],[81.820811,58.678656],[81.836925,58.680121],[81.868337,58.689317],[81.884695,58.690009],[81.899913,58.684923],[81.907481,58.675849],[81.908214,58.663764],[81.902599,58.649685],[81.892589,58.631171],[81.887706,58.614366],[81.8921,58.599229],[81.910411,58.585476],[81.942475,58.577826],[82.038097,58.590684],[82.127371,58.584052],[82.154796,58.573106],[82.163503,58.566759],[82.171153,58.559027],[82.176362,58.551947],[82.177257,58.548529],[82.176036,58.545111],[82.174734,58.529893],[82.174815,58.524115],[82.177664,58.518907],[82.184825,58.512397],[82.192556,58.507595],[82.200287,58.505194],[82.247,58.501654],[82.259776,58.496649],[82.271007,58.486884],[82.295909,58.453803],[82.306733,58.444892],[82.322032,58.438259],[82.358002,58.432074],[82.405284,58.430772],[82.426362,58.422675],[82.4345,58.421413],[82.419444,58.391954],[82.414154,58.375678],[82.416433,58.361518],[82.434581,58.351426],[82.459972,58.356553],[82.504487,58.377875],[82.546641,58.383572],[82.579682,58.367947],[82.63974,58.312934],[82.659434,58.301947],[82.678152,58.298936],[82.697032,58.301866],[82.74114,58.31391],[82.835053,58.310736],[82.938569,58.318712],[82.958588,58.316107],[82.975352,58.307237],[82.983165,58.290961],[82.972179,58.278388],[82.935964,58.260077],[82.921397,58.245225],[82.918956,58.230251],[82.926036,58.214911],[82.962494,58.173448],[82.975597,58.162706],[82.991303,58.155707],[83.022227,58.150946],[83.032237,58.148139],[83.041108,58.143907],[83.065929,58.128852],[83.102631,58.125596],[83.148692,58.129706],[83.19101,58.126044],[83.216075,58.099433],[83.216807,58.082221],[83.213634,58.065538],[83.212576,58.049425],[83.220307,58.033393],[83.255382,58.003282],[83.264659,57.98904],[83.275971,57.961453],[83.28183,57.95307],[83.290945,57.945095],[83.311453,57.932074],[83.320404,57.92418],[83.32724,57.905341],[83.31544,57.86872],[83.321056,57.851752],[83.330089,57.845893],[83.364268,57.837917],[83.373627,57.832953],[83.381277,57.826728],[83.439708,57.7508],[83.511648,57.735785],[83.563894,57.715033],[83.578543,57.71308],[83.623057,57.711941],[83.664236,57.702989],[83.696788,57.704128],[83.786388,57.742214],[83.846934,57.752143],[83.872162,57.744574],[83.879893,57.716498],[83.868663,57.68948],[83.846202,57.666449],[83.792979,57.63288],[83.795339,57.616156],[83.810802,57.606879],[83.846121,57.599677],[83.858979,57.592353],[83.867198,57.579413],[83.872,57.56391],[83.874278,57.548651],[83.87379,57.532538],[83.871755,57.517768],[83.872569,57.504584],[83.880626,57.492499],[83.887787,57.487128],[83.895437,57.482978],[83.911876,57.476833],[83.937999,57.472683],[83.944265,57.469835],[83.947846,57.461005],[83.948009,57.420233],[83.944591,57.39879],[83.93808,57.375556],[83.938731,57.355984],[83.956635,57.34516],[83.981863,57.340155],[84.00172,57.331244],[84.014171,57.315538],[84.016775,57.289578],[84.036225,57.289984],[84.073009,57.298529],[84.091726,57.300564],[84.109955,57.297919],[84.128347,57.291531],[84.182872,57.262641],[84.204845,57.253852],[84.228038,57.247911],[84.251394,57.245632],[84.333914,57.253607],[84.350597,57.249823],[84.367442,57.241034],[84.38087,57.228135],[84.387136,57.212348],[84.383556,57.196479],[84.373057,57.183051],[84.360444,57.1706],[84.350352,57.157579],[84.344656,57.143866],[84.345876,57.137234],[84.353282,57.136746],[84.386485,57.14822],[84.406342,57.152411],[84.426687,57.153428],[84.44752,57.151068],[84.464773,57.136501],[84.453298,57.112982],[84.412527,57.071885],[84.396983,57.044216],[84.394216,57.01142],[84.401459,56.97838],[84.43629,56.910712],[84.443858,56.869167],[84.43808,56.827094],[84.418468,56.786322],[84.389659,56.752997],[84.354015,56.725043],[84.204275,56.64822],[84.185964,56.62995],[84.175141,56.608832],[84.160085,56.563178],[84.146576,56.543891],[84.130463,56.533759],[84.094168,56.523749],[84.076752,56.516384],[84.062755,56.502265],[84.058604,56.486355],[84.059581,56.448676],[84.057709,56.438422],[84.054617,56.432563],[84.043224,56.421698],[84.034923,56.406195],[84.03712,56.392198],[84.046153,56.379014],[84.057872,56.365831],[84.067556,56.351671],[84.0713,56.337836],[84.067556,56.32453],[84.054779,56.312283],[84.030528,56.300971],[84.019949,56.293891],[84.013194,56.282253],[84.011485,56.265326],[84.013764,56.244086],[84.019542,56.223578],[84.027843,56.208848],[84.011729,56.194119],[83.972667,56.13996],[83.9546,56.12755],[83.906993,56.106391],[83.890717,56.092149],[83.886729,56.074652],[83.89088,56.058132],[83.892507,56.040839],[83.865733,55.999823],[83.861095,55.978949],[83.86378,55.957465],[83.878184,55.910834],[83.880056,55.892401],[83.874766,55.875271],[83.859955,55.855658],[83.795095,55.797309],[83.772227,55.783393],[83.722585,55.766059],[83.70224,55.752997],[83.653087,55.705268],[83.643647,55.688096],[83.644054,55.677191],[83.648448,55.666449],[83.654877,55.657172],[83.661143,55.650214],[83.665619,55.639838],[83.66155,55.630316],[83.654714,55.62226],[83.651134,55.616075],[83.642019,55.603827],[83.597748,55.573676],[83.537527,55.54324],[83.432058,55.510443],[83.329275,55.497423],[83.305919,55.488837],[83.265066,55.455268],[83.24171,55.442003],[83.216726,55.432685],[83.191905,55.427436],[83.134288,55.427029],[83.028575,55.445828],[82.972179,55.447862],[82.922374,55.439032],[82.881277,55.419704],[82.859874,55.388739],[82.86964,55.345486],[82.879812,55.326361],[82.885916,55.309516],[82.889171,55.292548],[82.890147,55.273505],[82.888764,55.264757],[82.883556,55.24787],[82.883311,55.235622],[82.886485,55.226264],[82.891775,55.216376],[82.896251,55.205878],[82.896414,55.194648],[82.872976,55.163275],[82.838634,55.137397],[82.817882,55.107611],[82.835541,55.064276],[82.84962,55.052924],[82.870372,55.041856],[82.893321,55.033515],[82.914073,55.030219],[82.934255,55.023301],[82.993175,54.975531],[83.028819,54.963243],[83.054617,54.946601],[83.062755,54.938341],[83.058116,54.934597],[83.050141,54.923367],[83.025401,54.845242]]}},{"type":"Feature","properties":{"name":"Ob","scalerank":4},"geometry":{"type":"LineString","coordinates":[[85.056163,52.433621],[85.041515,52.432563],[84.98463,52.443061],[84.929128,52.446845],[84.901134,52.444607],[84.829845,52.426378],[84.433442,52.417914],[84.227306,52.367255],[84.110281,52.320339],[84.089366,52.316474],[84.070811,52.320258],[84.016531,52.338243],[83.745128,52.376899],[83.731537,52.389106],[83.721934,52.433458],[83.685313,52.48786],[83.677175,52.526435],[83.685313,52.659125],[83.675141,52.714708],[83.675141,52.724311],[83.682546,52.736151],[83.696381,52.77501],[83.698822,52.789496],[83.69573,52.803412],[83.687592,52.817654],[83.668224,52.840684],[83.653819,52.851915],[83.646658,52.859565],[83.636322,52.89643],[83.6338,52.902452],[83.636729,52.907782],[83.636974,52.971503],[83.643647,53.018866],[83.650076,53.02851],[83.691417,53.070014],[83.69337,53.078884],[83.691824,53.088324],[83.692149,53.097357],[83.698822,53.104804],[83.708751,53.104804],[83.720714,53.0987],[83.740489,53.083686],[83.764903,53.102851],[83.796967,53.105902],[83.829845,53.1046],[83.856537,53.111029],[83.828298,53.159125],[83.835704,53.171088],[83.870942,53.179877],[83.810476,53.2213],[83.805105,53.228339],[83.784679,53.237169],[83.781668,53.257676],[83.787852,53.280544],[83.795095,53.296576],[83.801768,53.305772],[83.817312,53.322537],[83.822358,53.330105],[83.824636,53.365831],[83.825776,53.371649],[83.830007,53.377387],[83.83074,53.38996],[83.829275,53.409532],[83.821544,53.413845],[83.774669,53.40644],[83.749766,53.41413],[83.728282,53.441474],[83.709076,53.447374],[83.630382,53.433702],[83.438894,53.429023],[83.383067,53.433702],[83.337413,53.448554],[83.312511,53.460232],[83.290945,53.483832],[83.177013,53.525662],[83.154063,53.52497],[83.134044,53.480577],[83.110037,53.471137],[83.054698,53.467882],[82.981375,53.443305],[82.951915,53.439968],[82.900076,53.443183],[82.876475,53.441921],[82.824636,53.425564],[82.803233,53.421251],[82.756765,53.419501],[82.744558,53.4206],[82.719493,53.425808],[82.705496,53.426947],[82.660574,53.419298],[82.643891,53.419501],[82.596283,53.428738],[82.54713,53.443793],[82.499766,53.463935],[82.4581,53.488349],[82.450857,53.495063],[82.437104,53.511257],[82.430919,53.516303],[82.417572,53.520331],[82.391205,53.525336],[82.379649,53.532782],[82.372569,53.550076],[82.383067,53.585639],[82.376231,53.604438],[82.357514,53.616156],[82.293875,53.64289],[82.28004,53.642646],[82.275076,53.648953],[82.263682,53.651923],[82.221446,53.652696],[82.218028,53.65412],[82.220225,53.659857],[82.219249,53.672716],[82.206065,53.700263],[82.190522,53.710028],[82.143484,53.708075],[82.13087,53.704861],[82.116954,53.698513],[82.103526,53.694281],[82.092296,53.697577],[82.088634,53.708441],[82.105479,53.725775],[82.10255,53.735419],[82.084076,53.739325],[81.910248,53.737331],[81.882823,53.741645],[81.87322,53.745469],[81.854747,53.7567],[81.848643,53.762071],[81.842459,53.771837],[81.836925,53.791205],[81.831391,53.799994],[81.819835,53.805365],[81.809581,53.801134],[81.800141,53.793891],[81.790294,53.790066],[81.672781,53.792833],[81.641694,53.79031],[81.619395,53.779812],[81.599539,53.775173],[81.448741,53.782416],[81.408132,53.793321],[81.377045,53.81977],[81.337494,53.881619],[81.334076,53.885606]]}},{"type":"Feature","properties":{"name":"Tuotuo","scalerank":1},"geometry":{"type":"LineString","coordinates":[[90.794688,34.300401],[90.841807,34.303656],[90.923269,34.327012],[91.066498,34.341376],[91.090831,34.338324],[91.127533,34.324164],[91.151541,34.320909],[91.21933,34.32453],[91.259858,34.316596],[91.305186,34.301296],[91.322276,34.290798],[91.340424,34.285102],[91.391694,34.293484],[91.414643,34.294216],[91.425304,34.291205],[91.444835,34.283271],[91.456391,34.280544],[91.468435,34.280626],[91.500662,34.28738],[91.704845,34.256537],[91.750499,34.259467],[91.792735,34.270697],[91.811534,34.268175],[91.819428,34.249538],[91.824229,34.228461],[91.836681,34.215928],[91.874034,34.198025],[91.939871,34.153266],[91.97755,34.136542],[92.017996,34.136542],[92.030528,34.13996],[92.035167,34.142279],[92.057546,34.179023],[92.064952,34.18769],[92.09905,34.19713],[92.116303,34.211127],[92.131847,34.227078],[92.148448,34.238959],[92.167003,34.245063],[92.191824,34.249823],[92.216319,34.250027],[92.233979,34.242703],[92.325857,34.238959],[92.511485,34.211697],[92.560639,34.212836],[92.58546,34.210313],[92.604015,34.201117],[92.631277,34.174099],[92.639578,34.162787],[92.644135,34.13996],[92.648692,34.129096],[92.680593,34.100938],[92.722585,34.087226],[92.813243,34.081326],[92.839285,34.082953],[92.886485,34.092637],[92.992768,34.100287]]}},{"type":"Feature","properties":{"name":"Pechora","scalerank":4},"geometry":{"type":"LineString","coordinates":[[56.782807,62.008165],[56.8095,61.961778],[56.812266,61.958319],[56.822032,61.953925],[56.822032,61.943793],[56.815684,61.92414],[56.817556,61.905788],[56.819916,61.900417],[56.825857,61.893134],[56.834239,61.885932],[56.842784,61.879991],[56.850515,61.87287],[56.856537,61.862128],[56.84726,61.851345],[56.836355,61.832709],[56.8296,61.812527],[56.832774,61.796902],[56.855724,61.78852],[56.884695,61.795966],[56.913259,61.808376],[56.935802,61.814968],[56.996023,61.806342],[57.03004,61.795478],[57.042247,61.780137],[57.026459,61.771511],[56.961436,61.761298],[56.939138,61.752224],[56.962169,61.739936],[56.987234,61.729844],[57.013764,61.724392],[57.042247,61.725531],[57.067963,61.736029],[57.080007,61.737331],[57.124766,61.705105],[57.147716,61.694648],[57.172862,61.691514],[57.19866,61.697537],[57.223155,61.714667],[57.239268,61.72252],[57.252371,61.716417],[57.268158,61.697618],[57.282481,61.690945],[57.295909,61.688259],[57.309174,61.688503],[57.472341,61.715399],[57.640229,61.770331],[57.689382,61.802354],[57.704356,61.809841],[57.7199,61.814968],[57.735362,61.817328],[57.745046,61.816026],[57.767833,61.80744],[57.794851,61.80154],[57.831472,61.79796],[57.86378,61.803534],[57.877696,61.82453],[57.911388,61.856147],[57.925304,61.876532],[57.911876,61.889431],[57.926362,61.911078],[57.927664,61.92121],[57.927745,61.930854],[57.925548,61.930365],[57.922944,61.929226],[57.920502,61.933173],[57.918956,61.939236],[57.919363,61.944037],[57.924327,61.949164],[57.937104,61.95185],[57.939708,61.954901],[57.953868,61.967841],[58.128835,62.013617]]}},{"type":"Feature","properties":{"name":"Pechora","scalerank":4},"geometry":{"type":"LineString","coordinates":[[58.676199,62.011176],[58.70696,61.999294],[58.719493,61.989854],[58.729015,61.98078],[58.739838,61.975653],[58.755626,61.978217],[58.790294,61.99494],[58.80714,62.005968]]}},{"type":"Feature","properties":{"name":"Kolyma","scalerank":4},"geometry":{"type":"LineString","coordinates":[[146.030284,61.806749],[145.997325,61.806464],[145.981537,61.808702],[145.967296,61.816962],[145.941335,61.838935],[145.926768,61.847276],[145.86671,61.86933],[145.762299,61.894599],[145.680919,61.890082],[145.605561,61.899237],[145.436534,61.878119],[145.398367,61.865017],[145.23821,61.854763],[145.215912,61.855821]]}},{"type":"Feature","properties":{"name":"Nmai","scalerank":4},"geometry":{"type":"LineString","coordinates":[[97.983165,28.424994],[97.993663,28.420356],[98.020274,28.422065],[98.030935,28.417833],[98.054454,28.396593],[98.061615,28.387071],[98.077078,28.321112],[98.085948,28.311387],[98.100515,28.305284],[98.150971,28.263617],[98.161143,28.259467],[98.183116,28.253689],[98.192149,28.249945],[98.201671,28.240505],[98.208995,28.229193],[98.217296,28.219753],[98.230235,28.215766],[98.235606,28.212226],[98.24464,28.193223],[98.250662,28.184434],[98.26295,28.176052],[98.274099,28.173285],[98.285167,28.171902],[98.295665,28.167344],[98.297455,28.163764],[98.315522,28.140082],[98.322195,28.110419],[98.331716,28.092475],[98.330333,28.082628],[98.325206,28.074083],[98.319347,28.068061],[98.311127,28.05683],[98.312511,28.046658],[98.318126,28.03616],[98.323009,28.023993],[98.325613,27.981513],[98.329275,27.96129],[98.339773,27.944892],[98.34433,27.928778],[98.329845,27.859565],[98.327159,27.823594],[98.330333,27.803778],[98.3449,27.778632],[98.346934,27.767279],[98.345144,27.755805],[98.339773,27.746609],[98.33253,27.736925],[98.320893,27.715277],[98.315522,27.708075],[98.30071,27.697211],[98.295665,27.695095],[98.279389,27.709011],[98.266124,27.697374],[98.25294,27.677558],[98.237071,27.6671],[98.171479,27.652777],[98.150971,27.659695],[98.139415,27.678331],[98.130626,27.703803],[98.119233,27.726345],[98.099864,27.736029],[98.059093,27.734158],[98.03712,27.730048],[98.021414,27.722357],[98.019542,27.696885],[98.046967,27.604315],[98.061615,27.57156],[98.080333,27.544949],[98.086925,27.529364],[98.091238,27.483507],[98.09547,27.462429],[98.102061,27.443549],[98.110037,27.426866],[98.186615,27.319159],[98.205658,27.276679],[98.215831,27.230251],[98.227794,27.209988],[98.250662,27.201606],[98.302013,27.146999],[98.339773,27.070624],[98.34962,27.060004],[98.357351,27.03559],[98.364024,26.989325],[98.357188,26.910224],[98.359874,26.88821],[98.373057,26.847357],[98.377533,26.824815],[98.377859,26.787543],[98.370046,26.757636],[98.354991,26.731269],[98.333018,26.704698],[98.341889,26.642117],[98.337006,26.603217],[98.309255,26.591417],[98.313731,26.57038],[98.305675,26.549506],[98.294037,26.528103],[98.288178,26.505479],[98.280935,26.442898],[98.280284,26.428494],[98.281342,26.413357],[98.28419,26.403673],[98.293712,26.380968],[98.295665,26.372382],[98.292247,26.361111],[98.278331,26.345404],[98.275076,26.334499],[98.27296,26.313666],[98.116954,25.892524],[98.086925,25.863634],[98.076182,25.84337],[98.034272,25.789578],[98.009532,25.767646],[97.944428,25.725531],[97.871023,25.659125],[97.863048,25.649604],[97.855398,25.637274],[97.817149,25.598334],[97.802257,25.590888],[97.800304,25.594591],[97.781342,25.61286],[97.774343,25.618232],[97.750662,25.623155],[97.739024,25.627509],[97.733897,25.635565],[97.72934,25.655219],[97.717865,25.677029],[97.704112,25.696112],[97.692393,25.707587],[97.667979,25.715196],[97.615652,25.707831],[97.589366,25.707587],[97.537039,25.717637],[97.508556,25.715847],[97.486339,25.700751]]}},{"type":"Feature","properties":{"name":"Nanpan","scalerank":4},"geometry":{"type":"LineString","coordinates":[[103.921641,25.878933],[103.912364,25.859483],[103.874766,25.837836],[103.866303,25.813747],[103.873139,25.794013],[103.875011,25.781073],[103.870128,25.775255],[103.860444,25.772488],[103.852631,25.76789],[103.844168,25.766913],[103.832286,25.775255],[103.832286,25.697048],[103.83546,25.69184],[103.842459,25.686306],[103.849539,25.679267],[103.852631,25.669745],[103.849132,25.658149],[103.841075,25.652899],[103.832286,25.650214],[103.826101,25.646186],[103.819916,25.62405],[103.827729,25.608344],[103.839854,25.593451],[103.845876,25.573839],[103.849132,25.56863],[103.86321,25.558417],[103.866303,25.553046],[103.861908,25.295966],[103.86907,25.281317],[103.883718,25.27558],[103.895437,25.263983],[103.88795,25.23782],[103.872325,25.210069],[103.859467,25.193671],[103.84547,25.185492],[103.818858,25.176703],[103.804861,25.165717],[103.795909,25.151638],[103.788666,25.135932],[103.780935,25.123358],[103.770112,25.118598],[103.770112,25.111151],[103.778575,25.107611],[103.782725,25.103339],[103.78419,25.097113],[103.784434,25.08751],[103.780935,25.08336],[103.772634,25.083564],[103.763438,25.084784],[103.75644,25.083808],[103.708751,25.046454],[103.701915,25.039415],[103.69573,25.03144],[103.681407,25.023505],[103.664236,25.017361],[103.632823,25.010199],[103.585867,24.973944],[103.566742,24.98253],[103.552338,24.974962],[103.539236,24.96015],[103.523692,24.946641],[103.507904,24.941107],[103.464366,24.934272],[103.427338,24.932929],[103.423106,24.937934],[103.426362,24.95071],[103.428152,24.973944],[103.422455,24.995429],[103.41155,25.001288],[103.396902,25.005683],[103.380382,25.022325],[103.355968,25.01085],[103.316417,25.00849],[103.276134,25.013129],[103.249441,25.022325],[103.231293,25.005154],[103.207774,24.987982],[103.186453,24.981147],[103.174327,24.995063],[103.164561,24.984076],[103.161632,24.973253],[103.163503,24.961249],[103.167491,24.946641],[103.169688,24.944037],[103.174083,24.941759],[103.178396,24.938503],[103.181163,24.932969],[103.181163,24.925157],[103.162364,24.866278],[103.160655,24.85102],[103.161632,24.844835],[103.166515,24.834255],[103.167491,24.830593],[103.165131,24.822618],[103.15325,24.80329],[103.145518,24.804511],[103.12794,24.776679],[103.10906,24.76911],[103.085867,24.764594],[103.073171,24.752468],[103.038097,24.674018],[103.032319,24.654568],[103.030284,24.627875],[103.032237,24.606798],[103.038503,24.58454],[103.049083,24.566026],[103.064464,24.55622],[103.075125,24.556749],[103.080577,24.562038],[103.084972,24.567816],[103.092296,24.569892],[103.10377,24.56684],[103.114675,24.560329],[103.120209,24.550849],[103.109874,24.519884],[103.112397,24.471991],[103.105398,24.453192],[103.09669,24.449246],[103.073253,24.445909],[103.064464,24.439521],[103.058686,24.427273],[103.060476,24.418972],[103.06837,24.414333],[103.081716,24.412869],[103.089854,24.401882],[103.092296,24.329657],[103.098237,24.32156],[103.10434,24.317939],[103.109386,24.313544],[103.112804,24.303005],[103.111339,24.292426],[103.101085,24.268744],[103.098562,24.258328],[103.098888,24.235907],[103.10198,24.226671],[103.117279,24.207302],[103.120209,24.199774],[103.122081,24.191718],[103.126475,24.18004],[103.130951,24.174628],[103.143565,24.164008],[103.146983,24.158393],[103.146251,24.14822],[103.135916,24.131659],[103.133311,24.121121],[103.125255,24.056098],[103.126475,24.035468],[103.129405,24.025824],[103.134044,24.017686],[103.145518,24.00377],[103.151134,23.997016],[103.155935,23.989447],[103.159434,23.98078],[103.16212,23.947292],[103.174327,23.891466],[103.173106,23.848212],[103.177257,23.825548],[103.191742,23.815741],[103.211436,23.810411],[103.230479,23.80036],[103.249766,23.794623],[103.270518,23.802069],[103.277192,23.812201],[103.285167,23.840888],[103.291026,23.850531],[103.300222,23.854804],[103.36907,23.859971],[103.434255,23.88463],[103.545909,23.878974],[103.602306,23.888699],[103.598888,23.925605],[103.620616,23.96072],[103.630056,23.981147],[103.634288,23.997626],[103.626882,24.014757],[103.591401,24.04503],[103.578298,24.062771],[103.574799,24.087673],[103.583507,24.105821],[103.616222,24.134467],[103.627371,24.148627],[103.632091,24.156684],[103.638764,24.175401],[103.649669,24.181342],[103.674571,24.186306],[103.733409,24.204535],[103.753022,24.206732],[103.764171,24.206732],[103.774425,24.208279],[103.781668,24.213324],[103.784434,24.224189],[103.786225,24.238471],[103.791108,24.246527],[103.797537,24.252875],[103.804861,24.26203],[103.813975,24.286811],[103.818614,24.295518],[103.836843,24.315131],[103.839773,24.319688],[103.846202,24.34162],[103.861746,24.357693],[103.894216,24.378038],[103.914236,24.397895],[103.933442,24.421332],[103.95517,24.44184],[103.983653,24.453192],[104.004487,24.454372],[104.018565,24.451524],[104.05128,24.439521],[104.067556,24.438096],[104.083588,24.441352],[104.112804,24.453192],[104.146251,24.471788],[104.197846,24.512274],[104.229503,24.528917],[104.243337,24.532172],[104.291515,24.535102],[104.304454,24.539618],[104.352957,24.562445],[104.372162,24.570746],[104.381602,24.58336],[104.393972,24.617703],[104.401134,24.627509],[104.412364,24.636583],[104.470225,24.669949],[104.511729,24.718329],[104.537364,24.741156],[104.555756,24.745307],[104.582123,24.72838],[104.630056,24.682807],[104.640147,24.676622],[104.654552,24.671251],[104.670502,24.667507],[104.685069,24.666083],[104.694916,24.661689],[104.717459,24.63996],[104.729096,24.631374],[104.746349,24.646267],[104.762787,24.664333],[104.780772,24.679551],[104.801768,24.685899],[104.825125,24.688178],[104.840831,24.694892],[104.851573,24.705756],[104.876475,24.75495],[104.889415,24.765326],[104.931733,24.771064],[104.973643,24.782579],[104.999522,24.793036],[105.006358,24.794786],[105.012218,24.797431],[105.018321,24.80329],[105.024099,24.814521],[105.03004,24.838324],[105.038992,24.855048],[105.0442,24.879665],[105.045014,24.888617],[105.047862,24.895331],[105.066824,24.912543],[105.099864,24.95421],[105.110281,24.960273],[105.119558,24.962429],[105.139171,24.971788],[105.15089,24.973944],[105.163585,24.978787],[105.177013,25.001329],[105.188487,25.008734],[105.205658,25.003852],[105.228608,24.988878],[105.248627,24.970974],[105.267019,24.938096],[105.289073,24.933132],[105.314138,24.935818],[105.332449,24.940456],[105.360444,24.953315],[105.380463,24.957058],[105.39796,24.950059],[105.413585,24.940456],[105.430675,24.934027],[105.444021,24.923529],[105.457774,24.866319],[105.478933,24.837185],[105.508393,24.81741],[105.541921,24.810085],[105.580089,24.812323],[105.593028,24.810655],[105.607432,24.80329],[105.636241,24.784125],[105.654796,24.780626],[105.675141,24.789618],[105.728282,24.753241],[105.760346,24.742784],[105.787527,24.715644],[105.805431,24.707058],[105.82545,24.70893],[105.851736,24.729315],[105.870616,24.734402],[105.89796,24.733344],[105.916108,24.728624],[105.931407,24.718329],[106.000906,24.648383],[106.020437,24.641872],[106.036143,24.654731],[106.059255,24.693427],[106.083751,24.715196],[106.150808,24.759711],[106.175955,24.782172],[106.199148,24.829779],[106.198334,24.876736],[106.181244,24.920925],[106.155365,24.960273],[106.16741,24.964545],[106.176524,24.962429],[106.185639,24.959255],[106.197032,24.960273],[106.203624,24.965603],[106.207774,24.972683],[106.213878,24.978787],[106.227143,24.981391],[106.306244,24.981391],[106.370372,25.00434],[106.380789,25.011786],[106.456554,25.035997],[106.504405,25.071316],[106.515147,25.076972],[106.586843,25.104315],[106.61671,25.126899],[106.640391,25.15294],[106.666515,25.173407],[106.704112,25.179389],[106.784923,25.179714],[106.885753,25.196885],[106.889089,25.199286],[106.895274,25.206732],[106.900076,25.216498],[106.904796,25.240098],[106.908946,25.248318],[106.923595,25.254828],[106.944428,25.256171],[106.962983,25.25019],[106.97047,25.234646]]}},{"type":"Feature","properties":{"name":"Lena","scalerank":1},"geometry":{"type":"LineString","coordinates":[[129.874522,62.003201],[129.863699,61.966417],[129.837983,61.942816],[129.761811,61.903022],[129.744233,61.89114],[129.728282,61.872016],[129.716726,61.848578],[129.708018,61.803046],[129.697276,61.788398],[129.563243,61.674628],[129.534109,61.656521],[129.329194,61.580634],[129.301524,61.562079],[129.259776,61.526923],[129.215587,61.499213],[128.59669,61.264431],[128.543468,61.257595],[128.133067,61.270819],[127.173106,61.09866],[126.669851,61.116563],[126.515229,61.074164],[126.205658,61.055609],[126.157644,61.046413],[126.126964,61.02912],[126.106049,61.011054],[125.772878,60.890082],[125.735281,60.883328],[125.663829,60.882148],[125.633718,60.873562],[125.600678,60.85989],[125.028087,60.770209],[124.994884,60.757636],[124.895518,60.704657],[124.858816,60.694159],[124.344737,60.668728],[124.310802,60.659125],[124.253917,60.623358],[124.102957,60.579535],[124.081065,60.576239],[124.060151,60.576972],[123.997081,60.586493],[123.89796,60.587917],[123.800792,60.604071],[122.443126,60.563259],[122.21339,60.59337],[121.76767,60.575059],[121.729096,60.57807],[121.688243,60.587348],[121.505056,60.652859],[121.310476,60.664984],[121.197358,60.651964],[120.715831,60.494452],[120.693614,60.479193],[120.674897,60.456407],[120.661388,60.430935],[120.653819,60.406684]]}},{"type":"Feature","properties":{"name":"Lena","scalerank":1},"geometry":{"type":"LineString","coordinates":[[120.648448,60.403428],[120.627371,60.395819],[120.605968,60.39171],[120.516368,60.389716],[120.429291,60.377265],[120.387218,60.377468],[120.286225,60.398261],[120.261485,60.399441],[120.241791,60.393744],[120.226573,60.380683],[120.203543,60.342149],[120.189545,60.331163],[120.134288,60.308905],[120.099213,60.285183],[120.083344,60.271674],[120.046886,60.232286],[120.032156,60.223171],[120.011729,60.217556],[119.967377,60.214911],[119.92685,60.218329],[119.871755,60.234198],[119.542491,60.273993],[119.500499,60.272528],[119.461192,60.263943],[119.289073,60.179511],[119.132498,60.030341],[119.085541,59.998236],[119.035248,59.973944],[119.006602,59.964382],[118.982188,59.959337],[118.961925,59.959784],[118.943451,59.956],[118.931814,59.955593],[118.891124,59.960801],[118.775971,59.952012],[118.728526,59.940456],[118.705658,59.92475],[118.637625,59.892686],[118.600597,59.869412],[118.579845,59.861762],[118.550873,59.857611],[118.53712,59.854031],[118.524343,59.846869],[118.515147,59.836941],[118.509044,59.825141],[118.495372,59.786689],[118.488048,59.774482],[118.478933,59.763617],[118.468028,59.754747],[118.459727,59.750678],[118.274018,59.714789],[118.226085,59.718533],[118.019542,59.779364],[117.949799,59.816962],[117.924897,59.82628],[117.720144,59.868109],[117.399018,59.990994],[117.389089,59.997504],[117.361501,60.02265],[117.351492,60.029079],[117.313731,60.04267],[117.170909,60.076972],[117.142182,60.092963],[117.125418,60.117296],[117.120697,60.130805],[117.115001,60.141669],[117.107432,60.15119],[117.087413,60.169989],[117.046479,60.229682],[117.030935,60.27501],[117.024099,60.285712],[117.004649,60.306098],[116.92628,60.365912],[116.843191,60.405951],[116.732351,60.433783],[116.626964,60.448798],[116.522878,60.480821],[116.15504,60.536078],[116.147472,60.538357],[116.122081,60.551947],[116.105235,60.567939],[116.100352,60.570258],[116.096121,60.576606],[116.087413,60.581855],[116.07724,60.585517],[115.965261,60.597195],[115.948253,60.603054],[115.934093,60.613634],[115.91155,60.639594],[115.898529,60.651313],[115.833018,60.690985],[115.756928,60.72602],[115.733653,60.741807],[115.725108,60.746039],[115.710053,60.751044],[115.703054,60.754462],[115.697276,60.759792],[115.695079,60.763617],[115.69337,60.767646],[115.691417,60.771267],[115.687918,60.774034],[115.681407,60.775906],[114.967214,60.77143],[114.837901,60.739854],[114.823253,60.73196],[114.818777,60.727891],[114.81129,60.718858],[114.80714,60.714789],[114.799815,60.710273],[114.761485,60.697292],[114.714122,60.668769],[114.708018,60.666693],[114.701589,60.666042],[114.683116,60.668728],[114.676524,60.668402],[114.668549,60.665839],[114.381114,60.45539],[114.286225,60.34516],[114.191824,60.269599],[114.175955,60.262641],[114.128429,60.256456],[114.095225,60.245673],[114.021495,60.243232],[113.989513,60.237372],[113.974132,60.231391],[113.933686,60.203925],[113.916026,60.187201],[113.885753,60.150255],[113.867686,60.133653],[113.706554,60.031195],[113.696788,60.022732],[113.691417,60.015977],[113.68214,60.001654],[113.67628,59.995307],[113.367931,59.804999],[113.30128,59.790351],[113.278412,59.788153],[113.242279,59.775743],[113.225597,59.772813],[113.219737,59.771064],[113.170828,59.74905],[113.022472,59.706732],[112.992198,59.703315],[112.898041,59.708564],[112.875906,59.707099],[112.854747,59.702012],[112.836681,59.69123],[112.82366,59.672553],[112.813894,59.644965],[112.792898,59.604031],[112.779307,59.589789],[112.761241,59.579413],[112.642833,59.544501],[112.621593,59.534735],[112.604421,59.521552],[112.593028,59.504218],[112.589692,59.481716],[112.589936,59.438747],[112.588634,59.430609],[112.560557,59.351345],[112.555186,59.341986],[112.547537,59.333116],[112.510265,59.302924],[112.402354,59.246405],[112.346934,59.229112],[112.33489,59.227973],[112.284679,59.234442],[112.268077,59.232733],[112.204845,59.209337],[112.043956,59.186225],[111.97877,59.18476],[111.966889,59.185858],[111.956554,59.189724],[111.945242,59.198554],[111.944021,59.20421],[111.946707,59.221137],[111.945242,59.226426],[111.928233,59.231716],[111.907644,59.227973],[111.88795,59.219184],[111.825613,59.173285],[111.808686,59.165066],[111.747813,59.145087],[111.72991,59.133979],[111.66155,59.063259],[111.630463,59.048367],[111.554861,59.03559],[111.520437,59.025336],[111.490245,59.003282],[111.461925,58.976752],[111.433035,58.959337],[111.40089,58.949408],[111.344493,58.942654],[111.308197,58.933173],[111.29127,58.931016],[111.276378,58.925727],[111.250011,58.902208],[111.209727,58.886176],[111.202403,58.860948],[111.206147,58.831488],[111.218679,58.781562],[111.215912,58.76203],[111.203136,58.745795],[111.178315,58.729315],[111.161143,58.726752],[111.103038,58.74669],[110.998139,58.756293],[110.954031,58.767035],[110.931082,58.767157],[110.917247,58.762641],[110.88795,58.749091],[110.870128,58.74669],[110.880463,58.736192],[110.920421,58.710761],[110.934825,58.705756],[110.94866,58.698188],[110.948985,58.681505],[110.940684,58.664862],[110.927989,58.657294],[110.828624,58.657294],[110.746104,58.675849],[110.719005,58.678412],[110.673757,58.673448],[110.587576,58.653388],[110.54127,58.651068],[110.464122,58.664252],[110.437592,58.66413],[110.245128,58.61876],[110.150076,58.607978],[110.129812,58.609483],[110.0796,58.626654],[110.061453,58.629991],[110.024913,58.625312],[109.962576,58.595526],[109.927745,58.588446],[109.848643,58.593085],[109.814382,58.586127],[109.78712,58.561713],[109.764659,58.513983],[109.75587,58.486192],[109.752371,58.462429],[109.754975,58.414496],[109.747813,58.398261],[109.725597,58.382921],[109.676687,58.364529],[109.660167,58.352566],[109.654877,58.342637],[109.646251,58.307888],[109.635509,58.304226],[109.572765,58.270453],[109.533946,58.239569],[109.466075,58.211493],[109.391124,58.206244],[109.317312,58.221055],[109.188487,58.279731],[109.118175,58.280382],[109.050141,58.258979],[108.992686,58.219102],[108.941987,58.173529],[108.914236,58.161689],[108.876231,58.15766],[108.857432,58.153591],[108.844005,58.143826],[108.831147,58.13227],[108.814464,58.122911],[108.795909,58.119574],[108.757091,58.119493],[108.73878,58.116075],[108.69101,58.093085],[108.680431,58.085028],[108.666433,58.077338],[108.626964,58.071723],[108.61142,58.064887],[108.591889,58.045518],[108.576915,58.023993],[108.573253,58.001573],[108.587901,57.979519],[108.552989,57.970526],[108.475678,57.964545],[108.447032,57.947862],[108.402761,57.901313],[108.354503,57.862169],[108.322358,57.847235],[108.308604,57.836453],[108.310557,57.824652],[108.317393,57.813015],[108.314871,57.801622],[108.305756,57.791693],[108.293224,57.784003],[108.275645,57.778144],[108.149018,57.766628],[108.111908,57.773139],[108.073416,57.784288],[108.036062,57.787543],[108.00172,57.770046],[107.996593,57.750352],[108.013113,57.732856],[108.035167,57.715033],[108.04599,57.694648],[108.026947,57.673041],[107.983328,57.664415],[107.866303,57.662218],[107.834402,57.65587],[107.804128,57.64529],[107.747,57.615668],[107.73585,57.605292],[107.731375,57.592231],[107.741303,57.581163],[107.764171,57.581326],[107.803722,57.589138],[107.826264,57.589952],[107.836925,57.591864],[107.858002,57.598415],[107.861501,57.599066],[107.868663,57.608954],[107.863862,57.612128],[107.860362,57.623399],[107.864268,57.632758],[107.882253,57.630072],[107.894786,57.6164],[107.924246,57.565294],[107.929861,57.550645],[107.917491,57.527655],[107.88795,57.506781],[107.826915,57.479275],[107.789806,57.469591],[107.751964,57.464952],[107.737071,57.460761],[107.711843,57.442491],[107.697276,57.4383],[107.689138,57.436469],[107.67628,57.427558],[107.669363,57.424018],[107.585948,57.408515],[107.574311,57.40351],[107.569753,57.381171],[107.584727,57.358751],[107.587576,57.341579],[107.546153,57.334662],[107.526541,57.338894],[107.509776,57.345893],[107.495616,57.347276],[107.484386,57.334662],[107.482432,57.324164],[107.483653,57.31269],[107.487071,57.301866],[107.49171,57.293647],[107.483002,57.283759],[107.473643,57.277411],[107.462901,57.274115],[107.398692,57.269477],[107.381602,57.264268],[107.269949,57.260077],[107.242931,57.263536],[107.220632,57.272773],[107.211192,57.290595],[107.206554,57.313788],[107.193451,57.324164],[107.173757,57.327216],[107.149099,57.328437],[107.094005,57.342108],[107.078298,57.34162],[107.014089,57.329698],[106.996104,57.317694],[106.963634,57.287462],[106.928396,57.265896],[106.912039,57.250271],[106.912364,57.235663],[106.919444,57.224311],[106.93629,57.177558],[106.921316,57.171942],[106.915701,57.170762],[106.915701,57.153632],[106.905203,57.146267],[106.86907,57.12873],[106.861257,57.122626],[106.859386,57.116523],[106.850841,57.115912],[106.847585,57.109809],[106.847097,57.100409],[106.849294,57.095404],[106.852143,57.091742],[106.85377,57.086249],[106.85377,57.070746],[106.851085,57.058783],[106.841075,57.051093],[106.819265,57.048407],[106.720795,57.048407],[106.699718,57.045111],[106.648936,57.021064],[106.627615,57.018256],[106.463878,57.016954],[106.41448,57.02204],[106.380789,57.04088],[106.385183,57.049343],[106.37672,57.055976],[106.361827,57.060411],[106.347179,57.062079],[106.309255,57.062079],[106.306163,57.059149],[106.297374,57.0456],[106.292003,57.04088],[106.246186,57.031684],[106.233653,57.024197],[106.157237,56.942694],[106.141531,56.916815],[106.134939,56.8935],[106.12322,56.875841],[106.096609,56.857978],[106.045502,56.835517],[105.986501,56.825507],[105.805431,56.815009],[105.733653,56.791612],[105.688406,56.784288],[105.668386,56.773546],[105.652843,56.757921],[105.648367,56.739285],[105.676199,56.709011],[105.731456,56.695828],[106.083751,56.705024],[106.131277,56.69831],[106.141775,56.695176],[106.162039,56.681586],[106.183442,56.674994],[106.216889,56.65115],[106.228445,56.647244],[106.25294,56.641791],[106.264659,56.637478],[106.28183,56.62519],[106.294444,56.608222],[106.297862,56.589626],[106.288585,56.572333],[106.282644,56.564236],[106.282481,56.556708],[106.284434,56.547309],[106.285167,56.5338],[106.286143,56.528144],[106.291108,56.519721],[106.292003,56.513983],[106.290131,56.513739],[106.285818,56.510321],[106.281342,56.505316],[106.279063,56.500312],[106.277192,56.477891],[106.274832,56.470893],[106.267833,56.46247],[106.259939,56.456855],[106.241222,56.447374],[106.233653,56.441677],[106.211436,56.413275],[106.198171,56.401638],[106.175955,56.390448],[106.073416,56.363145],[106.019054,56.356513],[105.97047,56.356269],[105.911794,56.362494],[105.900808,56.36046],[105.875906,56.351589],[105.864024,56.349473],[105.818614,56.351833],[105.805431,56.349473],[105.794932,56.343614],[105.771251,56.32156],[105.724701,56.302802],[105.704112,56.290595],[105.695567,56.270697],[105.689138,56.249701],[105.661713,56.225043],[105.655203,56.211697],[105.666515,56.192694],[105.692149,56.177924],[105.717865,56.167304],[105.729747,56.160834],[105.741791,56.146064],[105.81894,56.118354],[105.827403,56.109402],[105.837006,56.088324],[105.843272,56.084255],[105.853933,56.081488],[105.858979,56.074327],[105.860606,56.064399],[105.860606,56.053168],[105.863048,56.044257],[105.868175,56.037299],[105.872813,56.028876],[105.873627,56.015937],[105.853282,55.981798],[105.812104,55.928168],[105.805431,55.916612],[105.802745,55.906277],[105.789806,55.88821],[105.784923,55.879421],[105.783621,55.872016],[105.784923,55.851508],[105.790294,55.828396],[105.789806,55.815945],[105.781505,55.810492],[105.774913,55.80744],[105.769542,55.799669],[105.765717,55.789578],[105.764415,55.77912],[105.761648,55.768378],[105.754812,55.763454],[105.745942,55.760443],[105.737071,55.755235],[105.729747,55.746894],[105.717214,55.729031],[105.709076,55.721055],[105.674571,55.709906],[105.669444,55.703721],[105.66684,55.698188],[105.635916,55.667182],[105.600027,55.611274],[105.570323,55.590115],[105.565847,55.580878],[105.563569,55.577826],[105.559011,55.57571],[105.554291,55.572577],[105.552175,55.56684],[105.553233,55.560574],[105.558523,55.551337],[105.559581,55.546413],[105.553722,55.525824],[105.539806,55.506293],[105.495128,55.459011],[105.48935,55.44831],[105.497569,55.426947],[105.493907,55.416856],[105.486501,55.409003],[105.480072,55.405829],[105.486827,55.397081],[105.484874,55.376899],[105.478119,55.354071],[105.470225,55.33751],[105.445567,55.312771],[105.433686,55.297431],[105.424897,55.260199],[105.415294,55.243679],[105.402192,55.230292],[105.387706,55.220811],[105.361501,55.214301],[105.350597,55.20893],[105.346121,55.197292],[105.340912,55.18948],[105.329194,55.184109],[105.315522,55.180935],[105.278087,55.176622],[105.255789,55.168524],[105.216319,55.145697],[105.138927,55.127021],[105.127533,55.114691],[105.121593,55.098212],[105.091319,55.071112],[105.079194,55.056342],[105.087901,55.047878],[105.109793,55.037787],[105.113292,55.029079],[105.106863,55.02143],[105.08017,55.008979],[105.073009,55.001085],[105.074718,54.990831],[105.082042,54.986151],[105.088308,54.980414],[105.086681,54.966986],[105.081065,54.962348],[105.060313,54.953477],[105.052419,54.946479],[105.066335,54.934027],[105.058197,54.886908],[105.066824,54.864569],[105.083995,54.853949],[105.137543,54.834011],[105.181895,54.827704],[105.211436,54.819525],[105.231456,54.805609],[105.226573,54.786078],[105.213796,54.770046],[105.207286,54.752509],[105.211355,54.735297],[105.229991,54.720526],[105.223725,54.701483],[105.231863,54.685614],[105.244151,54.670844],[105.250499,54.655341],[105.247813,54.646186],[105.234874,54.63349],[105.229991,54.625027],[105.232514,54.61872],[105.239757,54.614814],[105.243663,54.608913],[105.236257,54.597032],[105.243663,54.597032],[105.238048,54.594306],[105.223155,54.58336],[105.230479,54.578315],[105.236095,54.571479],[105.235932,54.565456],[105.226573,54.562934],[105.216807,54.559027],[105.216726,54.549872],[105.223155,54.532497],[105.222585,54.512559],[105.220225,54.49787],[105.216075,54.485907],[105.209483,54.474148],[105.167898,54.421088],[105.164806,54.408637],[105.179861,54.396348],[105.259939,54.368679],[105.271414,54.362128],[105.281261,54.354071],[105.293386,54.349311],[105.323741,54.35163],[105.336192,54.347235],[105.343191,54.338446],[105.353119,54.318671],[105.360362,54.309638],[105.365896,54.308417],[105.382091,54.310981],[105.387706,54.309638],[105.39088,54.304511],[105.392345,54.298285],[105.391694,54.294257],[105.387706,54.296007],[105.397227,54.280137],[105.403575,54.272162],[105.411794,54.268663],[105.417247,54.265448],[105.455577,54.229926],[105.493907,54.203396],[105.511241,54.186143],[105.52825,54.150946],[105.528575,54.145128],[105.562755,54.120958],[105.571707,54.111274],[105.572765,54.107204],[105.571544,54.102484],[105.577566,54.072618],[105.580984,54.063544],[105.586192,54.055854],[105.601166,54.045722],[105.648448,54.025458],[105.665457,54.021674],[105.688406,54.016303],[105.731456,53.992865],[105.750662,53.987494],[105.764171,53.99079],[105.781342,54.004828],[105.79184,54.008002],[105.799571,54.006415],[105.803152,54.002387],[105.805431,53.996934],[105.809093,53.991278],[105.815359,53.987576],[105.819591,53.989366],[105.823741,53.992987],[105.835134,53.996365],[105.840343,53.999132],[105.846121,54.00141],[105.853282,54.001166],[105.858897,53.997016],[105.859793,53.99079],[105.85906,53.984565],[105.860606,53.980658],[105.893647,53.96601],[105.901541,53.959581],[105.905935,53.950263],[105.905528,53.942491],[105.903087,53.933946],[105.901541,53.922309],[105.904714,53.909695],[105.912364,53.901435],[105.932221,53.888251],[105.952403,53.880316],[106.038666,53.870876],[106.07545,53.857978],[106.083507,53.853787],[106.09726,53.848253],[106.114024,53.850165],[106.145112,53.857204],[106.318777,53.868476],[106.34669,53.8664],[106.393565,53.843329],[106.42213,53.842108],[106.549327,53.862901],[106.590587,53.881659],[106.604991,53.886298],[106.655935,53.894802],[106.848155,53.882188],[106.912201,53.88581],[106.927175,53.884345],[106.947032,53.879584],[106.973074,53.870307],[106.995616,53.857042],[107.005056,53.840155],[107.019623,53.838324],[107.086843,53.846462],[107.152354,53.864447],[107.174083,53.875434],[107.183442,53.888251],[107.184255,53.894965],[107.188975,53.905463],[107.190115,53.911811],[107.187999,53.916571],[107.178233,53.927924],[107.175873,53.932318],[107.175141,53.943712],[107.175548,53.954413],[107.178152,53.964301],[107.183442,53.973212],[107.177745,53.978095],[107.177745,53.981024],[107.190115,53.987494],[107.214854,53.994818],[107.266694,54.000108],[107.30714,54.021837],[107.394216,54.05036],[107.402843,54.054389],[107.448416,54.089138],[107.454519,54.096137],[107.459727,54.103949],[107.463796,54.115831],[107.466075,54.142401],[107.469168,54.154975],[107.477468,54.168484],[107.489675,54.180976],[107.503673,54.19123],[107.517996,54.198188],[107.542898,54.205349],[107.564464,54.208604],[107.5713,54.210761],[107.580496,54.217841],[107.594249,54.23786],[107.602468,54.246649],[107.615245,54.254828],[107.708263,54.286811],[107.78297,54.293769],[107.79835,54.294745],[107.813243,54.293891],[107.827891,54.291327],[107.842703,54.287055],[107.852631,54.282782],[107.861095,54.277533],[107.877371,54.264919],[107.887299,54.259101],[107.897634,54.256049],[107.951427,54.25373],[107.966807,54.25495],[108.010183,54.26496],[108.024913,54.265245],[108.038585,54.262152],[108.040701,54.260932],[108.043956,54.258124],[108.045909,54.256781],[108.052013,54.254503],[108.063731,54.253363],[108.069428,54.251899],[108.075043,54.248236],[108.084239,54.238634],[108.090261,54.235297],[108.091807,54.235175],[108.096202,54.235297],[108.097667,54.234971],[108.100678,54.230658],[108.101654,54.224799],[108.101085,54.212592],[108.106537,54.193427],[108.131358,54.160956],[108.134776,54.140448],[108.132416,54.127875],[108.129242,54.117499],[108.124115,54.107693],[108.089285,54.061957],[108.07545,54.048448],[107.990896,54.006659],[107.980072,54.004177]]}},{"type":"Feature","properties":{"name":"Kyzyl-Khem","scalerank":4},"geometry":{"type":"LineString","coordinates":[[98.000255,51.514106],[97.912852,51.528591],[97.893891,51.523993],[97.883067,51.515977],[97.874522,51.51557],[97.866954,51.518378],[97.85963,51.52029],[97.83839,51.52029],[97.753917,51.499823],[97.742198,51.494005],[97.719249,51.476752],[97.716238,51.473171],[97.640147,51.430772],[97.609793,51.417914],[97.586192,51.42536],[97.556733,51.419216],[97.529063,51.406277],[97.510509,51.393378],[97.49114,51.388983],[97.342377,51.386746],[97.318858,51.378607],[97.297944,51.359565],[97.277354,51.351426],[97.245616,51.353542],[97.191498,51.363308],[97.027599,51.35578],[97.013927,51.35338],[96.988048,51.343451],[96.973074,51.342108],[96.960541,51.345526],[96.941987,51.3581],[96.931407,51.363308],[96.915619,51.364854],[96.873057,51.35578],[96.861746,51.358995],[96.835948,51.373114],[96.821544,51.376288],[96.640636,51.370063],[96.628998,51.366767],[96.609874,51.35224],[96.59905,51.348985],[96.3213,51.348985],[96.280772,51.342068],[96.266043,51.342108],[96.254893,51.344997],[96.233409,51.353949],[96.212169,51.357611],[96.202159,51.362738],[96.194591,51.370307],[96.186615,51.391059],[96.174327,51.396104],[96.143647,51.396796],[96.084483,51.391303],[96.053966,51.38227],[96.040619,51.366726],[96.032644,51.346381],[96.01295,51.338813],[95.98821,51.339138],[95.965017,51.342108],[95.940929,51.345079],[95.930431,51.344672],[95.917247,51.342108],[95.906505,51.337673],[95.883556,51.324897],[95.853608,51.317816],[95.802419,51.298529],[95.78004,51.294989]]}},{"type":"Feature","properties":{"name":"Nu","scalerank":4},"geometry":{"type":"LineString","coordinates":[[91.518321,31.943061],[91.532237,31.909735],[91.536632,31.891466],[91.538015,31.85871],[91.540457,31.850369],[91.545014,31.840644],[91.545421,31.832099],[91.544444,31.816189],[91.545014,31.806464],[91.548595,31.787218],[91.554698,31.772081],[91.565522,31.762234],[91.583263,31.758653],[91.595144,31.753241],[91.628673,31.729356],[91.659434,31.718817],[91.669526,31.706814],[91.678315,31.692979],[91.688975,31.6824],[91.70574,31.677191],[91.72226,31.675482],[91.73585,31.6706],[91.743663,31.655626],[91.744151,31.645697],[91.741954,31.639431],[91.73878,31.634385],[91.736257,31.628363],[91.731212,31.607286],[91.730724,31.597276],[91.776296,31.569281],[91.784679,31.556342],[91.79005,31.542833],[91.800873,31.526557],[91.808849,31.508897],[91.805756,31.491156],[91.797537,31.491238],[91.791026,31.487128],[91.78655,31.480048],[91.784679,31.4713],[91.78769,31.457302],[91.795014,31.448269],[91.802257,31.441026],[91.812999,31.414252],[91.830658,31.403184],[91.853038,31.399278],[91.874034,31.402411],[91.888601,31.411892],[91.902843,31.425605],[91.918875,31.438015],[91.938975,31.443386],[91.976329,31.439276],[92.012625,31.428738],[92.019786,31.425482],[92.026947,31.42121],[92.033214,31.415798],[92.03769,31.409125],[92.03948,31.40115],[92.038585,31.393093],[92.034597,31.377021],[92.038829,31.340888],[92.058849,31.3133],[92.089854,31.296454],[92.126231,31.292589],[92.183604,31.294216],[92.209727,31.289333],[92.218761,31.289252],[92.241466,31.295111],[92.264415,31.306749],[92.285167,31.322048],[92.308442,31.346788],[92.321381,31.364529],[92.326264,31.37405],[92.331472,31.393093],[92.33253,31.403388],[92.332042,31.412665],[92.3296,31.420193],[92.32252,31.434678],[92.320567,31.442694],[92.321869,31.453559],[92.327729,31.463202],[92.336843,31.469753],[92.347992,31.471544],[92.357351,31.467353],[92.371104,31.453152],[92.381358,31.451361],[92.387136,31.453925],[92.390636,31.458197],[92.393647,31.462958],[92.39739,31.466742],[92.405691,31.469428],[92.413259,31.468329],[92.429454,31.463894],[92.438487,31.464301],[92.445404,31.46662],[92.46046,31.47366],[92.502533,31.484483],[92.516043,31.490505],[92.527436,31.499701],[92.531993,31.50198],[92.539968,31.503201],[92.563894,31.501899],[92.576915,31.505194],[92.602061,31.515896],[92.615489,31.518581],[92.651541,31.515082],[92.664236,31.515937],[92.674571,31.519232],[92.692556,31.528998],[92.702647,31.532782],[92.710053,31.535834],[92.723725,31.544379],[92.730968,31.547797],[92.765391,31.553249],[92.780772,31.549872],[92.830089,31.552354],[92.840424,31.556342],[92.843761,31.563992],[92.851736,31.564236],[92.871104,31.559434],[92.876964,31.561591],[92.879405,31.56627],[92.881114,31.57099],[92.884532,31.573106],[92.924083,31.572577],[92.930431,31.568874],[92.932628,31.564236],[92.933849,31.552802],[92.936453,31.547553],[92.948741,31.540351],[92.962901,31.542304],[92.976736,31.549384],[92.996755,31.56391],[93.003184,31.566474],[93.009939,31.565253],[93.026866,31.556098],[93.040619,31.545966],[93.046153,31.540147],[93.049246,31.534613],[93.051524,31.528998],[93.054698,31.524237],[93.060802,31.521186],[93.071218,31.522569],[93.091726,31.536322],[93.101573,31.541327],[93.129487,31.545966],[93.143565,31.545966],[93.187999,31.538682],[93.402192,31.543972],[93.428396,31.55036],[93.442149,31.552069],[93.455577,31.550971],[93.507253,31.53205],[93.5171,31.530341],[93.547374,31.529608],[93.563894,31.525499],[93.594656,31.512315],[93.611339,31.509467],[93.716889,31.508002],[93.750011,31.493842],[93.767996,31.488593],[93.788178,31.490261],[93.847667,31.512722],[93.917003,31.510688],[93.925304,31.512152],[93.934174,31.51557],[93.941742,31.520331],[93.955658,31.531765],[93.963634,31.535915],[93.973237,31.537624],[93.980479,31.535102],[93.995372,31.526313],[94.004893,31.524441],[94.032725,31.525499],[94.04184,31.523139],[94.048432,31.518744],[94.06129,31.507758],[94.070323,31.502875],[94.078543,31.501166],[94.097667,31.501085],[94.107188,31.499335],[94.130789,31.488145],[94.138927,31.487006],[94.155284,31.487576],[94.163503,31.486925],[94.168468,31.48546],[94.178233,31.481472],[94.183197,31.480089],[94.200857,31.480414],[94.21575,31.485948],[94.243175,31.504014],[94.257335,31.509711],[94.267507,31.507188],[94.286062,31.488308],[94.30128,31.479682],[94.319265,31.478054],[94.44866,31.481147],[94.470225,31.484198],[94.487641,31.484402],[94.504242,31.480536],[94.542003,31.465644],[94.561534,31.461615],[94.579845,31.455512],[94.594493,31.442816],[94.59905,31.429958],[94.595225,31.419216],[94.5796,31.398017],[94.57252,31.381863],[94.569347,31.367377],[94.569428,31.321234],[94.567963,31.314765],[94.564708,31.308783],[94.552419,31.298041],[94.523204,31.281358],[94.510916,31.270575],[94.505463,31.25788],[94.511974,31.251166],[94.539561,31.24494],[94.593679,31.238715],[94.60849,31.229438],[94.61378,31.221706],[94.621674,31.195421],[94.632416,31.170111],[94.634288,31.161078],[94.634288,31.1435],[94.635183,31.134955],[94.639171,31.127468],[94.644623,31.123236],[94.665701,31.112982],[94.681163,31.10102],[94.689138,31.096015],[94.698822,31.092597],[94.717296,31.091335],[94.723399,31.088975],[94.727306,31.085232],[94.733002,31.075873],[94.736827,31.072781],[94.754242,31.07038],[94.772716,31.074774],[94.882091,31.126532],[94.88795,31.127468],[94.894542,31.127712],[94.900645,31.128526],[94.905772,31.131619],[94.908783,31.137641],[94.910655,31.152371],[94.913178,31.159003],[94.921641,31.16706],[94.933604,31.174262],[94.958018,31.183458],[94.967296,31.185126],[95.008393,31.182888],[95.032725,31.177598],[95.045095,31.172675],[95.058197,31.169745],[95.069916,31.172309],[95.093028,31.184027],[95.112071,31.188747],[95.170665,31.186225],[95.224864,31.190456],[95.251964,31.18891],[95.432384,31.128933],[95.44752,31.118923],[95.45753,31.103624],[95.472667,31.069688],[95.496755,31.038113],[95.518647,30.993923],[95.527924,30.980821],[95.536143,30.9737],[95.589122,30.944892],[95.601573,30.939805],[95.615245,30.938056],[95.630626,30.939805],[95.645763,30.943874],[95.660492,30.949978],[95.673839,30.957628],[95.693777,30.96601],[95.712332,30.966335],[95.760509,30.953152],[95.770518,30.952582],[95.780284,30.953966],[95.789073,30.957384],[95.794444,30.96072],[95.799083,30.964382],[95.802419,30.968858],[95.805186,30.974636],[95.807384,30.984442],[95.808849,30.988959],[95.812022,30.993435],[95.822765,31.000922],[95.836681,31.005561],[95.851492,31.007392],[95.864838,31.006619],[95.871349,31.00491],[95.87672,31.002021],[95.880626,30.99787],[95.883311,30.992133],[95.884369,30.984809],[95.885753,30.982367],[95.889903,30.97956],[95.895274,30.979112],[95.904552,30.985785],[95.910492,30.986396],[95.915538,30.983222],[95.918956,30.975369],[95.92392,30.972724],[95.9463,30.968126],[95.968761,30.965888],[95.975841,30.963731],[95.997162,30.952826],[96.003429,30.948554],[96.054861,30.945421],[96.072032,30.938096],[96.102794,30.920844],[96.119558,30.917507],[96.164154,30.91413],[96.254975,30.892401],[96.271902,30.886298],[96.277843,30.881903],[96.279877,30.876899],[96.281179,30.871121],[96.28419,30.864325],[96.290701,30.85989],[96.299083,30.860622],[96.308197,30.863227],[96.317312,30.864285],[96.330007,30.862738],[96.335704,30.860785],[96.341075,30.857001],[96.345225,30.851671],[96.351329,30.839301],[96.355072,30.833564],[96.361827,30.825303],[96.367768,30.81623],[96.417491,30.668769],[96.424327,30.627794],[96.436127,30.592637],[96.437999,30.583116],[96.44394,30.566107],[96.485769,30.516791],[96.506358,30.482693],[96.530772,30.459988],[96.540457,30.433539],[96.555675,30.432685],[96.595632,30.447943]]}},{"type":"Feature","properties":{"name":"Ayeyarwady","scalerank":4},"geometry":{"type":"LineString","coordinates":[[97.486339,25.700751],[97.500499,25.696601],[97.516124,25.694363],[97.528819,25.689154],[97.53419,25.676296],[97.530772,25.66706],[97.513601,25.64407],[97.506765,25.631903],[97.501475,25.605496],[97.496755,25.548774],[97.486339,25.52204],[97.438894,25.454779],[97.409109,25.397976],[97.403575,25.381415],[97.407481,25.368109],[97.418956,25.354275],[97.424327,25.340928],[97.420502,25.330186],[97.404389,25.324042],[97.397716,25.327012],[97.378835,25.333279],[97.370209,25.337673],[97.34669,25.366807],[97.336925,25.369452],[97.325206,25.365098],[97.313487,25.357204],[97.308197,25.347927],[97.309174,25.342841],[97.313894,25.333279],[97.314952,25.327094],[97.313731,25.318671],[97.310802,25.317816],[97.306163,25.319037],[97.300792,25.316596],[97.292247,25.310899],[97.282725,25.307196],[97.274018,25.301296],[97.267833,25.289252],[97.267019,25.277777],[97.27296,25.256374],[97.274669,25.2449],[97.271495,25.217353],[97.262787,25.207139],[97.249766,25.201117],[97.233002,25.186225],[97.227957,25.168565],[97.231537,25.146104],[97.243744,25.126776],[97.264415,25.118598],[97.30714,25.129503],[97.318858,25.126899],[97.314952,25.104315],[97.297944,25.081488],[97.279877,25.086615],[97.259858,25.098009],[97.236827,25.094062],[97.226166,25.089545],[97.218679,25.089423],[97.214122,25.086453],[97.212576,25.073269],[97.215424,25.060899],[97.229096,25.045966],[97.233002,25.035997],[97.221934,24.997016],[97.188569,24.969428],[97.116954,24.932969],[97.101492,24.916205],[97.098155,24.899766],[97.102794,24.867784],[97.093028,24.860541],[97.048106,24.840115],[97.034434,24.823106],[97.034923,24.802761],[97.050792,24.757921],[97.060557,24.716376],[97.102794,24.651801],[97.111339,24.631415],[97.115489,24.611396],[97.118093,24.544542],[97.117117,24.533474],[97.106944,24.513983],[97.110932,24.502712],[97.123139,24.487901],[97.121593,24.372504],[97.136811,24.337104],[97.185476,24.289008],[97.188487,24.281277],[97.205007,24.270453],[97.203054,24.246161],[97.193126,24.220811],[97.185313,24.206732],[97.17628,24.194851],[97.163585,24.181342],[97.147227,24.170356],[97.112804,24.161444],[97.084076,24.142198],[97.061697,24.137885],[97.050304,24.138739],[97.030772,24.143093],[97.009532,24.145372],[96.976085,24.144721],[96.956147,24.140082],[96.942393,24.1317],[96.92921,24.128119],[96.910818,24.137885],[96.867442,24.186794],[96.836925,24.199042],[96.8213,24.212755],[96.808442,24.228624],[96.800955,24.240912],[96.790945,24.277411],[96.781993,24.290391],[96.750662,24.299587],[96.69866,24.329657],[96.652761,24.346625],[96.640636,24.354193],[96.633556,24.357286],[96.622488,24.358832],[96.610932,24.358954],[96.602468,24.357611],[96.591889,24.352403],[96.588634,24.346869],[96.587169,24.339789],[96.58196,24.329657],[96.567556,24.314154],[96.55128,24.303534],[96.532319,24.297471],[96.509939,24.295518],[96.490896,24.29918],[96.472667,24.305854],[96.454845,24.309272],[96.437999,24.303005],[96.446381,24.275173],[96.431407,24.253241],[96.383311,24.221055],[96.362641,24.200222],[96.303233,24.113959],[96.295014,24.096218],[96.289806,24.075141],[96.28712,24.048529],[96.289968,23.970282],[96.280284,23.946112],[96.274425,23.940009],[96.271007,23.932074],[96.250418,23.857611],[96.245372,23.844997],[96.237804,23.834052],[96.22877,23.829413],[96.221446,23.824246],[96.216726,23.812079],[96.205007,23.7685],[96.200287,23.761583],[96.191498,23.754259],[96.180675,23.752224],[96.167247,23.752631],[96.155528,23.749701],[96.150483,23.73725],[96.14796,23.71308],[96.140147,23.691026],[96.127371,23.670722],[96.10963,23.651923],[96.057058,23.609076],[96.034923,23.585232],[96.020274,23.55504],[96.012299,23.514228],[96.006602,23.384955],[95.978119,23.261746],[95.964854,22.76907],[95.962006,22.759385],[95.955089,22.750312],[95.943451,22.744249],[95.920095,22.743232],[95.910492,22.739447],[95.901296,22.707221],[95.917003,22.661689],[95.985281,22.550116],[95.990245,22.529324],[95.982432,22.510443],[95.969493,22.49197],[95.964773,22.472602],[95.963796,22.392524],[95.97047,22.374376],[95.989513,22.35281],[96.012706,22.331855],[96.013682,22.323025],[96.006602,22.308702],[96.001475,22.302802],[95.995942,22.298407],[95.990489,22.292304],[95.986095,22.281358],[95.98463,22.270819],[95.987804,22.216498],[96.000418,22.157904],[96.007498,22.089423],[96.024994,22.058214],[96.048106,21.994005],[96.05128,21.956366],[96.04127,21.923448],[96.021007,21.896552],[95.992931,21.876736],[95.973155,21.867255],[95.955496,21.860907],[95.936534,21.857367],[95.913829,21.856269],[95.90089,21.863389],[95.848888,21.910834],[95.814708,21.925564],[95.776459,21.931505],[95.526866,21.922146],[95.511974,21.917507],[95.505789,21.907782],[95.499441,21.88996],[95.47169,21.856879],[95.465343,21.839464],[95.461518,21.811306],[95.45045,21.780829],[95.432058,21.756374],[95.406749,21.746405],[95.387136,21.7331],[95.368337,21.66531],[95.355479,21.636542],[95.355479,21.630316],[95.348888,21.621283],[95.342296,21.608913],[95.337006,21.595974],[95.327403,21.545966],[95.324474,21.537462],[95.33017,21.463935],[95.3213,21.465847],[95.313406,21.452094],[95.305593,21.450466],[95.296886,21.452989],[95.287201,21.452175],[95.280365,21.448513],[95.275483,21.445095],[95.271983,21.441759],[95.269135,21.438422],[95.255463,21.421088],[95.19101,21.370225],[95.158621,21.329657],[95.141612,21.31391],[95.118663,21.307563],[95.077403,21.301337],[95.069428,21.30329],[95.056407,21.312283],[95.047537,21.315009],[95.021902,21.311225],[95.002208,21.296698],[94.989757,21.275092],[94.985606,21.249823],[94.975027,21.244208],[94.90976,21.225613],[94.863048,21.22602],[94.85963,21.227159],[94.855968,21.227566],[94.848399,21.225613],[94.843028,21.22248],[94.833751,21.213731],[94.819347,21.204372],[94.809825,21.185981],[94.803315,21.16352],[94.799897,21.143663],[94.800955,21.099636],[94.817149,21.015733],[94.820323,20.972357],[94.806407,20.924506],[94.776459,20.89114],[94.742931,20.864203],[94.718028,20.835801],[94.713145,20.813829],[94.718761,20.796088],[94.727631,20.779975],[94.732351,20.76321],[94.733979,20.745551],[94.744884,20.706488],[94.752208,20.691189],[94.766694,20.672919],[94.782481,20.658067],[94.794932,20.643419],[94.799897,20.626044],[94.802989,20.606147],[94.816417,20.565945],[94.820323,20.547187],[94.818451,20.515245],[94.820323,20.506212],[94.828624,20.496121],[94.83839,20.491726],[94.848888,20.488552],[94.858653,20.482001],[94.869233,20.463935],[94.889252,20.396348],[94.905203,20.364854],[94.908702,20.343817],[94.900076,20.324652],[94.896495,20.310411],[94.896658,20.245551],[94.899425,20.236029],[94.908376,20.216824],[94.90976,20.204617],[94.907644,20.199774],[94.898692,20.190497],[94.896658,20.184109],[94.89796,20.177314],[94.900076,20.17296],[94.902599,20.169867],[94.903575,20.16706],[94.906749,20.146593],[94.91448,20.124335],[94.925548,20.103787],[94.937755,20.088487],[94.967296,20.066433],[94.985606,20.0574],[95.002533,20.053738],[95.010834,20.04918],[95.017019,20.038601],[95.019216,20.02619],[95.016205,20.016466],[95.010834,20.005439],[95.014089,19.996446],[95.026459,19.98489],[95.033132,19.980536],[95.050304,19.972724],[95.053803,19.96837],[95.047537,19.93769],[95.048595,19.924384],[95.052175,19.915107],[95.061941,19.910224],[95.081147,19.910346],[95.112641,19.890733],[95.142182,19.860867],[95.160167,19.823065],[95.156261,19.780056],[95.138682,19.7508],[95.135753,19.739081],[95.138438,19.726752],[95.152843,19.708279],[95.156261,19.701199],[95.169932,19.622382],[95.16448,19.500556],[95.169932,19.457872],[95.19394,19.396674],[95.197276,19.37226],[95.195567,19.350857],[95.187266,19.320014],[95.174897,19.15294],[95.169932,19.135769],[95.154877,19.116238],[95.139415,19.106879],[95.127045,19.095649],[95.112722,19.015163],[95.115245,18.991767],[95.125906,18.950751],[95.134207,18.930854],[95.146251,18.913194],[95.19337,18.865831],[95.204112,18.848334],[95.213145,18.805487],[95.2046,18.76789],[95.185639,18.737576],[95.163097,18.716824],[95.152843,18.710801],[95.122081,18.697537],[95.117279,18.696845],[95.106212,18.698432],[95.101573,18.697537],[95.099376,18.693305],[95.095225,18.67947],[95.079845,18.66706],[95.075857,18.645087],[95.073741,18.601345],[95.066498,18.579698],[95.062999,18.561794],[95.067475,18.543769],[95.084565,18.522244],[95.163097,18.464179],[95.179454,18.447618],[95.192393,18.43004],[95.200857,18.409857],[95.204112,18.385606],[95.20989,18.363227],[95.224132,18.348578],[95.242198,18.339545],[95.259288,18.333808],[95.287364,18.320014],[95.311697,18.300076],[95.355479,18.251288],[95.361095,18.246649],[95.377208,18.236151],[95.382823,18.23078],[95.387787,18.219916],[95.394786,18.195258],[95.399913,18.186103],[95.403575,18.176703],[95.402843,18.154568],[95.406749,18.145087],[95.412364,18.13585],[95.450287,18.033067],[95.4546,17.996365],[95.444835,17.957099],[95.439871,17.949408],[95.42864,17.938544],[95.423839,17.929145],[95.424246,17.921088],[95.433686,17.875922],[95.439871,17.866645],[95.454519,17.850287],[95.459076,17.839952],[95.457774,17.829535],[95.451101,17.813056],[95.449718,17.770209],[95.4581,17.72602],[95.473562,17.685899],[95.492605,17.655382],[95.502452,17.64529],[95.516612,17.63406],[95.533132,17.625027],[95.55071,17.621283],[95.565522,17.614285],[95.561453,17.597439],[95.541026,17.559841],[95.540294,17.544257],[95.542491,17.521104],[95.547862,17.500067],[95.557546,17.490912],[95.570079,17.484402],[95.604096,17.453315],[95.623057,17.443142],[95.648448,17.44005],[95.66505,17.440741],[95.674246,17.436591],[95.677013,17.418972],[95.669851,17.408067],[95.623057,17.381049],[95.610362,17.366034],[95.599539,17.345526],[95.591726,17.323188],[95.588878,17.302558],[95.588878,17.261908],[95.591319,17.25141],[95.639903,17.14765],[95.646495,17.109931],[95.635916,17.073188],[95.595795,17.036444],[95.571707,17.018826],[95.560964,17.014838],[95.56308,16.981716],[95.567393,16.964057],[95.575206,16.942247],[95.612234,16.879747],[95.612641,16.86404],[95.593272,16.848944],[95.575694,16.847683],[95.556895,16.850165],[95.533702,16.846625],[95.521495,16.837836],[95.492279,16.811306],[95.47519,16.805691],[95.450206,16.803778],[95.433116,16.798163],[95.403331,16.777777],[95.388682,16.772488],[95.348562,16.764757],[95.334972,16.75788],[95.331147,16.743476],[95.33253,16.719591],[95.338471,16.6942],[95.348643,16.67536],[95.323741,16.661444],[95.323334,16.647569],[95.327891,16.631293],[95.317556,16.610175],[95.302257,16.602118],[95.281749,16.596055],[95.262706,16.587714],[95.25172,16.572943],[95.253184,16.563341],[95.264578,16.544989],[95.266124,16.538153],[95.258881,16.529242],[95.230886,16.508165],[95.221446,16.504014],[95.200694,16.499091],[95.188243,16.486355],[95.177745,16.468777],[95.163097,16.449408],[95.080089,16.393866],[95.060639,16.367499],[95.04005,16.295193],[95.033783,16.281277],[95.007091,16.260688],[94.992442,16.2508]]}},{"type":"Feature","properties":{"name":"Tongtian","scalerank":1},"geometry":{"type":"LineString","coordinates":[[92.992768,34.100287],[93.011729,34.108588],[93.019216,34.124376],[93.024343,34.145046],[93.03419,34.163031],[93.056163,34.170681],[93.070323,34.178819],[93.112641,34.215847],[93.128429,34.225898],[93.170421,34.232286],[93.348155,34.232123],[93.359874,34.229275],[93.382498,34.220323],[93.392019,34.218451],[93.414236,34.220567],[93.454845,34.229926],[93.477306,34.232123],[93.499278,34.230048],[93.542979,34.220649],[93.662852,34.211697],[93.699636,34.217882],[93.748627,34.232286],[93.792491,34.251817],[93.813731,34.273057],[93.811534,34.290391],[93.80657,34.305732],[93.811127,34.316718],[93.837576,34.320909],[93.849864,34.327338],[93.86085,34.342108],[93.875092,34.36933],[93.893077,34.391425],[93.90032,34.403673],[93.90683,34.44127],[93.917247,34.453559],[93.950206,34.472357],[93.973155,34.4713],[94.001069,34.491767],[94.057628,34.55268],[94.068126,34.561347],[94.082286,34.566718],[94.120616,34.571479],[94.152192,34.584906],[94.169444,34.589057],[94.20517,34.587348],[94.237234,34.582221],[94.264578,34.583767],[94.286632,34.602078],[94.295828,34.620673],[94.300385,34.633653],[94.307628,34.641181],[94.324229,34.643622],[94.337169,34.65115],[94.344493,34.664659],[94.351166,34.670966],[94.362315,34.656684],[94.375499,34.67654],[94.392345,34.684394],[94.433686,34.684597],[94.451752,34.68769],[94.475841,34.695339],[94.496755,34.705186],[94.505789,34.715033],[94.521414,34.744696],[94.558442,34.764024],[94.602468,34.767524],[94.638927,34.749823],[94.652354,34.741278],[94.883393,34.700954],[94.917898,34.686347],[94.94394,34.66352],[94.967459,34.6706],[94.977794,34.650092],[94.982351,34.622626],[94.989024,34.608913],[94.997813,34.6046],[95.006765,34.585801],[95.016205,34.58161],[95.038097,34.581122],[95.046886,34.579169],[95.053803,34.574774],[95.057628,34.566107],[95.061127,34.54267],[95.067475,34.5338],[95.079519,34.529893],[95.101085,34.534451],[95.111501,34.530707],[95.156261,34.492621],[95.169932,34.486029],[95.179128,34.488145],[95.188487,34.49433],[95.198985,34.499701],[95.211436,34.49962],[95.218842,34.492499],[95.228526,34.469753],[95.235362,34.464911],[95.246674,34.466091],[95.266124,34.471218],[95.276378,34.472357],[95.287608,34.46955],[95.303966,34.458848],[95.313975,34.458686],[95.316173,34.463243],[95.315522,34.471544],[95.317556,34.480292],[95.327566,34.486029],[95.33839,34.485907],[95.344737,34.481024],[95.347992,34.472602],[95.348643,34.461778],[95.357921,34.459581],[95.410167,34.417751],[95.445079,34.379665],[95.466563,34.362616],[95.492605,34.348822],[95.555919,34.329942],[95.578054,34.311143],[95.5678,34.280544],[95.574962,34.275824],[95.588878,34.259467],[95.582937,34.253933],[95.574718,34.24376],[95.5678,34.238959],[95.57545,34.231635],[95.58546,34.226182],[95.596202,34.224677],[95.617605,34.233832],[95.627859,34.229438],[95.637299,34.222276],[95.646576,34.218451],[95.666596,34.21369],[95.680268,34.200792],[95.68808,34.182196],[95.690684,34.160183],[95.695323,34.142646],[95.706635,34.129177],[95.788829,34.063422],[95.794363,34.053331],[95.825857,34.051866],[95.848399,34.015082],[95.865001,33.971788],[95.879649,33.950954],[95.889659,33.949408],[95.894786,33.944851],[95.896495,33.937445],[95.898204,33.914374],[95.902354,33.912543],[95.908702,33.913845],[95.917247,33.90998],[95.933849,33.894599],[95.951101,33.882432],[95.970144,33.873725],[95.992931,33.869005],[95.987071,33.843207],[96.007742,33.833808],[96.03476,33.829169],[96.048106,33.817491],[96.066905,33.810248],[96.10198,33.805935],[96.122081,33.797919],[96.095876,33.779649],[96.130626,33.764838],[96.147065,33.762722],[96.160737,33.769721],[96.167247,33.77086],[96.175304,33.768012],[96.181895,33.767768],[96.184825,33.776557],[96.188731,33.781765],[96.198171,33.78498],[96.209239,33.786444],[96.218272,33.786444],[96.214285,33.779853],[96.211436,33.773464],[96.22047,33.772569],[96.22698,33.7685],[96.230479,33.76142],[96.231944,33.751736],[96.197765,33.746161],[96.205089,33.735541],[96.227306,33.738593],[96.231944,33.728787],[96.23463,33.717963],[96.241466,33.720526],[96.249278,33.728095],[96.256114,33.732489],[96.293956,33.738715],[96.306407,33.737128],[96.310476,33.733181],[96.314708,33.731879],[96.328136,33.738715],[96.351654,33.76203],[96.35906,33.765977],[96.372081,33.762885],[96.392345,33.749294],[96.400076,33.746161],[96.405772,33.739122],[96.397716,33.701768],[96.403819,33.684109],[96.430186,33.690863],[96.455984,33.679551],[96.500011,33.643134],[96.487804,33.635688],[96.472097,33.628852],[96.472097,33.622626],[96.522227,33.620673],[96.577566,33.611151],[96.617768,33.588406],[96.623546,33.546902],[96.636648,33.551825],[96.651866,33.553738],[96.68157,33.553738],[96.700694,33.547309],[96.708914,33.533271],[96.706716,33.51911],[96.695242,33.512763],[96.689464,33.50613],[96.694021,33.491645],[96.705496,33.471788],[96.707042,33.465522],[96.706716,33.461249],[96.708507,33.456326],[96.722748,33.43948],[96.722179,33.434149],[96.715831,33.431505],[96.705496,33.430854],[96.705496,33.423407],[96.714692,33.419216],[96.721934,33.413194],[96.727957,33.405626],[96.732839,33.396674],[96.73463,33.405463],[96.737315,33.409247],[96.743093,33.40998],[96.753347,33.409735],[96.746511,33.396674],[96.764903,33.397488],[96.772716,33.38878],[96.774099,33.373847],[96.773692,33.35574],[96.785085,33.364081],[96.789154,33.386176],[96.800955,33.389838],[96.793549,33.375556],[96.802989,33.367499],[96.828298,33.313544],[96.832612,33.321112],[96.837413,33.326239],[96.848888,33.334581],[96.853445,33.325059],[96.858979,33.32213],[96.865652,33.324571],[96.873057,33.330878],[96.880789,33.33279],[96.917735,33.327175],[96.936534,33.332953],[96.950857,33.342637],[96.963959,33.348212],[96.97934,33.341417],[96.976736,33.337185],[96.976736,33.336208],[96.978038,33.334296],[96.97934,33.327175],[96.985606,33.334337],[96.991466,33.337958],[97.007091,33.341417],[97.004487,33.334581],[96.999766,33.313544],[97.020437,33.320176],[97.022227,33.300645],[97.017182,33.273139],[97.0171,33.255805],[97.022227,33.245388],[97.019054,33.225165],[97.023936,33.214464],[97.047374,33.183783],[97.083995,33.156684],[97.10377,33.146308],[97.120128,33.142198],[97.134288,33.133246],[97.174815,33.067084],[97.180919,33.052558],[97.185313,33.046658],[97.195811,33.039618],[97.220225,33.029731],[97.229991,33.022732],[97.240815,33.003974],[97.246023,32.964911],[97.25351,32.9442],[97.267345,32.931179],[97.287852,32.922471],[97.310639,32.917792],[97.331716,32.916287],[97.346934,32.910753],[97.360769,32.896999],[97.371349,32.879177],[97.376964,32.86164],[97.3838,32.77912],[97.391368,32.761542],[97.424815,32.724473],[97.426768,32.716579],[97.427013,32.707587],[97.430431,32.700222],[97.441742,32.697211],[97.447683,32.694281],[97.465831,32.676703],[97.559093,32.629706],[97.56544,32.624823],[97.573985,32.621283],[97.594493,32.623562],[97.603038,32.621446],[97.607514,32.61461],[97.616954,32.592637],[97.620372,32.587958],[97.663585,32.559841],[97.817556,32.51321],[97.83782,32.511501],[97.856212,32.51907],[97.886648,32.497585],[98.013927,32.464423],[98.066742,32.422716],[98.075857,32.412909],[98.080333,32.404608],[98.09075,32.401679],[98.113455,32.402371],[98.122813,32.400214],[98.129242,32.394965],[98.135265,32.388251],[98.144216,32.381903],[98.187266,32.366645],[98.205577,32.355577],[98.213145,32.337755],[98.211681,32.296169],[98.213308,32.273057],[98.2199,32.252143],[98.271495,32.190701],[98.309255,32.128607],[98.374522,32.080349],[98.384369,32.063422],[98.393321,32.040066],[98.436534,32.00373],[98.452729,31.983995],[98.456472,31.960395],[98.452729,31.932888],[98.444835,31.907904],[98.435313,31.892157],[98.422781,31.881619],[98.418875,31.879828],[98.420502,31.878119],[98.435069,31.838324],[98.434581,31.824571],[98.425385,31.8133],[98.445323,31.803534],[98.468272,31.766791],[98.501231,31.749701],[98.541515,31.689765]]}},{"type":"Feature","properties":{"name":"Malyy Yenisey","scalerank":4},"geometry":{"type":"LineString","coordinates":[[95.78004,51.294989],[95.753917,51.303046],[95.747,51.319281],[95.752615,51.359565],[95.742686,51.370429],[95.657237,51.416815],[95.64446,51.428005],[95.619233,51.455105],[95.602143,51.469184],[95.48463,51.535956],[95.451915,51.543036],[95.43214,51.552802],[95.420421,51.55504],[95.396576,51.55329],[95.375987,51.548204],[95.328705,51.543647],[95.197276,51.582343],[95.160818,51.585395],[95.149425,51.588568],[95.141531,51.594509],[95.124278,51.612657],[95.118663,51.616523],[95.099213,51.622341],[95.055431,51.649278],[95.033946,51.657497],[95.021251,51.657823],[95.010265,51.655829],[94.992442,51.650662],[94.949311,51.642768],[94.918468,51.631863],[94.893484,51.639431],[94.855235,51.664903],[94.813731,51.685329],[94.787608,51.694607],[94.690929,51.711453],[94.512462,51.723212],[94.464773,51.73371]]}},{"type":"Feature","properties":{"name":"Verkhniy Yenisey","scalerank":4},"geometry":{"type":"LineString","coordinates":[[91.510916,53.735419],[91.493663,53.754665],[91.483409,53.768012],[91.468761,53.778103],[91.442882,53.799262],[91.433686,53.823676],[91.435557,53.861762],[91.441417,53.890489],[91.448416,53.915107],[91.459239,53.932074],[91.490733,53.940863],[91.512625,53.958075],[91.527599,53.979438],[91.546641,54.004259],[91.558849,54.02912],[91.560151,54.062934],[91.547781,54.095282],[91.525645,54.131863],[91.492686,54.172553],[91.435557,54.225898],[91.405854,54.267524],[91.380463,54.310574],[91.339366,54.347032],[91.294037,54.38227],[91.27296,54.425482],[91.273855,54.474189],[91.260265,54.51142],[91.231537,54.529364],[91.194265,54.54682],[91.15976,54.558783],[91.123057,54.575995],[90.959402,54.639675],[90.934255,54.666571],[90.935476,54.700303],[90.946544,54.762885],[90.94866,54.805609],[90.946544,54.856635],[90.951427,54.88699],[90.964854,54.906317],[90.983002,54.936632],[90.999929,54.961453],[91.013927,54.9796],[91.03476,55.001899],[91.063487,55.022813],[91.099132,55.042344],[91.165945,55.058458],[91.34726,55.06448],[91.415701,55.078315],[91.533702,55.107001],[91.749522,55.136664],[91.818126,55.149115],[91.858816,55.158026],[91.895437,55.171169],[92.01295,55.191352],[92.106863,55.220811],[92.142996,55.238064],[92.206554,55.281928],[92.235606,55.307196],[92.31837,55.388129],[92.345714,55.420722],[92.408376,55.503119]]}},{"type":"Feature","properties":{"name":"Verkhniy Yenisey","scalerank":4},"geometry":{"type":"LineString","coordinates":[[92.998057,58.100124],[92.971283,58.058295],[92.986257,58.031562],[93.027599,58.018378],[93.080089,58.017524],[93.130626,58.024522],[93.154714,58.02086],[93.168875,58.003933],[93.168224,57.982733],[93.15976,57.97016],[93.155854,57.957384],[93.168875,57.935614],[93.182058,57.923041],[93.211436,57.90058],[93.22405,57.887803],[93.233897,57.872748],[93.241954,57.855658],[93.248139,57.83747],[93.251964,57.818915],[93.254649,57.768866],[93.271251,57.702419],[93.27532,57.653144],[93.283702,57.630194],[93.297455,57.610134],[93.316824,57.589545],[93.326589,57.563747],[93.310802,57.541693],[93.265636,57.511054],[93.251394,57.485907],[93.263682,57.440619],[93.255056,57.418565],[93.241222,57.395453],[93.240733,57.370795],[93.250011,57.346788],[93.265636,57.325507],[93.288666,57.305447],[93.318451,57.28795],[93.350678,57.27558],[93.401866,57.267849],[93.412527,57.259874],[93.429454,57.23668],[93.448334,57.22309],[93.450857,57.216905],[93.449962,57.201972],[93.437511,57.176215],[93.435313,57.161322],[93.446544,57.154812],[93.454031,57.148749],[93.459483,57.134955],[93.462983,57.11994],[93.464122,57.110134],[93.458588,57.080268],[93.44337,57.061347],[93.396007,57.031277],[93.379893,57.014024],[93.374929,57.010199],[93.381114,56.998358],[93.398529,56.977159],[93.402192,56.966091],[93.403412,56.953477],[93.406993,56.942491],[93.412201,56.933051],[93.418956,56.925116],[93.450613,56.895087],[93.46046,56.87877],[93.464122,56.856513],[93.473643,56.833604],[93.496593,56.818427],[93.525645,56.809434],[93.552989,56.805365],[93.586925,56.804796],[93.602957,56.801215],[93.615164,56.791083],[93.618907,56.780219],[93.614513,56.772895],[93.594005,56.756903],[93.602631,56.745185],[93.635509,56.715928],[93.664236,56.680935],[93.672781,56.674994],[93.684581,56.67239],[93.731212,56.653876],[93.745535,56.643337],[93.753917,56.632148],[93.760265,56.620714],[93.768647,56.609483],[93.774099,56.598497],[93.784109,56.560981],[93.785655,56.548407],[93.782644,56.530382],[93.774018,56.521023],[93.714366,56.49787],[93.699229,56.489569],[93.686697,56.479438],[93.685639,56.468451],[93.703868,56.421169],[93.685964,56.41002],[93.631358,56.390408],[93.611339,56.38703],[93.595307,56.376329],[93.592377,56.329413],[93.577159,56.318712],[93.520274,56.320746],[93.492931,56.317979],[93.457612,56.297878],[93.438569,56.290391],[93.422537,56.279853],[93.415701,56.260362],[93.416921,56.233344],[93.415131,56.2178],[93.403575,56.20893],[93.278738,56.174669],[93.191173,56.16295],[93.168875,56.153632],[93.158214,56.139675],[93.163666,56.128282],[93.173595,56.114285],[93.17628,56.092149],[93.163829,56.075303],[93.140636,56.062608],[93.118175,56.060492],[93.107921,56.075141],[93.094656,56.086371],[93.064952,56.079901],[93.018565,56.058051],[92.977794,56.03205],[92.928966,56.013129],[92.708588,55.974636],[92.466807,55.961859],[92.455333,55.963813],[92.428803,55.973212],[92.415294,55.976142],[92.398692,55.976671],[92.367768,55.972968],[92.353282,55.969306],[92.316742,55.951728],[92.280284,55.922471],[92.25294,55.887274],[92.24407,55.851996],[92.249034,55.835883],[92.260671,55.817979],[92.276541,55.803331],[92.313487,55.791571],[92.356944,55.764594],[92.381114,55.756415],[92.431895,55.75141],[92.458751,55.744696],[92.470632,55.732774],[92.473237,55.711249],[92.479991,55.691189],[92.497162,55.653998],[92.503917,55.628974],[92.500092,55.609931],[92.487315,55.593207],[92.466807,55.575141],[92.453217,55.555976],[92.446788,55.534857],[92.43629,55.526679],[92.422537,55.518012],[92.408376,55.503119]]}},{"type":"Feature","properties":{"name":"Verkhniy Yenisey","scalerank":4},"geometry":{"type":"LineString","coordinates":[[94.464773,51.73371],[94.444835,51.731716],[94.406505,51.711371],[94.385753,51.706366],[94.36085,51.704413],[94.333588,51.69892],[94.307628,51.69005],[94.286632,51.678412],[94.254649,51.649034],[94.236257,51.636501],[94.194428,51.625678],[94.135183,51.590277],[94.080007,51.575995],[93.938731,51.560981],[93.909923,51.563015],[93.840343,51.586697],[93.82366,51.590277],[93.618175,51.590277],[93.607351,51.588202],[93.58839,51.578803],[93.577159,51.576687],[93.530935,51.582587],[93.518321,51.582831],[93.513438,51.58043],[93.502208,51.571234],[93.497813,51.5692],[93.490001,51.57038],[93.475515,51.575507],[93.47047,51.576687],[93.394216,51.585639],[93.327078,51.603949],[93.303233,51.601386],[93.247,51.58865],[93.209483,51.599066],[93.011322,51.610785],[92.986257,51.60696],[92.949311,51.58869],[92.92921,51.582831],[92.866954,51.585517],[92.836843,51.583319],[92.806407,51.5692],[92.788259,51.577704],[92.769216,51.581122],[92.731212,51.582831],[92.71046,51.587348],[92.67628,51.601101],[92.658946,51.603949],[92.650076,51.607042],[92.639903,51.620714],[92.631277,51.623847],[92.621104,51.625596],[92.602957,51.634345],[92.593435,51.637478],[92.519135,51.634345],[92.500987,51.641181],[92.485606,51.651313],[92.448253,51.665473],[92.42571,51.679145],[92.405935,51.684923],[92.386648,51.688341],[92.379324,51.6942],[92.37379,51.700995],[92.367605,51.706366],[92.334239,51.716905],[92.249766,51.730048],[92.209727,51.741156],[92.21575,51.754665],[92.194347,51.765977],[92.148448,51.782091],[92.138682,51.805243],[92.141124,51.823676],[92.140391,51.840155],[92.121023,51.857204],[92.039073,51.899766],[92.003998,51.92536],[91.977061,51.959581],[92.005056,51.994493],[92.342784,52.169135],[92.373057,52.198554],[92.422781,52.261298],[92.454031,52.311103],[92.466807,52.326443],[92.478282,52.347724],[92.471772,52.365505],[92.455007,52.37995],[92.355398,52.436957],[92.317393,52.467312],[92.298595,52.501532],[92.302989,52.522813],[92.324799,52.565375],[92.32252,52.580634],[92.303396,52.597846],[92.285818,52.60871],[92.265554,52.614773],[92.203217,52.621039],[92.189952,52.61754],[92.179779,52.611274],[92.15919,52.594346],[92.151866,52.590847],[92.142019,52.587714],[92.122325,52.573554],[92.11085,52.57038],[92.093272,52.570868],[92.083995,52.572699],[92.059581,52.584052],[91.986339,52.596015],[91.946218,52.618679],[91.923106,52.615831],[91.88087,52.597724],[91.849132,52.590196],[91.813894,52.588324],[91.779307,52.592719],[91.750499,52.603868],[91.72877,52.625434],[91.72047,52.639268],[91.72698,52.645453],[91.784679,52.645453],[91.779063,52.653917],[91.757823,52.674669],[91.750499,52.680243],[91.736908,52.68476],[91.704112,52.691189],[91.692882,52.696967],[91.667979,52.702257],[91.596446,52.679551],[91.475515,52.654812],[91.442556,52.659125],[91.427664,52.667548],[91.418224,52.676703],[91.40797,52.684027],[91.39088,52.687079],[91.382498,52.690701],[91.364513,52.707872],[91.353282,52.713731],[91.35255,52.719916],[91.331472,52.733181],[91.325857,52.744818],[91.324229,52.768622],[91.325857,52.777167],[91.332774,52.789496],[91.347097,52.807725],[91.362234,52.820828],[91.424083,52.857001],[91.43214,52.864691],[91.439382,52.890408],[91.449718,52.893175],[91.463145,52.893134],[91.476736,52.899359],[91.480479,52.908067],[91.493907,52.953803],[91.518321,52.987494],[91.477061,53.048651],[91.459727,53.066962],[91.44752,53.084052],[91.4463,53.100898],[91.452729,53.117051],[91.463145,53.132107],[91.466889,53.138983],[91.4699,53.146674],[91.47462,53.153876],[91.483002,53.159451],[91.497569,53.162055],[91.598399,53.15705],[91.622081,53.158718],[91.671641,53.171739],[91.727306,53.179877],[91.747081,53.190131],[91.791433,53.248155],[91.958507,53.374457],[91.970225,53.378485],[91.934011,53.430609],[91.908702,53.456732],[91.877452,53.467882],[91.840587,53.466173],[91.823334,53.468817],[91.808849,53.478095],[91.767833,53.525946],[91.74879,53.535224],[91.726573,53.53616],[91.703624,53.534491],[91.68214,53.5362],[91.663503,53.544257],[91.656342,53.554551],[91.653575,53.567816],[91.648041,53.584581],[91.625662,53.606065],[91.564545,53.626776],[91.545014,53.646064],[91.562429,53.654975],[91.581716,53.668158],[91.596609,53.683905],[91.600352,53.700629],[91.588878,53.714219],[91.536225,53.724229],[91.510916,53.735419]]}},{"type":"Feature","properties":{"name":"Nu","scalerank":4},"geometry":{"type":"LineString","coordinates":[[96.595632,30.447943],[96.615896,30.450995],[96.68157,30.449652],[96.701752,30.441759],[96.703868,30.422919],[96.691824,30.380723],[96.691742,30.370225],[96.694835,30.349636],[96.70989,30.309516],[96.715343,30.301378],[96.722179,30.297065],[96.730398,30.29621],[96.747162,30.29739],[96.755951,30.296576],[96.764578,30.294745],[96.772553,30.291449],[96.779796,30.286241],[96.793468,30.272976],[96.800873,30.267849],[96.826671,30.258572],[96.849864,30.243272],[96.857432,30.239936],[96.865489,30.239081],[96.896495,30.244005],[96.917979,30.241767],[96.938487,30.234198],[96.982595,30.201768],[96.991954,30.197537],[97.003429,30.194648],[97.009369,30.194037],[97.015391,30.194037],[97.033214,30.197292],[97.039561,30.197455],[97.053396,30.195909],[97.060313,30.194281],[97.066905,30.191596],[97.079031,30.182685],[97.100027,30.160224],[97.111746,30.150906],[97.14739,30.131212],[97.169037,30.113389],[97.177745,30.109442],[97.186941,30.107937],[97.205333,30.1081],[97.214447,30.107042],[97.222667,30.104275],[97.247813,30.089667],[97.258718,30.078925],[97.266612,30.066107],[97.287608,30.021511],[97.293468,30.013983],[97.300222,30.007351],[97.306733,30.002631],[97.3213,29.994696],[97.327403,29.989569],[97.337413,29.974311],[97.344249,29.955919],[97.348399,29.936632],[97.349701,29.918647],[97.358165,29.899482],[97.377615,29.885443],[97.400483,29.873481],[97.418061,29.860663],[97.422374,29.84455],[97.428233,29.795274],[97.435069,29.784939],[97.447276,29.773139],[97.447276,29.746609],[97.438487,29.702338],[97.442393,29.684678],[97.453543,29.664496],[97.468272,29.647773],[97.483165,29.640937],[97.494395,29.638292],[97.499115,29.631415],[97.500255,29.621446],[97.499929,29.60989],[97.503917,29.60281],[97.561453,29.548041],[97.571707,29.531073],[97.581147,29.486111],[97.595144,29.473456],[97.614838,29.466579],[97.68214,29.459296],[97.703705,29.450873],[97.712901,29.431749],[97.723643,29.422716],[97.829194,29.381781],[97.848155,29.371772],[97.856212,29.356309],[97.85906,29.346544],[97.866466,29.339219],[97.876475,29.334662],[97.886974,29.333075],[97.897716,29.327826],[97.899425,29.315538],[97.89739,29.30154],[97.897227,29.290839],[97.900971,29.28205],[97.906749,29.273383],[97.913666,29.266791],[97.932384,29.261501],[97.935639,29.25491],[97.936127,29.246039],[97.94337,29.219428],[97.9428,29.206488],[97.944347,29.194119],[97.993337,29.1164],[98.003998,29.103868],[98.025076,29.088487],[98.040538,29.072455],[98.034272,29.058051],[98.046967,29.038153],[98.082286,29.019151],[98.089692,29.000352],[98.091726,28.958564],[98.095795,28.938056],[98.103282,28.921495],[98.182384,28.818468],[98.226736,28.804796],[98.257498,28.790229],[98.290294,28.767605],[98.320567,28.741238],[98.343435,28.71544],[98.358979,28.677517],[98.370697,28.544135],[98.374441,28.531195],[98.378184,28.522813],[98.38323,28.516791],[98.391205,28.510606],[98.432221,28.494005],[98.439057,28.492947],[98.443126,28.457058],[98.442149,28.451687],[98.448253,28.439276],[98.445323,28.420681],[98.452729,28.407009],[98.448253,28.394721],[98.444753,28.354438],[98.445323,28.339301],[98.451915,28.324246],[98.45753,28.314561],[98.47047,28.297675],[98.4699,28.290107],[98.466726,28.282172],[98.466319,28.270453],[98.473237,28.234198],[98.472992,28.178087],[98.476003,28.152655],[98.485444,28.129665],[98.558523,28.09752],[98.568858,28.096015],[98.572276,28.082384],[98.581716,28.067654],[98.596202,28.055609],[98.614024,28.050645],[98.645518,28.010688],[98.651378,28.006293],[98.65325,28.001654],[98.659679,27.972032],[98.658214,27.968777],[98.667003,27.956081],[98.673432,27.95539],[98.685476,27.96129],[98.681244,27.949734],[98.675873,27.940782],[98.668386,27.933702],[98.658214,27.927802],[98.679861,27.904079],[98.68629,27.867377],[98.674571,27.770575],[98.673106,27.769558],[98.677419,27.761664],[98.690115,27.751044],[98.692882,27.746609],[98.698253,27.731553],[98.72169,27.699571],[98.731619,27.669013],[98.743337,27.656846],[98.774913,27.632921],[98.810313,27.59101],[98.816417,27.581488],[98.818451,27.576606],[98.823009,27.57331],[98.827566,27.568956],[98.829519,27.561306],[98.829519,27.523749],[98.825125,27.488634],[98.819753,27.475694],[98.809011,27.461697],[98.830658,27.421942],[98.839692,27.399848],[98.846446,27.371202],[98.860932,27.351671],[98.864268,27.341864],[98.863292,27.313015],[98.864268,27.304023],[98.867931,27.296576],[98.879893,27.279812],[98.884776,27.269884],[98.88616,27.261013],[98.88323,27.203315],[98.879975,27.193427],[98.868663,27.173855],[98.898448,26.454901],[98.891612,26.38227],[98.889415,26.373358],[98.883881,26.365058],[98.867686,26.348456],[98.859467,26.335639],[98.861257,26.325263],[98.866791,26.315294],[98.871104,26.303494],[98.871511,26.280626],[98.86321,26.207953],[98.85849,26.188422],[98.857432,26.177191],[98.859793,26.167589],[98.869558,26.15705],[98.871104,26.145819],[98.869233,26.139757],[98.857432,26.118476],[98.856944,26.107978],[98.85906,26.099189],[98.857026,26.091498],[98.843028,26.084337],[98.853282,26.048041],[98.836925,25.920478],[98.878998,25.66588],[98.880056,25.556423],[98.894786,25.471259],[98.891612,25.426459],[98.886729,25.415798],[98.873627,25.395819],[98.871104,25.3817],[98.879242,25.33865],[98.877371,25.324042],[98.870128,25.31505],[98.847992,25.295681],[98.843028,25.28616],[98.850515,25.254421],[98.851329,25.238878],[98.843028,25.22781],[98.848643,25.221015],[98.855398,25.209418],[98.858653,25.198513],[98.854015,25.193671],[98.843028,25.188056],[98.842784,25.175238],[98.850597,25.152126],[98.843028,25.073269],[98.848399,25.048774],[98.872,25.007636],[98.877371,24.991319],[98.880382,24.972846],[98.905284,24.918728],[98.888601,24.901557],[98.895437,24.873603],[98.923269,24.818061],[98.942393,24.796088],[98.946788,24.785915],[98.947683,24.772406],[98.95045,24.757758],[98.955496,24.746039],[98.963145,24.741156],[98.983409,24.734198],[99.010671,24.717353],[99.035492,24.69713],[99.048595,24.679755],[99.054698,24.653876],[99.057546,24.624823],[99.054291,24.599189],[99.04184,24.583564],[99.040538,24.563096],[99.024994,24.490261],[99.014903,24.468817],[98.986501,24.439521],[98.977306,24.422634],[98.97934,24.415391],[99.007498,24.406033],[99.027192,24.396593],[99.046967,24.383897],[99.061615,24.367621],[99.065684,24.347439],[99.06308,24.329413],[99.064952,24.321479],[99.071218,24.313544],[99.0796,24.307969],[99.108328,24.297065],[99.125255,24.284247],[99.118907,24.274237],[99.100515,24.267524],[99.052745,24.261257],[99.025076,24.254259],[98.999034,24.243232],[98.975108,24.227484],[98.965261,24.217637],[98.947276,24.195421],[98.937511,24.186591],[98.897065,24.168647],[98.884776,24.158393],[98.85491,24.139228],[98.817556,24.129218],[98.715831,24.121527],[98.681244,24.107001],[98.640066,24.100938],[98.612234,24.087755],[98.59669,24.083279],[98.58489,24.075995],[98.544444,24.05919],[98.53183,24.055976],[98.510265,24.053331],[98.492931,24.046698],[98.431895,24.000067],[98.417572,23.982693],[98.411632,23.963446],[98.415294,23.919949],[98.425385,23.878445],[98.444916,23.841498],[98.473399,23.814236],[98.54892,23.768581],[98.574718,23.744981],[98.600027,23.709662],[98.637625,23.637559],[98.648936,23.608913],[98.649099,23.596788],[98.644542,23.582953],[98.638194,23.575303],[98.629324,23.567084],[98.621349,23.55744],[98.613373,23.533759],[98.594249,23.517442],[98.589854,23.504177],[98.592784,23.49018],[98.599864,23.474718],[98.617768,23.445828],[98.606863,23.42654],[98.617931,23.419257],[98.639089,23.420437],[98.658214,23.425971],[98.720225,23.388048],[98.733165,23.301825],[98.731212,23.276557],[98.724213,23.262315],[98.710704,23.256049],[98.689138,23.254665],[98.683442,23.251492],[98.66505,23.237372],[98.649832,23.232978],[98.640554,23.227851],[98.634288,23.226671],[98.626475,23.228542],[98.616791,23.23725],[98.610362,23.240343],[98.588471,23.241278],[98.55421,23.229844],[98.53183,23.226671],[98.526459,23.223497],[98.516368,23.209418],[98.510916,23.206244],[98.500011,23.207465],[98.478608,23.212226],[98.466319,23.212429],[98.443451,23.205512],[98.446056,23.195136],[98.458751,23.184109],[98.471202,23.17003],[98.482432,23.164374],[98.495128,23.159735],[98.504242,23.157782],[98.516043,23.152777],[98.524099,23.141181],[98.535248,23.117499],[98.559255,23.092719],[98.564708,23.076443],[98.545095,23.069037],[98.527192,23.065294],[98.511322,23.055691],[98.499522,23.042507],[98.493663,23.028103],[98.496511,23.013617],[98.505056,22.989529],[98.517589,22.97016],[98.53183,22.970038],[98.54892,22.974718],[98.566335,22.963975],[98.589854,22.938747],[98.655284,22.909857],[98.66505,22.90119],[98.664561,22.876166],[98.661143,22.859239],[98.651134,22.847032],[98.63087,22.83629],[98.611339,22.830837],[98.545095,22.822618],[98.540538,22.818305],[98.524669,22.791327],[98.521983,22.781602],[98.527599,22.770331],[98.541515,22.75373],[98.54892,22.737331],[98.548106,22.730292],[98.543956,22.723822],[98.541515,22.709337],[98.544526,22.70071],[98.558849,22.685858],[98.563243,22.678656],[98.562999,22.669135],[98.559662,22.661322],[98.556163,22.655341],[98.555186,22.651313],[98.558849,22.639268],[98.562755,22.637803],[98.57252,22.637722],[98.578298,22.634874],[98.58074,22.628201],[98.582612,22.620225],[98.59075,22.606472],[98.5949,22.58808],[98.600108,22.579291],[98.612397,22.563503],[98.616303,22.554633],[98.621674,22.528103],[98.639415,22.496283],[98.644542,22.480048],[98.641612,22.459988],[98.622488,22.429958],[98.617768,22.414862],[98.61321,22.381659],[98.601085,22.346625],[98.585378,22.314032],[98.568858,22.288194],[98.578298,22.273139],[98.631114,22.158271],[98.643484,22.139431],[98.698253,22.086982],[98.720144,22.073798],[98.744151,22.068468],[98.756358,22.063259],[98.767833,22.051785],[98.774425,22.040229],[98.771495,22.03498],[98.756847,22.034857],[98.745697,22.032904],[98.738048,22.026719],[98.733165,22.013861],[98.740733,22.007025],[98.734793,21.998318],[98.726085,21.980089],[98.720225,21.972276],[98.713308,21.967637],[98.697195,21.961208],[98.671397,21.942939],[98.628998,21.926459],[98.569347,21.893622],[98.554698,21.878974],[98.54892,21.85932],[98.551199,21.838324],[98.58546,21.715277],[98.635753,21.647528],[98.644542,21.630316],[98.648529,21.581366],[98.618337,21.562079],[98.582286,21.547716],[98.568858,21.513617],[98.578136,21.492947],[98.610769,21.455512],[98.625255,21.417019],[98.642345,21.406806],[98.661062,21.399482],[98.673106,21.390082],[98.676768,21.372911],[98.678722,21.30447],[98.683523,21.290839],[98.706147,21.258653],[98.71282,21.239285],[98.710867,21.221015],[98.705577,21.199734],[98.703136,21.178534],[98.709727,21.160468],[98.726492,21.14289],[98.78297,21.102118],[98.801687,21.074734],[98.796397,21.043402],[98.773855,21.013983],[98.740733,20.992255],[98.712413,20.989814],[98.673432,20.992255],[98.638927,20.990546],[98.607432,20.960395],[98.530691,20.962755],[98.507904,20.951239]]}},{"type":"Feature","properties":{"name":"Hongshui","scalerank":4},"geometry":{"type":"LineString","coordinates":[[106.97047,25.241482],[106.977306,25.223212],[106.979096,25.200629],[106.977306,25.155829],[106.981944,25.134304],[107.018158,25.069525],[107.027843,25.042507],[107.03183,25.035997],[107.067556,25.018907],[107.085704,24.997341],[107.113048,24.998114],[107.155935,25.008734],[107.168224,24.995144],[107.195079,24.9442],[107.20753,24.932969],[107.21282,24.930732],[107.217459,24.925849],[107.223888,24.920966],[107.246186,24.915351],[107.253673,24.907009],[107.26588,24.885199],[107.310313,24.840155],[107.316824,24.830024],[107.317312,24.82099],[107.313731,24.806708],[107.315115,24.795437],[107.332042,24.759101],[107.334565,24.751085],[107.334076,24.741156],[107.328868,24.732733],[107.31129,24.716335],[107.306895,24.707058],[107.309988,24.695624],[107.334076,24.651801],[107.3449,24.622585],[107.353038,24.611192],[107.367686,24.597764],[107.404714,24.572821],[107.415538,24.562445],[107.456065,24.509101],[107.514171,24.395575],[107.521983,24.362006],[107.519786,24.323513],[107.531505,24.332953],[107.540294,24.341742],[107.549571,24.348253],[107.563243,24.350775],[107.5796,24.345811],[107.592459,24.333604],[107.60198,24.317979],[107.608409,24.303005],[107.610281,24.277452],[107.601329,24.225531],[107.608409,24.21365],[107.589936,24.194159],[107.576101,24.174262],[107.5595,24.163886],[107.532725,24.172634],[107.502208,24.138373],[107.485606,24.114569],[107.488048,24.103787],[107.492931,24.100613],[107.509288,24.086453],[107.515717,24.083279],[107.521088,24.078396],[107.514171,24.067979],[107.503673,24.058417],[107.498546,24.055976],[107.50172,24.043077],[107.520763,24.002509],[107.529063,23.993923],[107.536632,23.990261],[107.556407,23.963446],[107.566905,23.957139],[107.578217,23.955837],[107.589936,23.955837],[107.601573,23.953559],[107.614675,23.946234],[107.621023,23.940294],[107.62794,23.937445],[107.642589,23.939276],[107.653901,23.942979],[107.65919,23.947618],[107.663829,23.954169],[107.673106,23.963446],[107.689057,23.969428],[107.699474,23.959581],[107.717703,23.925605],[107.758556,23.877224],[107.782319,23.861843],[107.793061,23.840888],[107.80714,23.802069],[107.841238,23.739691],[107.864838,23.711249],[107.885265,23.709906],[107.894054,23.722357],[107.899669,23.733018],[107.907481,23.7414],[107.922455,23.746853],[107.956472,23.740912],[107.976003,23.740831],[107.98821,23.754828],[108.005382,23.753119],[108.011974,23.754259],[108.016775,23.76203],[108.018321,23.778591],[108.022472,23.785346],[108.034434,23.797797],[108.042003,23.808295],[108.050792,23.816718],[108.066498,23.823188],[108.098888,23.825466],[108.110362,23.830878],[108.121023,23.863349],[108.134776,23.859198],[108.16269,23.836249],[108.171804,23.846991],[108.190115,23.878445],[108.197276,23.88585],[108.212494,23.894599],[108.221446,23.901719],[108.231293,23.905382],[108.259776,23.910468],[108.265717,23.915635],[108.267345,23.926703],[108.275645,23.956163],[108.28004,23.966579],[108.286225,23.966579],[108.301524,23.958441],[108.310557,23.972235],[108.320404,24.007514],[108.352794,24.004828],[108.402843,24.048163],[108.434093,24.038886],[108.449311,24.028754],[108.474213,24.022284],[108.488292,24.011257],[108.503429,24.005439],[108.567393,24.007514],[108.585053,24.001532],[108.601573,23.993923],[108.605235,23.989569],[108.612071,23.977851],[108.615245,23.973985],[108.650401,23.950629],[108.664154,23.935614],[108.669932,23.915635],[108.700613,23.870958],[108.712576,23.861111],[108.721202,23.856879],[108.728608,23.863227],[108.751882,23.878445],[108.764415,23.851752],[108.796641,23.835761],[108.835704,23.828803],[108.869721,23.829413],[108.859304,23.815131],[108.857026,23.79914],[108.864513,23.784695],[108.882823,23.774766],[108.882823,23.768581],[108.862071,23.760362],[108.853038,23.754706],[108.848643,23.746853],[108.850108,23.734565],[108.857026,23.723822],[108.867279,23.716173],[108.879405,23.713324],[108.891368,23.706488],[108.898367,23.690456],[108.903412,23.672187],[108.910085,23.658718],[108.922455,23.648953],[108.942393,23.638373],[108.963959,23.633653],[108.982432,23.641303],[109.000255,23.657782],[109.0171,23.666856],[109.077159,23.685085],[109.132498,23.709906],[109.151134,23.726671],[109.168549,23.736274],[109.187755,23.737128],[109.211192,23.727607],[109.212576,23.724148],[109.216726,23.710476],[109.218435,23.706488],[109.222667,23.705512],[109.234793,23.707343],[109.239024,23.706488],[109.252208,23.689154],[109.261241,23.681342],[109.269786,23.682644],[109.285818,23.692898],[109.342052,23.706488],[109.398448,23.747667],[109.418956,23.757025],[109.424897,23.763699],[109.428722,23.771593],[109.427419,23.77851],[109.42213,23.790147],[109.42628,23.799343],[109.433686,23.8074],[109.438243,23.815741],[109.437022,23.826483],[109.429779,23.842475],[109.430919,23.850531],[109.437918,23.857856],[109.449474,23.864203],[109.460134,23.864447],[109.464936,23.853583],[109.467296,23.835557],[109.474294,23.817654],[109.487234,23.803087],[109.50644,23.795233],[109.528575,23.796413]]}},{"type":"Feature","properties":{"name":"Quan","scalerank":4},"geometry":{"type":"LineString","coordinates":[[109.528575,23.796413],[109.543875,23.797065],[109.560964,23.789496],[109.567963,23.764838],[109.561941,23.747178],[109.550222,23.731879],[109.542247,23.718451],[109.547537,23.706488],[109.559255,23.70185],[109.56837,23.705146],[109.577159,23.710801],[109.587901,23.713324],[109.602631,23.711697],[109.606049,23.708564],[109.604015,23.701931],[109.602061,23.68948],[109.612315,23.682563],[109.634369,23.685248],[109.655528,23.682318],[109.663585,23.658718],[109.655854,23.642401],[109.642996,23.62698],[109.635916,23.611151],[109.646251,23.593573],[109.653412,23.59101],[109.670909,23.592353],[109.677257,23.590399],[109.683604,23.582343],[109.691498,23.55504],[109.722667,23.493679],[109.74464,23.465196],[109.76295,23.463202],[109.78712,23.480821],[109.815359,23.485216],[109.838878,23.473456],[109.853282,23.429389],[109.865164,23.426622],[109.896414,23.432156],[109.90976,23.432929],[109.922862,23.431749],[109.936534,23.427354],[109.951589,23.418524],[109.978282,23.45185],[109.998139,23.467312],[110.0171,23.463202],[110.050141,23.423611],[110.068614,23.4088],[110.089366,23.404853]]}},{"type":"Feature","properties":{"name":"Xun","scalerank":4},"geometry":{"type":"LineString","coordinates":[[110.089285,23.407986],[110.090831,23.406806],[110.104015,23.407416],[110.113699,23.418158],[110.11614,23.432807],[110.116466,23.448432],[110.119884,23.461982],[110.122813,23.466417],[110.126557,23.470486],[110.131114,23.47366],[110.135916,23.475857],[110.142996,23.476589],[110.156749,23.474555],[110.163178,23.475369],[110.163666,23.513454],[110.16505,23.523464],[110.168875,23.529608],[110.175548,23.533067],[110.185557,23.53498],[110.200613,23.57331],[110.208263,23.583075],[110.221283,23.589057],[110.237885,23.590766],[110.254893,23.589545],[110.27589,23.585069],[110.282237,23.58279],[110.287852,23.579372],[110.292247,23.574408],[110.294932,23.567735],[110.297374,23.553168],[110.300548,23.546902],[110.312592,23.540147],[110.329845,23.538357],[110.362315,23.539374],[110.379812,23.537218],[110.39739,23.532416],[110.414154,23.525255],[110.429291,23.516425],[110.462494,23.487372],[110.476492,23.482489],[110.506602,23.480292],[110.521658,23.477362],[110.534597,23.470893],[110.541026,23.459744],[110.545909,23.445136],[110.553152,23.435736],[110.565929,23.440253],[110.571218,23.446357],[110.57545,23.453152],[110.580658,23.459011],[110.587901,23.462429],[110.597179,23.461737],[110.613699,23.452908],[110.622081,23.449571],[110.628917,23.449815],[110.634695,23.452338],[110.640147,23.455512],[110.646576,23.45779],[110.654877,23.457221],[110.677419,23.446885],[110.693451,23.447292],[110.70753,23.454535],[110.720795,23.464179],[110.734874,23.471951],[110.751231,23.47545],[110.769054,23.475409],[110.786388,23.471869],[110.801362,23.465033],[110.828298,23.447862],[110.841319,23.441759],[110.846934,23.43769],[110.851573,23.431993],[110.856293,23.418728],[110.860606,23.38996],[110.868744,23.37877],[110.895112,23.371527],[110.919037,23.383653],[110.941335,23.402615],[110.962901,23.415595],[111.070567,23.452501],[111.086029,23.455919],[111.092703,23.456122],[111.135916,23.449774],[111.18629,23.433132],[111.201671,23.430691],[111.216319,23.430854],[111.230886,23.433173],[111.232026,23.447089],[111.235281,23.460232],[111.241791,23.471055],[111.253835,23.478339],[111.271414,23.481635],[111.301362,23.480658]]}},{"type":"Feature","properties":{"name":"Salween","scalerank":4},"geometry":{"type":"LineString","coordinates":[[98.507904,20.951239],[98.494558,20.924099],[98.49171,20.876776],[98.500499,20.787421],[98.512299,20.747992],[98.593028,20.611884],[98.649832,20.484931],[98.656179,20.460964],[98.65919,20.43655],[98.654796,20.420233],[98.64503,20.401313],[98.644135,20.377509],[98.649343,20.353787],[98.658214,20.334906],[98.673595,20.317247],[98.686941,20.306586],[98.6963,20.293891],[98.699718,20.270087],[98.695893,20.224636],[98.689464,20.201443],[98.678722,20.184109],[98.661225,20.172227],[98.622813,20.157009],[98.606944,20.146552],[98.599864,20.144721],[98.565929,20.14997],[98.535248,20.129462],[98.505382,20.095567],[98.488455,20.085028],[98.462576,20.081081],[98.399832,20.080349],[98.377533,20.074815],[98.343272,20.057481],[98.276378,20.014431],[98.233653,19.999132],[98.14088,19.990017],[98.020274,19.953233],[97.996755,19.951361],[97.978282,19.953925],[97.940684,19.964179],[97.917735,19.964952],[97.877045,19.950792],[97.858409,19.924018],[97.847179,19.891913],[97.829519,19.861925],[97.814871,19.851671],[97.800955,19.850653],[97.764415,19.85574],[97.751069,19.846503],[97.745942,19.824897],[97.743907,19.79975],[97.740245,19.780056],[97.693614,19.72016],[97.681895,19.711127],[97.663259,19.705349],[97.655365,19.690497],[97.65089,19.649685],[97.637218,19.60871],[97.634939,19.595974],[97.637218,19.564032],[97.633067,19.547187],[97.603038,19.485785],[97.58546,19.419501],[97.579112,19.409491],[97.558116,19.404608],[97.539154,19.391872],[97.525645,19.374294],[97.520518,19.354844],[97.52239,19.347968],[97.530935,19.330675],[97.53419,19.320665],[97.534597,19.150458],[97.528575,19.137274],[97.510509,19.118679],[97.503673,19.103868],[97.490001,19.05036],[97.476654,18.901719],[97.465831,18.862006],[97.460053,18.851752],[97.441335,18.827826],[97.431651,18.820421],[97.386974,18.823554],[97.365733,18.856065],[97.351329,18.87169],[97.33489,18.875067],[97.32724,18.850857],[97.33489,18.710557],[97.359793,18.624213],[97.362804,18.587673],[97.34547,18.561591],[97.357351,18.540107],[97.378673,18.520941],[97.390066,18.502021],[97.39446,18.487331],[97.417247,18.441352],[97.4428,18.40351],[97.446056,18.381415],[97.446544,18.358466],[97.452159,18.333808],[97.466238,18.311591],[97.485932,18.292344],[97.507742,18.276719],[97.527924,18.26557],[97.537201,18.272773],[97.541515,18.280463],[97.560151,18.328437],[97.562022,18.330675],[97.573334,18.333279],[97.624278,18.313544],[97.637218,18.306505],[97.643321,18.291571],[97.642833,18.27322],[97.635265,18.257758],[97.620372,18.251288],[97.617605,18.241889],[97.62851,18.221055],[97.680105,18.152859],[97.683849,18.146308],[97.684988,18.140408],[97.684988,18.131781],[97.687022,18.120063],[97.696381,18.101752],[97.698416,18.090847],[97.697683,18.084906],[97.693289,18.075303],[97.692393,18.070339],[97.693858,18.061713],[97.697276,18.060899],[97.701915,18.062079],[97.706065,18.059434],[97.719656,18.05329],[97.721772,18.04914],[97.724864,18.036933],[97.73935,18.003119],[97.743663,17.997992],[97.746755,17.992703],[97.751394,17.980984],[97.753835,17.969265],[97.750499,17.963894],[97.747162,17.961046],[97.719656,17.943427],[97.691417,17.895819],[97.685069,17.880886],[97.698416,17.833564],[97.675792,17.830512],[97.675955,17.815253],[97.686046,17.794623],[97.692393,17.775214],[97.695079,17.752468],[97.712901,17.690131],[97.720714,17.591661],[97.72405,17.581855],[97.729503,17.573065],[97.737071,17.563544],[97.743663,17.55268],[97.753917,17.518866],[97.771251,17.492621],[97.774343,17.484076],[97.772716,17.47248],[97.760753,17.44656],[97.761485,17.419013],[97.759939,17.405626],[97.750499,17.398139],[97.726492,17.388495],[97.690522,17.361396],[97.674815,17.323432],[97.671886,17.237657],[97.676524,17.199327],[97.674246,17.182969],[97.655284,17.173122],[97.652192,17.165229],[97.65089,17.155056],[97.65089,17.12641],[97.61321,17.055528],[97.609793,17.03502],[97.612641,17.01085],[97.637218,16.956488],[97.640066,16.932563],[97.634939,16.912665],[97.62794,16.893378],[97.616628,16.829291],[97.619151,16.818874],[97.629242,16.80211],[97.630382,16.791368],[97.624522,16.771186],[97.606619,16.729804],[97.603038,16.706366],[97.605398,16.684353],[97.61142,16.665391],[97.620209,16.648993],[97.656261,16.599962],[97.664236,16.585557],[97.673595,16.554958]]}},{"type":"Feature","properties":{"name":"Jinsha","scalerank":1},"geometry":{"type":"LineString","coordinates":[[98.541515,31.689765],[98.547781,31.684638],[98.553233,31.68126],[98.558523,31.677029],[98.563243,31.669298],[98.565684,31.66059],[98.568858,31.631781],[98.575694,31.615912],[98.591889,31.598741],[98.840831,31.396796],[98.864268,31.367703],[98.867442,31.364854],[98.884776,31.354031],[98.874278,31.341173],[98.830577,31.298285],[98.802745,31.257839],[98.781749,31.238959],[98.767589,31.230292],[98.761241,31.234198],[98.755951,31.244412],[98.731375,31.277899],[98.723643,31.285102],[98.713634,31.290961],[98.682546,31.315863],[98.66505,31.320502],[98.648936,31.316596],[98.637625,31.30919],[98.620942,31.288845],[98.611095,31.25613],[98.619884,31.187852],[98.603526,31.169623],[98.612804,31.164862],[98.638438,31.159735],[98.651378,31.155382],[98.692882,31.12462],[98.720876,31.066352],[98.726003,31.059638],[98.745046,31.040554],[98.764659,31.015082],[98.774913,31.007432],[98.796804,30.997097],[98.802745,30.990912],[98.805105,30.966254],[98.797862,30.940782],[98.786062,30.91824],[98.774913,30.902167],[98.787364,30.880805],[98.800792,30.867784],[98.8331,30.843533],[98.8803,30.793077],[98.898448,30.778632],[98.938243,30.760199],[98.954112,30.747829],[98.96046,30.727118],[98.952891,30.708116],[98.935964,30.700466],[98.91741,30.694892],[98.905284,30.68244],[98.90504,30.663682],[98.921886,30.623643],[98.92628,30.603868],[98.927257,30.593695],[98.93157,30.579454],[98.930919,30.500027],[98.932546,30.490587],[98.937999,30.485297],[98.947358,30.479112],[98.956391,30.471055],[98.96046,30.459906],[98.986501,30.144314],[99.029552,30.067898],[99.033946,30.055243],[99.036632,29.975531],[99.043224,29.944892],[99.056082,29.915229],[99.017345,29.853298],[99.0053,29.820014],[99.000662,29.784939],[99.00294,29.781033],[99.012218,29.773017],[99.014415,29.767849],[99.012625,29.764716],[99.003673,29.761583],[99.000662,29.756944],[98.98821,29.688585],[98.986501,29.650824],[98.991791,29.63463],[99.015229,29.604356],[99.023855,29.581488],[99.038585,29.567328],[99.04184,29.562364],[99.04184,29.52794],[99.058686,29.417996],[99.048595,29.387641],[99.058849,29.367051],[99.062755,29.34809],[99.062266,29.308214],[99.067149,29.296698],[99.089854,29.26671],[99.096446,29.250515],[99.10849,29.224148],[99.103933,29.092149],[99.120942,28.964626],[99.117442,28.921495],[99.09905,28.855984],[99.096446,28.835883],[99.100352,28.813503],[99.118663,28.77086],[99.124278,28.749579],[99.123546,28.738959],[99.118093,28.720079],[99.117442,28.708604],[99.120128,28.698513],[99.128673,28.677558],[99.130463,28.664578],[99.134858,28.654568],[99.154063,28.640652],[99.158376,28.630154],[99.160248,28.617133],[99.1692,28.602403],[99.17213,28.592597],[99.171641,28.582628],[99.166515,28.565009],[99.165294,28.554714],[99.175955,28.532172],[99.178803,28.523627],[99.180186,28.504706],[99.178233,28.482204],[99.17213,28.463324],[99.161794,28.45539],[99.162364,28.438056],[99.226654,28.339301],[99.244558,28.321804],[99.254975,28.314399],[99.264903,28.311387],[99.273448,28.307237],[99.274506,28.297471],[99.273204,28.2862],[99.274425,28.277208],[99.278412,28.274034],[99.293061,28.264716],[99.29892,28.259874],[99.30421,28.2508],[99.308442,28.240831],[99.314545,28.232774],[99.326671,28.229438],[99.339447,28.224066],[99.381277,28.184434],[99.388601,28.168077],[99.386485,28.139268],[99.398529,28.12641]]}},{"type":"Feature","properties":{"name":"Jinsha","scalerank":1},"geometry":{"type":"LineString","coordinates":[[99.398529,28.119574],[99.391124,28.085313],[99.394542,28.042507],[99.405203,28.000515],[99.449962,27.906317],[99.457774,27.86876],[99.453868,27.832221],[99.446218,27.818712],[99.437511,27.809394],[99.431651,27.797716],[99.432872,27.776964],[99.441335,27.750027],[99.471446,27.689032],[99.480968,27.674628],[99.494151,27.659695],[99.514578,27.657538],[99.523041,27.653591],[99.518484,27.6435],[99.518647,27.637722],[99.522553,27.628241],[99.525401,27.616726],[99.521495,27.605048],[99.549815,27.588894],[99.560313,27.563259],[99.560069,27.534613],[99.555675,27.509467],[99.571707,27.500312],[99.586192,27.486925],[99.594168,27.472846],[99.589854,27.461697],[99.615815,27.421332],[99.64503,27.385932],[99.635916,27.350206],[99.653087,27.317694],[99.802419,27.195583],[99.947765,27.029486],[99.956391,27.009955],[99.960053,26.989366],[99.962576,26.920722],[99.966563,26.898708],[99.97405,26.886298],[99.989024,26.888983],[100.024669,26.919623],[100.039154,26.927273],[100.041026,26.931952],[100.063406,26.958279],[100.062429,26.992133],[100.063406,27.002997],[100.079112,27.045111],[100.084727,27.069119],[100.080089,27.087999],[100.067475,27.106798],[100.059011,27.12873],[100.056733,27.151638],[100.063406,27.173651],[100.075613,27.183661],[100.11614,27.208523],[100.129242,27.224677],[100.14796,27.243272],[100.155772,27.26085],[100.164154,27.267157],[100.173269,27.272244],[100.179454,27.276679],[100.237804,27.341864],[100.244558,27.361151],[100.236501,27.382025],[100.214285,27.413886],[100.211436,27.423285],[100.206716,27.454861],[100.194835,27.480292],[100.193126,27.485867],[100.193126,27.511013],[100.195323,27.52794],[100.203217,27.541938],[100.237641,27.576524],[100.244151,27.592556],[100.24822,27.607367],[100.263764,27.63113],[100.271251,27.652655],[100.278819,27.663398],[100.290131,27.675564],[100.295014,27.683539],[100.296316,27.690863],[100.296153,27.701239],[100.294851,27.711005],[100.289073,27.731024],[100.288666,27.742784],[100.300792,27.768622],[100.302989,27.780382],[100.296153,27.821357],[100.299571,27.832099],[100.307221,27.832221],[100.323416,27.824774],[100.334402,27.824042],[100.339936,27.82453],[100.378673,27.841864],[100.388194,27.844794],[100.402273,27.845893],[100.420339,27.838487],[100.429698,27.820624],[100.433197,27.798041],[100.432384,27.749457],[100.433197,27.742784],[100.45045,27.704657],[100.461843,27.688096],[100.464936,27.670681],[100.443777,27.538398],[100.448822,27.498969],[100.481049,27.468533],[100.527599,27.452826],[100.542979,27.438788],[100.524425,27.400499],[100.522716,27.376654],[100.528819,27.331326],[100.545909,27.284451],[100.552419,27.255479],[100.546641,27.24254],[100.543712,27.238308],[100.54184,27.228868],[100.538829,27.21955],[100.532644,27.215277],[100.521414,27.211371],[100.503184,27.193386],[100.494721,27.187934],[100.482595,27.187201],[100.45045,27.194159],[100.437592,27.190985],[100.433849,27.183905],[100.436615,27.176825],[100.443614,27.173651],[100.466075,27.166083],[100.486257,27.147488],[100.497081,27.124132],[100.49171,27.102322],[100.486257,27.092841],[100.474294,27.057644],[100.453868,27.0303],[100.453543,27.008897],[100.458263,26.980658],[100.46575,26.953315],[100.474294,26.934678],[100.464773,26.922919],[100.458263,26.905341],[100.454845,26.885199],[100.454194,26.843858],[100.451915,26.826443],[100.441173,26.814765],[100.415945,26.810574],[100.398204,26.803819],[100.393972,26.787177],[100.398529,26.746039],[100.40089,26.74018],[100.410655,26.730902],[100.412852,26.724921],[100.411713,26.719062],[100.409434,26.716254],[100.407156,26.714464],[100.405935,26.711534],[100.407807,26.69949],[100.418956,26.674018],[100.419526,26.663926],[100.41741,26.650417],[100.418956,26.639228],[100.421641,26.635443],[100.431244,26.626329],[100.433197,26.625596],[100.432628,26.619412],[100.427419,26.608751],[100.426524,26.605089],[100.426524,26.519477],[100.430756,26.499132],[100.449474,26.465277],[100.460704,26.403388],[100.454845,26.391547],[100.444835,26.3817],[100.440847,26.373074],[100.453868,26.364936],[100.439952,26.344997],[100.426524,26.333686],[100.41684,26.321845],[100.412852,26.300076],[100.41505,26.294786],[100.419688,26.289903],[100.424327,26.28323],[100.428966,26.262559],[100.447032,26.227729],[100.473725,26.214952],[100.547944,26.229438],[100.584239,26.221503],[100.589692,26.215928],[100.593272,26.210232],[100.599294,26.205024],[100.612071,26.201036],[100.618337,26.204128],[100.625987,26.210517],[100.635671,26.213162],[100.667735,26.191677],[100.687918,26.190131],[100.734386,26.1942],[100.774913,26.184149],[100.793875,26.184638],[100.813243,26.197618],[100.83074,26.206],[100.84962,26.200507],[100.885834,26.180528],[100.890554,26.178738],[100.895763,26.175605],[100.900971,26.171454],[100.905772,26.166287],[100.925955,26.186876],[100.949474,26.22663],[100.987804,26.269721],[101.000011,26.27912],[101.026134,26.287177],[101.045828,26.305487],[101.053722,26.309638],[101.080496,26.31627],[101.125662,26.345282],[101.170665,26.355089],[101.191173,26.369208],[101.201101,26.372382],[101.217377,26.369086],[101.228608,26.363878],[101.239675,26.362982],[101.255056,26.372382],[101.279714,26.36994],[101.369721,26.379503],[101.403331,26.392157],[101.422944,26.393093],[101.427013,26.396552],[101.429861,26.400702],[101.471772,26.445583],[101.476329,26.461046],[101.457774,26.467963],[101.451915,26.471625],[101.454845,26.479804],[101.464366,26.492133],[101.464366,26.498155],[101.450857,26.511908],[101.44752,26.519477],[101.452729,26.531195],[101.488455,26.57038],[101.518484,26.590644],[101.552338,26.593573],[101.587006,26.591864],[101.618907,26.598253],[101.631765,26.582302],[101.638601,26.576199],[101.646658,26.57038],[101.652354,26.589952],[101.660492,26.586249],[101.670421,26.573025],[101.680919,26.564154],[101.697846,26.564805],[101.705089,26.573065],[101.708588,26.583686],[101.715017,26.591417],[101.723074,26.594306],[101.730886,26.59516],[101.738455,26.593288],[101.745697,26.587999],[101.754975,26.583319],[101.762218,26.587104],[101.768647,26.594021],[101.77589,26.598253],[101.805675,26.601426],[101.817556,26.598904],[101.830577,26.591417],[101.845876,26.571885],[101.88616,26.474636],[101.892833,26.462266],[101.901134,26.45128],[101.913097,26.44123],[101.931895,26.428778],[101.94044,26.421739],[101.947765,26.413357],[101.94101,26.398749],[101.939138,26.381212],[101.941742,26.326972],[101.94044,26.317165],[101.928315,26.289659],[101.926768,26.279568],[101.921397,26.265652],[101.911225,26.251532],[101.904389,26.23782],[101.909679,26.224636],[101.917247,26.210517],[101.908295,26.201199],[101.878917,26.186794],[101.857026,26.169013],[101.844737,26.13935],[101.839122,26.103583],[101.837901,26.067328],[101.839122,26.059841],[101.843761,26.042304],[101.844737,26.032823],[101.842052,26.022284],[101.831147,26.006049],[101.830577,25.994981],[101.838796,25.98253],[101.854747,25.975409],[101.874115,25.972968],[101.892589,25.974473],[101.940033,25.992214],[101.957774,25.994981],[102.017833,25.98668],[102.046886,25.996039],[102.065359,25.995876],[102.083995,25.999579],[102.098643,26.015448],[102.102061,26.034451],[102.100841,26.053738],[102.10198,26.071112],[102.112315,26.084337],[102.117605,26.096259],[102.130382,26.114814],[102.145437,26.132107],[102.222179,26.186794],[102.231944,26.197781],[102.24114,26.214057],[102.25172,26.228787],[102.266612,26.235175],[102.289806,26.237087],[102.314545,26.24254],[102.338308,26.251166],[102.358165,26.262519],[102.375092,26.280463],[102.386648,26.298204],[102.40032,26.311713],[102.423839,26.317165],[102.4463,26.318549],[102.464854,26.322618],[102.502615,26.337592],[102.55421,26.373114],[102.567882,26.378526],[102.584727,26.374945],[102.602794,26.366238],[102.617931,26.355251],[102.626231,26.345038],[102.623139,26.318671],[102.61142,26.286892],[102.60963,26.260118],[102.646576,26.244574],[102.667491,26.225775],[102.680919,26.221503],[102.698741,26.223456],[102.710867,26.228949],[102.720144,26.237576],[102.766775,26.293321],[102.791026,26.310329],[102.821788,26.317165],[102.845225,26.327094],[102.87794,26.365017],[102.893077,26.364936],[102.891775,26.355292],[102.908376,26.349229],[102.951182,26.345038],[102.971609,26.350857],[102.988292,26.365098],[102.999278,26.383124],[103.00294,26.400255],[103.000499,26.410346],[102.991303,26.430528],[102.989268,26.44123],[102.991303,26.44599],[103.000662,26.456855],[103.00294,26.461127],[103.002371,26.468533],[102.996755,26.47956],[102.995535,26.485378],[102.999766,26.495795],[103.009939,26.500678],[103.022553,26.502061],[103.033702,26.502061],[103.038666,26.506171],[103.053233,26.527045],[103.057628,26.5362],[103.057709,26.557196],[103.047862,26.57038],[103.036062,26.582831],[103.030284,26.601671],[103.030935,26.643866],[103.029226,26.661811],[103.023448,26.680243],[103.011974,26.703721],[103.009207,26.714952],[103.006602,26.738634],[103.003917,26.750759],[102.999278,26.755927],[102.992279,26.765815],[102.975108,26.831081],[102.953054,26.86164],[102.924734,26.892117],[102.901134,26.924628],[102.893077,26.961371],[102.900483,26.992458],[102.899343,27.002997],[102.895518,27.00849],[102.8838,27.017768],[102.879975,27.023464],[102.87794,27.031846],[102.878184,27.035712],[102.879405,27.039374],[102.879975,27.04739],[102.884776,27.06623],[102.906505,27.097764],[102.913585,27.11225],[102.915457,27.134345],[102.903575,27.221625],[102.889578,27.256619],[102.886241,27.276679],[102.889252,27.291368],[102.906993,27.333686],[102.929454,27.367133],[102.941905,27.405097],[102.9546,27.420722],[102.966319,27.398993],[102.977061,27.38878],[102.991222,27.385932],[103.012787,27.385932],[103.019054,27.389106],[103.037852,27.403266],[103.04713,27.40644],[103.070811,27.408149],[103.083507,27.410468],[103.092296,27.413886],[103.106375,27.408474],[103.120616,27.412177],[103.134288,27.421902],[103.146983,27.434353],[103.150076,27.473171],[103.160167,27.497138],[103.217865,27.566759],[103.228933,27.573513],[103.249441,27.577704],[103.28476,27.580756],[103.295909,27.587755],[103.304698,27.605048],[103.285737,27.633612],[103.28419,27.640448],[103.290701,27.646064],[103.313487,27.654853],[103.318289,27.663398],[103.326752,27.673529],[103.414561,27.742784],[103.444021,27.755561],[103.451427,27.759874],[103.454682,27.768663],[103.456065,27.781277],[103.458507,27.792548],[103.465017,27.797431],[103.476573,27.799872],[103.479015,27.80626],[103.478608,27.81505],[103.482188,27.824774],[103.503022,27.849677],[103.508311,27.864447],[103.510916,27.93004],[103.518565,27.94538],[103.536713,27.96129],[103.555431,27.970242],[103.562755,27.97545],[103.564708,27.983018],[103.560069,27.98786],[103.550792,27.98786],[103.540945,27.984442],[103.533702,27.979315],[103.513927,27.971381],[103.50172,27.99197],[103.489024,28.037665],[103.474539,28.039822],[103.456391,28.037136],[103.440929,28.042304],[103.434255,28.068061],[103.436046,28.075792],[103.440115,28.083319],[103.445567,28.090196],[103.451427,28.096015],[103.456472,28.105251],[103.452647,28.123887],[103.454845,28.133857],[103.458914,28.134711],[103.538178,28.184434],[103.551524,28.206122],[103.562022,28.229275],[103.571544,28.243109],[103.58074,28.246365],[103.602468,28.247748],[103.612641,28.249945],[103.619395,28.254747],[103.626231,28.261583],[103.634044,28.267768],[103.643565,28.270453],[103.666026,28.26321],[103.683442,28.246649],[103.697032,28.228339],[103.708751,28.215766],[103.722097,28.21544],[103.749278,28.242743],[103.788992,28.255479],[103.879975,28.325629],[103.870128,28.343777],[103.859467,28.400743],[103.8213,28.484809],[103.796804,28.525336],[103.794932,28.531073],[103.804861,28.551581],[103.828217,28.587429],[103.836436,28.604844],[103.832286,28.620469],[103.841563,28.636257],[103.845144,28.653591],[103.850678,28.668036]]}},{"type":"Feature","properties":{"name":"Syr  Darya","scalerank":5},"geometry":{"type":"LineString","coordinates":[[61.760183,46.021104],[61.751394,46.031562],[61.733165,46.047553],[61.70045,46.056098],[61.66505,46.063666],[61.562429,46.109565]]}},{"type":"Feature","properties":{"name":"Syr  Darya","scalerank":5},"geometry":{"type":"LineString","coordinates":[[68.45574,41.106757],[68.435476,41.113105],[68.383311,41.105658],[68.354747,41.103949],[68.318777,41.103135],[68.263438,41.104763],[68.2046,41.111884],[68.079031,41.137152],[68.045502,41.152777],[67.990896,41.207465],[67.972585,41.234971],[67.964936,41.24962]]}},{"type":"Feature","properties":{"name":"Syr  Darya","scalerank":5},"geometry":{"type":"LineString","coordinates":[[70.354991,40.43537],[70.363292,40.405463],[70.359467,40.380683],[70.346609,40.367499],[70.326101,40.357123],[70.306244,40.349799],[70.158702,40.322618],[70.028087,40.303738],[69.983328,40.29267],[69.937511,40.278876],[69.90504,40.272244],[69.854421,40.267686],[69.834483,40.270209],[69.827078,40.27265]]}},{"type":"Feature","properties":{"name":"Syr  Darya","scalerank":5},"geometry":{"type":"LineString","coordinates":[[61.562022,46.109727],[61.545502,46.116807],[61.538992,46.120714],[61.533783,46.124823],[61.51295,46.131049],[61.486746,46.123358],[61.441661,46.101589],[61.387218,46.093451],[61.358165,46.084988],[61.34547,46.070176],[61.333018,46.06391],[61.256602,46.038845],[61.164968,46.03144],[61.118663,46.035468],[61.077403,46.046332],[61.055675,46.061794],[61.025971,46.100165],[61.006602,46.107774],[60.954845,46.103624],[60.929291,46.10517],[60.901947,46.117987],[60.88323,46.134589],[60.87794,46.137315]]}},{"type":"Feature","properties":{"name":"Syr  Darya","scalerank":5},"geometry":{"type":"LineString","coordinates":[[67.964936,41.24962],[67.964366,41.27501],[67.971772,41.290066],[67.985037,41.299994],[68.002696,41.303656],[68.0206,41.305284],[68.03769,41.310899],[68.046641,41.32156],[68.040131,41.338406],[68.057709,41.346625],[68.084727,41.354071],[68.104015,41.364773],[68.098888,41.382839],[68.087332,41.404731],[68.094737,41.422187],[68.108409,41.438788],[68.115896,41.458197],[68.107839,41.477729],[68.073334,41.503119],[68.068126,41.523383],[68.075776,41.533393],[68.087901,41.538926],[68.09433,41.546251],[68.08489,41.561225],[68.067149,41.578559],[68.058849,41.588813],[68.053803,41.599066],[68.065929,41.608262],[68.062104,41.623236],[68.040131,41.653673],[68.047455,41.675645],[68.047862,41.706244],[68.042979,41.734646],[68.034109,41.749864],[68.034109,41.75613],[68.058035,41.756903],[68.071544,41.766384],[68.098888,41.814765],[68.10434,41.829128],[68.101573,41.844753],[68.087901,41.865994],[68.105561,41.880439],[68.111339,41.899766],[68.108979,41.938015],[68.11321,41.951728],[68.122976,41.954413],[68.135265,41.954047],[68.146658,41.958808],[68.152843,41.966905],[68.163666,41.996365],[68.172862,42.00963],[68.176768,42.018256],[68.177989,42.030463],[68.174897,42.041775],[68.165538,42.061632],[68.167084,42.068671],[68.208751,42.065253],[68.214854,42.070665],[68.229015,42.096625],[68.232595,42.105536],[68.236746,42.11286],[68.24114,42.118435],[68.241303,42.124538],[68.232595,42.13349],[68.222667,42.138454],[68.211436,42.140082],[68.187918,42.139716],[68.162527,42.143988],[68.154063,42.153998],[68.161632,42.165595],[68.184174,42.174506],[68.197032,42.174506],[68.206554,42.171454],[68.215261,42.169949],[68.225841,42.174506],[68.232026,42.182888],[68.242686,42.208319],[68.254649,42.227078],[68.258393,42.244818],[68.263276,42.252997],[68.274913,42.260199],[68.283702,42.261501],[68.288178,42.264594],[68.287852,42.277533],[68.284272,42.286933],[68.277354,42.295762],[68.267996,42.302273],[68.256602,42.304796],[68.246755,42.30976],[68.249034,42.320828],[68.259858,42.338935],[68.259939,42.351996],[68.258393,42.358913],[68.259939,42.365424],[68.270112,42.377143],[68.27711,42.387519],[68.27589,42.394843],[68.272716,42.402777],[68.273529,42.414659],[68.26588,42.420478],[68.257823,42.424669],[68.249034,42.427314],[68.239513,42.42829],[68.239513,42.435126],[68.252533,42.448757],[68.241303,42.471991],[68.201589,42.513699],[68.190847,42.529568],[68.198009,42.537136],[68.211355,42.541449],[68.218272,42.547797],[68.220144,42.550238],[68.229503,42.559841],[68.232595,42.565497],[68.232595,42.573106],[68.226492,42.586046],[68.225841,42.592149],[68.232432,42.60517],[68.252533,42.617458],[68.259858,42.62698],[68.260834,42.641303],[68.25587,42.653673],[68.249441,42.663886],[68.246349,42.671332],[68.247651,42.696845],[68.247,42.710395],[68.242931,42.719428],[68.235606,42.730902],[68.235932,42.742621],[68.239024,42.755683],[68.239513,42.770941],[68.230235,42.76671],[68.2199,42.763983],[68.209076,42.762803],[68.197765,42.763495],[68.206635,42.775255],[68.220144,42.783026],[68.230968,42.791205],[68.232595,42.80447],[68.228933,42.808173],[68.214854,42.811835],[68.208751,42.815294],[68.20224,42.823839],[68.203136,42.828396],[68.20574,42.832343],[68.205333,42.839219],[68.207123,42.843329],[68.208018,42.854438],[68.205007,42.86225],[68.194753,42.856269],[68.186453,42.847602],[68.180431,42.843817],[68.173839,42.843614],[68.163666,42.845486],[68.156016,42.849799],[68.143077,42.864081],[68.124929,42.869167],[68.116466,42.874213],[68.102143,42.88703],[68.141531,42.901679],[68.160411,42.911933],[68.160655,42.925157],[68.158621,42.940294],[68.166026,42.957139],[68.169037,42.970771],[68.153819,42.976386],[68.107026,42.97488],[68.09547,42.976386],[68.084402,42.983832],[68.079194,42.992865],[68.072846,43.000515],[68.057628,43.00373],[68.046886,43.002631],[68.037201,42.999701],[68.019786,42.990058],[68.021983,42.994452],[68.027273,43.010565],[68.021251,43.011786],[68.011811,43.015977],[68.006114,43.017401],[68.010834,43.021796],[68.015391,43.028347],[68.019786,43.031033],[68.019786,43.037218],[68.000662,43.040595],[67.983002,43.035264],[67.968516,43.036404],[67.958263,43.058946],[67.934255,43.046454],[67.927257,43.044623],[67.917491,43.046658],[67.911388,43.051134],[67.907319,43.055976],[67.903738,43.058946],[67.886974,43.062812],[67.877696,43.061632],[67.867686,43.057318],[67.848399,43.05154],[67.835541,43.073269],[67.83839,43.09162],[67.850597,43.107978],[67.865733,43.123847],[67.870697,43.134955],[67.86671,43.14407],[67.859467,43.152452],[67.855235,43.161322],[67.865652,43.183295],[67.865164,43.19005],[67.848399,43.18183],[67.845225,43.197292],[67.860444,43.218207],[67.855235,43.229031],[67.842784,43.233181],[67.811615,43.232978],[67.800141,43.236518],[67.800141,43.243272],[67.824229,43.251654],[67.827891,43.253852],[67.826182,43.262722],[67.821544,43.263251],[67.815196,43.261664],[67.808116,43.263739],[67.800792,43.266872],[67.791515,43.269355],[67.783621,43.273301],[67.780203,43.281114],[67.783621,43.290961],[67.791515,43.291571],[67.800792,43.291287],[67.808116,43.297919],[67.807709,43.329779],[67.780691,43.338935],[67.746674,43.343207],[67.725515,43.360622],[67.735444,43.360175],[67.743663,43.361192],[67.759695,43.366807],[67.746349,43.375515],[67.732188,43.376085],[67.718191,43.370551],[67.705089,43.360622],[67.69752,43.348497],[67.684581,43.312852],[67.684011,43.305365],[67.670095,43.311225],[67.664561,43.325303],[67.664073,43.356879],[67.659109,43.375312],[67.646576,43.377509],[67.630951,43.377021],[67.616222,43.387274],[67.631765,43.395819],[67.637706,43.406846],[67.632904,43.416815],[67.616222,43.422065],[67.606863,43.419257],[67.576752,43.405341],[67.561046,43.401557],[67.582042,43.429267],[67.587901,43.442898],[67.577729,43.448757],[67.56308,43.444525],[67.536062,43.425971],[67.51946,43.422065],[67.526296,43.433783],[67.533946,43.442979],[67.539806,43.451972],[67.540538,43.462999],[67.512625,43.497138],[67.500418,43.502794],[67.491628,43.50434],[67.48642,43.507392],[67.485362,43.517646],[67.48878,43.525092],[67.496104,43.531521],[67.503022,43.539374],[67.506358,43.551134],[67.499522,43.571112],[67.482839,43.589057],[67.451182,43.613837],[67.443126,43.622748],[67.431244,43.639472],[67.423269,43.648017],[67.397716,43.661811],[67.389089,43.668484],[67.393891,43.672919],[67.398855,43.679267],[67.402761,43.682156],[67.362234,43.711127],[67.347911,43.727891],[67.341319,43.751044],[67.33074,43.741563],[67.320893,43.738837],[67.310964,43.742051],[67.300304,43.751044],[67.293468,43.76203],[67.293468,43.771511],[67.294932,43.780829],[67.292898,43.791327],[67.286143,43.801947],[67.276866,43.810818],[67.265554,43.816921],[67.252533,43.819281],[67.240245,43.815985],[67.230398,43.809678],[67.219493,43.80626],[67.204112,43.811835],[67.213959,43.829169],[67.215017,43.842597],[67.209076,43.854438],[67.197846,43.867051],[67.205496,43.886176],[67.196869,43.89411],[67.174083,43.897813],[67.171479,43.903754],[67.170095,43.918728],[67.167247,43.921698],[67.135834,43.929145],[67.122081,43.939521],[67.115326,43.942206],[67.10491,43.941718],[67.09669,43.938585],[67.088471,43.9383],[67.077566,43.945868],[67.064952,43.957465],[67.054454,43.964464],[67.025971,43.976345],[67.039561,44.002143],[67.028331,44.016059],[67.009369,44.019639],[66.999441,44.014472],[66.988536,44.002712],[66.964447,43.999945],[66.940684,44.006293],[66.929779,44.021674],[66.927745,44.029731],[66.923757,44.019232],[66.921153,44.005561],[66.923595,44.004218],[66.913259,43.987576],[66.907237,43.982693],[66.8956,43.976345],[66.893972,43.9737],[66.894135,43.969835],[66.893565,43.965928],[66.889578,43.962673],[66.883718,43.96247],[66.874604,43.968614],[66.868907,43.97016],[66.86085,43.968085],[66.854015,43.965196],[66.845795,43.964789],[66.834239,43.97016],[66.823416,43.945909],[66.801768,43.944281],[66.775645,43.955593],[66.751557,43.97016],[66.72519,43.956122],[66.699229,43.960557],[66.673757,43.968817],[66.63144,43.963813],[66.624766,43.975287],[66.62086,43.990058],[66.611908,43.997382],[66.598399,43.993964],[66.587494,43.985297],[66.579356,43.973985],[66.574148,43.962673],[66.568614,43.973415],[66.569347,43.982245],[66.572276,43.99079],[66.574148,44.0008],[66.569347,44.010565],[66.558116,44.010118],[66.545502,44.006781],[66.536225,44.007636],[66.524669,44.024522],[66.514903,44.057644],[66.50587,44.06627],[66.514578,44.071723],[66.518484,44.075873],[66.517833,44.080024],[66.512706,44.085557],[66.532237,44.097113],[66.54005,44.09988],[66.53297,44.110541],[66.521251,44.114569],[66.508556,44.116523],[66.498464,44.120917],[66.498464,44.127143],[66.5053,44.129503],[66.51116,44.133857],[66.516124,44.140082],[66.519542,44.148261],[66.505626,44.149441],[66.493093,44.146511],[66.483165,44.139187],[66.477957,44.127143],[66.448009,44.141303],[66.439545,44.150824],[66.443858,44.161933],[66.430919,44.165147],[66.425385,44.164822],[66.416433,44.161933],[66.423839,44.199286],[66.425304,44.220893],[66.423269,44.237006],[66.416433,44.246365],[66.407237,44.252265],[66.399425,44.259955],[66.396007,44.274848],[66.38974,44.277777],[66.348237,44.27794],[66.353119,44.299343],[66.337494,44.304551],[66.316905,44.304389],[66.30657,44.309027],[66.300873,44.319932],[66.287364,44.336493],[66.271414,44.352159],[66.25823,44.360541],[66.25823,44.367377],[66.270763,44.369208],[66.277924,44.376736],[66.280203,44.388129],[66.278738,44.401475],[66.257904,44.395372],[66.238373,44.387234],[66.230072,44.409695],[66.224864,44.414008],[66.200776,44.415961],[66.197683,44.419257],[66.19573,44.426459],[66.186534,44.439032],[66.175873,44.443386],[66.165538,44.439236],[66.156342,44.4324],[66.148936,44.428778],[66.143484,44.431667],[66.124929,44.445176],[66.114268,44.449897],[66.118582,44.455024],[66.124034,44.464708],[66.12851,44.469794],[66.117686,44.475531],[66.105724,44.474921],[66.092377,44.471706],[66.077566,44.469794],[66.056163,44.479926],[66.046397,44.477322],[66.046479,44.456122],[66.015636,44.469265],[65.945893,44.481757],[65.91627,44.497097],[65.927257,44.497829],[65.937755,44.497382],[65.947846,44.495185],[65.957123,44.490912],[65.956635,44.500556],[65.951264,44.516913],[65.950287,44.52501],[65.949148,44.524197],[65.946788,44.526719],[65.944591,44.530951],[65.943451,44.535264],[65.94573,44.541083],[65.955007,44.550116],[65.957123,44.556016],[65.953298,44.563829],[65.944835,44.565985],[65.934662,44.566596],[65.926768,44.569688],[65.923432,44.575873],[65.92571,44.580146],[65.929454,44.58336],[65.930431,44.586493],[65.91627,44.60696],[65.915457,44.610541],[65.91627,44.62405],[65.914643,44.627753],[65.910818,44.62755],[65.906342,44.62641],[65.902599,44.627468],[65.901378,44.625434],[65.896658,44.623114],[65.890636,44.622016],[65.885265,44.62405],[65.88087,44.629706],[65.882742,44.632514],[65.886729,44.634589],[65.888927,44.638007],[65.882823,44.649278],[65.868175,44.660956],[65.850027,44.670437],[65.833588,44.675238],[65.824962,44.673041],[65.808197,44.662177],[65.799571,44.662177],[65.792247,44.668402],[65.787852,44.677314],[65.788503,44.68537],[65.796153,44.68891],[65.807546,44.696234],[65.812511,44.713162],[65.810151,44.731757],[65.799571,44.744086],[65.796316,44.742865],[65.78655,44.732978],[65.779063,44.729804],[65.766694,44.729926],[65.746104,44.735785],[65.698171,44.740058],[65.679617,44.744412],[65.662364,44.751573],[65.643158,44.739691],[65.622162,44.738308],[65.600841,44.743516],[65.554861,44.760443],[65.512136,44.785102],[65.508393,44.794623],[65.513194,44.811306],[65.512136,44.820502],[65.506847,44.827663],[65.478038,44.8546],[65.413259,44.882148],[65.402273,44.884711],[65.391612,44.896511],[65.344737,44.922797],[65.333995,44.932807],[65.331716,44.937812],[65.326915,44.945502],[65.321869,44.95543],[65.316498,44.9796],[65.308686,44.982449],[65.298757,44.982611],[65.288992,44.987413],[65.274343,44.988349],[65.199962,44.970038],[65.192312,44.973334],[65.189057,44.980577],[65.184662,44.98786],[65.172537,44.991156],[65.13795,44.987087],[65.12794,44.991156],[65.130951,45.002875],[65.107921,45.001532],[65.059581,44.991156],[65.035085,44.998643],[65.015147,45.013495],[64.993337,45.023993],[64.96339,45.018419],[64.957286,45.012641],[64.940522,44.991767],[64.929861,44.98371],[64.917247,44.979315],[64.903331,44.97724],[64.874766,44.977484],[64.799815,44.995225],[64.77239,44.997992],[64.778087,45.028876],[64.760183,45.036444],[64.702729,45.032172],[64.6928,45.036322],[64.662527,45.059394],[64.639415,45.068183],[64.624766,45.071723],[64.610606,45.073065],[64.593516,45.06684],[64.584076,45.065009],[64.579845,45.069363],[64.578543,45.076768],[64.574636,45.082384],[64.569021,45.086046],[64.562511,45.087348],[64.528331,45.078437],[64.511485,45.07628],[64.504161,45.083604],[64.493582,45.105292],[64.469005,45.12462],[64.441498,45.136176],[64.422293,45.134548],[64.40919,45.142035],[64.413178,45.146755],[64.422293,45.161811],[64.397553,45.164496],[64.378429,45.177558],[64.369151,45.196357],[64.374441,45.216498],[64.364024,45.220893],[64.353526,45.22309],[64.330089,45.223944],[64.326671,45.229682],[64.332612,45.242743],[64.347179,45.264919],[64.33839,45.261339],[64.333507,45.258083],[64.316661,45.265245],[64.265147,45.271674],[64.248627,45.276923],[64.232026,45.286078],[64.225108,45.296698],[64.237315,45.306464],[64.232432,45.319281],[64.227143,45.341417],[64.212169,45.361396],[64.209239,45.371365],[64.20753,45.382148],[64.203136,45.395209],[64.206472,45.394802],[64.210053,45.399848],[64.210948,45.40587],[64.206554,45.408881],[64.19866,45.408555],[64.19337,45.409003],[64.19044,45.411933],[64.189464,45.419135],[64.186046,45.429307],[64.17864,45.428656],[64.171641,45.420681],[64.168956,45.408881],[64.161062,45.413398],[64.156342,45.418402],[64.154714,45.425482],[64.155284,45.436225],[64.133311,45.429389],[64.12558,45.4383],[64.122488,45.454779],[64.11435,45.470893],[64.099864,45.476996],[64.081391,45.475653],[64.045421,45.463446],[64.019216,45.48432],[63.987641,45.489447],[63.918468,45.483995],[63.890066,45.496894],[63.867686,45.525255],[63.862071,45.553656],[63.884044,45.566514],[63.899913,45.56977],[63.91505,45.57864],[63.92392,45.591824],[63.921886,45.6081],[63.910248,45.620469],[63.859874,45.649115],[63.756847,45.682481],[63.737722,45.703721],[63.752208,45.702704],[63.767507,45.704047],[63.781505,45.708686],[63.792247,45.717353],[63.795828,45.724555],[63.797293,45.733669],[63.793468,45.7414],[63.781668,45.744656],[63.689138,45.751532],[63.665457,45.746202],[63.624034,45.722724],[63.603119,45.717353],[63.576589,45.714382],[63.497325,45.690701],[63.483653,45.688096],[63.456065,45.685981],[63.442149,45.683173],[63.402843,45.665351],[63.3803,45.659532],[63.35491,45.645453],[63.331391,45.638699],[63.322032,45.630398],[63.313731,45.621039],[63.304291,45.614325],[63.281668,45.611192],[63.224376,45.611396],[63.196707,45.600043],[63.183604,45.599189],[63.145112,45.602484],[63.140066,45.607774],[63.122976,45.656317],[63.113699,45.665473],[63.096446,45.668972],[63.0831,45.674384],[63.05657,45.698269],[63.041515,45.703721],[62.976654,45.703721],[62.967052,45.712999],[62.957937,45.726508],[62.946056,45.73371],[62.928233,45.724189],[62.908621,45.733262],[62.896658,45.736884],[62.887218,45.737169],[62.873464,45.729682],[62.866791,45.718817],[62.861746,45.707099],[62.85255,45.696845],[62.82724,45.690009],[62.804861,45.696234],[62.785818,45.704535],[62.770518,45.703721],[62.77532,45.695258],[62.776947,45.685818],[62.773529,45.678412],[62.763113,45.676378],[62.754812,45.6824],[62.743175,45.704901],[62.733002,45.709906],[62.697195,45.714464],[62.661388,45.724189],[62.643158,45.734076],[62.641531,45.744208],[62.641856,45.757025],[62.622569,45.789618],[62.617605,45.820136],[62.606619,45.834052],[62.597585,45.827012],[62.587169,45.813422],[62.579356,45.806098],[62.568289,45.799669],[62.544363,45.789333],[62.534434,45.782253],[62.526378,45.779405],[62.474213,45.769965],[62.462901,45.764919],[62.441661,45.751532],[62.43214,45.757921],[62.415294,45.773749],[62.407481,45.778835],[62.39446,45.781195],[62.385509,45.778428],[62.37794,45.774237],[62.369558,45.771999],[62.335704,45.748318],[62.309093,45.735622],[62.290701,45.737169],[62.297537,45.746283],[62.303315,45.769232],[62.298432,45.784003],[62.273692,45.768581],[62.254405,45.763129],[62.201671,45.777045],[62.180919,45.778835],[62.184581,45.7567],[62.168224,45.743272],[62.143891,45.739936],[62.123464,45.748114],[62.105072,45.751044],[62.023855,45.731635],[62.027843,45.726101],[62.033295,45.715359],[62.037527,45.709906],[62.013601,45.705268],[62.004161,45.701483],[61.996593,45.696845],[61.989268,45.687567],[61.985362,45.678534],[61.979503,45.671658],[61.965587,45.668972],[61.955333,45.673285],[61.934825,45.692572],[61.91269,45.700466],[61.907319,45.708767],[61.904389,45.717882],[61.900401,45.724189],[61.882253,45.731024],[61.836192,45.736762],[61.772878,45.73782],[61.75172,45.741889],[61.73585,45.751532],[61.730235,45.760199],[61.720876,45.782009],[61.714854,45.792426],[61.699311,45.803819],[61.691417,45.811957],[61.687999,45.823188],[61.692556,45.841254],[61.704519,45.861843],[61.720144,45.88113],[61.73585,45.895535],[61.757091,45.907579],[61.778331,45.913642],[61.828298,45.915961],[61.843761,45.92536],[61.84669,45.946723],[61.841401,45.969916],[61.832123,45.984931],[61.822276,45.98668],[61.80836,45.986274],[61.795909,45.987616],[61.790538,45.994818],[61.78712,46.002794],[61.779063,46.009385],[61.760183,46.021104]]}},{"type":"Feature","properties":{"name":"Syr  Darya","scalerank":5},"geometry":{"type":"LineString","coordinates":[[69.827078,40.27265],[69.81837,40.279893],[69.810476,40.299018],[69.801768,40.303738],[69.798839,40.30036],[69.791108,40.292996],[69.78004,40.285712],[69.767589,40.282579],[69.756602,40.285468],[69.749278,40.291571],[69.742605,40.298448],[69.733409,40.303738],[69.723155,40.305365],[69.666515,40.302558],[69.65504,40.303412],[69.636974,40.31155],[69.626231,40.3074],[69.615733,40.300482],[69.596609,40.292182],[69.589936,40.281195],[69.584483,40.2685],[69.578624,40.258734],[69.567475,40.252021],[69.554698,40.249701],[69.527354,40.249091],[69.477468,40.24197],[69.384858,40.212917],[69.363048,40.209296],[69.339285,40.208116],[69.315522,40.214545],[69.277436,40.242703],[69.257091,40.249091],[69.231944,40.251899],[69.177989,40.276435],[69.177826,40.294542],[69.158702,40.308417],[69.116466,40.331],[69.134858,40.345974],[69.134776,40.372748],[69.150645,40.386298],[69.108979,40.386298],[69.116628,40.395616],[69.135265,40.405341],[69.143891,40.413601],[69.133067,40.417914],[69.121186,40.420356],[69.108653,40.42121],[69.095876,40.420437],[69.099864,40.429145],[69.105398,40.436591],[69.119558,40.450792],[69.12379,40.459499],[69.122081,40.468451],[69.118582,40.477159],[69.116466,40.485297],[69.110281,40.491645],[69.099701,40.499294],[69.097667,40.507392],[69.116466,40.515326],[69.107432,40.520535],[69.097585,40.523139],[69.086843,40.523749],[69.07545,40.522773],[69.086925,40.558702],[69.096446,40.572537],[69.121593,40.581244],[69.121186,40.588324],[69.114838,40.595323],[69.105886,40.598578],[69.096283,40.594346],[69.085704,40.586127],[69.075776,40.580634],[69.068126,40.584296],[69.068451,40.591661],[69.08489,40.603705],[69.088471,40.612169],[69.083588,40.621609],[69.06544,40.633246],[69.05364,40.65823],[69.035085,40.659369],[68.992931,40.653144],[69.008881,40.673448],[69.012706,40.683621],[69.003184,40.687934],[68.987885,40.684027],[68.97405,40.676866],[68.959972,40.673407],[68.944591,40.680487],[68.957774,40.693671],[68.955577,40.707099],[68.944347,40.719306],[68.930919,40.728868],[68.923757,40.73078],[68.916596,40.729926],[68.909679,40.730089],[68.902924,40.735053],[68.902192,40.739529],[68.903901,40.751166],[68.902924,40.755561],[68.89267,40.771755],[68.887299,40.776923],[68.876231,40.783515],[68.84962,40.793809],[68.842784,40.797797],[68.83546,40.805447],[68.823741,40.822455],[68.814871,40.831326],[68.799815,40.839626],[68.778087,40.846991],[68.755951,40.849962],[68.739757,40.844916],[68.73642,40.86225],[68.73349,40.868964],[68.729096,40.868842],[68.720225,40.863837],[68.714936,40.8664],[68.712494,40.873725],[68.711192,40.897488],[68.707937,40.907538],[68.699962,40.916287],[68.648204,40.952338],[68.633311,40.968207],[68.643891,40.975287],[68.665457,40.978135],[68.670014,40.985216],[68.66155,40.994208],[68.643484,41.002631],[68.634044,41.003119],[68.622976,41.002387],[68.613292,41.00434],[68.609386,41.012803],[68.615326,41.023464],[68.615001,41.028428],[68.605968,41.030544],[68.58782,41.027655],[68.572032,41.022162],[68.556895,41.019232],[68.541026,41.023708],[68.529552,41.032538],[68.518321,41.045193],[68.509776,41.059678],[68.506358,41.074286],[68.498546,41.074408],[68.480968,41.082628],[68.462332,41.094672],[68.45574,41.106757]]}},{"type":"Feature","properties":{"name":"Naryn","scalerank":5},"geometry":{"type":"LineString","coordinates":[[73.300304,41.77619],[73.274343,41.7685],[73.237071,41.773505],[73.199799,41.773301],[73.147716,41.775987],[73.103282,41.786973],[73.053315,41.804511],[73.002859,41.813178],[72.942882,41.806993],[72.896658,41.800157],[72.853526,41.800808],[72.809825,41.794013],[72.776541,41.779731],[72.747813,41.762315],[72.718761,41.734565],[72.686941,41.697943],[72.66741,41.682888],[72.65797,41.674872],[72.653738,41.667426]]}},{"type":"Feature","properties":{"name":"Naryn","scalerank":5},"geometry":{"type":"LineString","coordinates":[[77.737234,41.879665],[77.778575,41.870225],[77.82252,41.865994],[77.846202,41.869452],[77.935069,41.895697],[77.965424,41.900458],[77.976736,41.900743],[77.988699,41.897773],[78.009776,41.888983],[78.021495,41.887071],[78.044526,41.880561],[78.057872,41.865058],[78.060557,41.846747],[78.052419,41.831855],[77.980886,41.80154],[77.961192,41.77619],[77.901134,41.749864],[77.865164,41.729926],[77.849132,41.718207],[77.817149,41.6883],[77.776541,41.664008],[77.731537,41.617703],[77.721121,41.601182],[77.716807,41.581732],[77.627371,41.562079],[77.587576,41.5362],[77.56601,41.525458],[77.542003,41.521104],[77.47877,41.528673],[77.456065,41.528591],[77.431651,41.52379],[77.387462,41.509792],[77.363292,41.506863],[77.341563,41.509101],[77.298269,41.518907],[77.277354,41.521104],[77.254405,41.516791],[77.213308,41.498114],[77.192475,41.49376],[77.007335,41.500596],[76.965912,41.506863],[76.960053,41.503119],[76.945567,41.485663],[76.935313,41.48017],[76.917084,41.479926],[76.777436,41.494574],[76.661632,41.487616],[76.649343,41.485378],[76.628917,41.475531],[76.616791,41.473334],[76.606212,41.476142],[76.583507,41.489366],[76.572276,41.49376],[76.560802,41.4949],[76.524425,41.49376],[76.498546,41.504828],[76.486501,41.506863],[76.091563,41.449286],[76.009858,41.44599],[75.812022,41.462755],[75.712169,41.443305],[75.691417,41.431098],[75.653575,41.399848],[75.631847,41.389919],[75.605072,41.38349],[75.551768,41.37934],[75.505463,41.382188],[75.479747,41.386542],[75.462413,41.393622],[75.455577,41.386176],[75.432628,41.397162],[75.376964,41.407294],[75.279714,41.43769],[75.256358,41.448269],[75.249522,41.440863],[75.229015,41.448065],[74.81129,41.420966],[74.80071,41.424994],[74.776296,41.438056],[74.766368,41.440863],[74.738862,41.437567],[74.666596,41.41352],[74.641694,41.409451],[74.621023,41.411444],[74.603282,41.418972],[74.588145,41.43122],[74.571056,41.439561],[74.546479,41.442694],[74.495372,41.440863],[74.470225,41.435248],[74.428233,41.417344],[74.403575,41.41352],[74.393972,41.410427],[74.375499,41.396755],[74.369395,41.393622],[74.305268,41.383328],[74.281179,41.375027],[74.26946,41.372504],[74.257335,41.372911],[74.225108,41.37934],[74.219656,41.381619],[74.202078,41.391384],[74.190929,41.393622],[74.156749,41.392524],[74.145925,41.393622],[74.0796,41.417507],[74.029796,41.423855],[74.011485,41.431423],[73.94752,41.483181],[73.936941,41.501899],[73.943858,41.52029],[73.953624,41.537543],[73.953217,41.557969],[73.94044,41.599066],[73.939708,41.605658],[73.941417,41.61872],[73.94044,41.62641],[73.926199,41.653673],[73.875092,41.713446],[73.868256,41.718695],[73.782807,41.729438],[73.757498,41.737738],[73.687266,41.777208],[73.601166,41.795722],[73.584076,41.804511],[73.567312,41.801093],[73.528412,41.801052],[73.508556,41.797065],[73.495697,41.790066],[73.483653,41.781195],[73.469493,41.773627],[73.45045,41.770372],[73.297862,41.775987]]}},{"type":"Feature","properties":{"name":"Naryn","scalerank":5},"geometry":{"type":"LineString","coordinates":[[72.653738,41.667426],[72.630789,41.633857],[72.597585,41.617296],[72.561615,41.604356],[72.412364,41.509711],[72.375011,41.51496],[72.324636,41.494737],[72.276866,41.464871],[72.247813,41.440863],[72.242931,41.43419],[72.239513,41.426825],[72.23406,41.407294],[72.230724,41.369452],[72.206147,41.33747],[72.193289,41.315619],[72.186453,41.297431],[72.188406,41.293484],[72.192963,41.288153],[72.197846,41.284003],[72.200125,41.283759],[72.199148,41.277289],[72.194753,41.267646],[72.190196,41.251532],[72.181895,41.232367],[72.180186,41.225409],[72.175873,41.220404],[72.156668,41.210639],[72.152354,41.204657],[72.15032,41.190863],[72.144786,41.181586],[72.13616,41.174384],[72.070567,41.13642],[72.054779,41.11046],[71.899669,40.99018],[71.797781,40.936794],[71.778575,40.923774],[71.75823,40.91295],[71.644054,40.889919],[71.505463,40.879503],[71.43629,40.885932],[71.423839,40.884955],[71.400971,40.880683],[71.388194,40.879706],[71.377045,40.882392],[71.356619,40.892849],[71.343435,40.893378],[71.332123,40.889228],[71.318614,40.877143],[71.309255,40.87226],[71.280854,40.866645],[71.25058,40.865424],[71.227631,40.858954],[71.200857,40.846259],[71.175141,40.837226],[71.154552,40.841864],[71.137787,40.851508],[71.113536,40.858913],[71.086843,40.862006],[71.062429,40.858588],[71.052175,40.855089],[71.04241,40.849718],[71.038503,40.841132],[71.045665,40.827908],[71.056163,40.814236],[71.062266,40.799506],[71.059174,40.785956],[71.042491,40.776068],[71.015391,40.816189],[70.971283,40.802191],[70.884207,40.742499],[70.871023,40.741156],[70.843028,40.743272],[70.8296,40.742499],[70.812755,40.736396],[70.801687,40.72724],[70.792491,40.716986],[70.781749,40.707831],[70.740245,40.687934],[70.736746,40.683865],[70.734955,40.679145],[70.731537,40.675238],[70.715261,40.672431],[70.706716,40.669257],[70.692393,40.66059],[70.677419,40.650092],[70.61671,40.612169],[70.581635,40.578966],[70.568858,40.570624],[70.553722,40.565253],[70.539073,40.56212],[70.524994,40.557318],[70.511485,40.547065],[70.487641,40.515815],[70.477468,40.505723],[70.467784,40.502753],[70.398936,40.490424],[70.369151,40.475775],[70.353445,40.456366],[70.354991,40.43537]]}},{"type":"Feature","properties":{"name":"Godävari","scalerank":5},"geometry":{"type":"LineString","coordinates":[[73.652436,20.012763],[73.65683,20.0185],[73.666108,20.034532],[73.672944,20.040107],[73.686046,20.042996],[73.69573,20.040147],[73.70517,20.035671],[73.738536,20.031317],[73.781261,20.019802],[73.822195,19.997829],[73.838145,19.99372],[73.862315,19.992296],[73.902599,19.999132],[73.916596,19.997423],[73.947276,19.98489],[73.967377,19.982693],[73.975352,19.988471],[73.980479,20.000312],[73.991954,20.016466],[74.004161,20.026475],[74.021495,20.03738],[74.040538,20.0456],[74.05714,20.047553],[74.066173,20.040839],[74.073334,20.030544],[74.082612,20.025092],[74.098155,20.033271],[74.11671,20.020575],[74.147065,20.014268],[74.163015,20.002875],[74.171886,19.999213],[74.196707,19.995063],[74.201752,19.988593],[74.228526,19.971788],[74.23642,19.9713],[74.254975,19.972724],[74.263194,19.971788],[74.288097,19.95954],[74.293712,19.957546],[74.313569,19.955186],[74.389171,19.930609],[74.409272,19.919013],[74.42628,19.905544],[74.433442,19.893012],[74.442475,19.881944],[74.464285,19.883857],[74.489268,19.889431],[74.508881,19.889268],[74.512625,19.884711],[74.522716,19.861925],[74.53297,19.853827],[74.544363,19.846991],[74.553396,19.838202],[74.560802,19.811794],[74.568858,19.805854],[74.579112,19.802354],[74.601166,19.789089],[74.610932,19.791775],[74.620372,19.797919],[74.632498,19.800482],[74.673432,19.780056],[74.691987,19.767849],[74.698416,19.76614],[74.740326,19.765082],[74.759369,19.761094],[74.774425,19.751003],[74.790701,19.731635],[74.813487,19.690945],[74.829031,19.671576],[74.848888,19.663357],[74.861095,19.6612],[74.8803,19.651801],[74.88974,19.649685],[74.917084,19.654364],[74.929454,19.654975],[74.940929,19.649685],[74.951589,19.656602],[74.96339,19.652696],[74.98878,19.636013],[75.016124,19.629218],[75.03476,19.616645],[75.036632,19.614936],[75.113292,19.600531],[75.139659,19.587592],[75.160737,19.595893],[75.180919,19.593858],[75.195811,19.582872],[75.201752,19.564032],[75.205984,19.556749],[75.216726,19.548448],[75.247,19.532823],[75.319428,19.508368],[75.335216,19.505683],[75.340017,19.50255],[75.350515,19.488878],[75.355561,19.485785],[75.36964,19.4678],[75.375662,19.463487],[75.378429,19.466254],[75.381114,19.470649],[75.386648,19.471544],[75.408376,19.466132],[75.417491,19.461534],[75.427664,19.451687],[75.431651,19.440945],[75.432384,19.429633],[75.436697,19.4206],[75.451915,19.416938],[75.457612,19.420111],[75.469493,19.43419],[75.479096,19.437445],[75.490245,19.434353],[75.497325,19.426947],[75.503184,19.417792],[75.510183,19.409491],[75.548106,19.389472],[75.68157,19.362331],[75.705007,19.354519],[75.720714,19.352159],[75.735444,19.354844],[75.749115,19.365831],[75.758556,19.379665],[75.76946,19.391425],[75.787364,19.39643],[75.802175,19.39171],[75.818614,19.382351],[75.834727,19.375759],[75.84905,19.379014],[75.863699,19.384833],[75.897878,19.38406],[75.914236,19.388983],[75.91448,19.377468],[75.907481,19.348009],[75.907481,19.317328],[75.91741,19.304877],[75.940196,19.302436],[75.965587,19.306505],[75.983165,19.31391],[75.992605,19.330837],[76.000499,19.340155],[76.009858,19.341824],[76.016043,19.332831],[76.017345,19.305447],[76.020763,19.299628],[76.030772,19.298651],[76.050548,19.294379],[76.061615,19.293402],[76.075287,19.296251],[76.081635,19.302802],[76.085867,19.309678],[76.093028,19.31391],[76.110444,19.312323],[76.162527,19.297797],[76.177745,19.289984],[76.193858,19.275499],[76.209727,19.265448],[76.225841,19.260037],[76.242686,19.259304],[76.285167,19.265977],[76.304861,19.265163],[76.321788,19.255886],[76.3296,19.250352],[76.355886,19.238145],[76.361257,19.233262],[76.357188,19.222357],[76.346202,19.204657],[76.34547,19.160427],[76.339854,19.14289],[76.321788,19.135769],[76.318126,19.129503],[76.319347,19.117377],[76.329356,19.10932],[76.35255,19.115302],[76.360362,19.123318],[76.362071,19.130642],[76.365896,19.133572],[76.380382,19.128282],[76.384288,19.122138],[76.385265,19.113227],[76.38974,19.10517],[76.403901,19.10163],[76.422862,19.103827],[76.427013,19.099189],[76.429454,19.071885],[76.433849,19.063585],[76.442312,19.059678],[76.455577,19.060614],[76.465261,19.06627],[76.482188,19.087022],[76.490245,19.094794],[76.506928,19.102891],[76.518077,19.106757],[76.560802,19.11225],[76.56544,19.111884],[76.620616,19.080593],[76.630463,19.068793],[76.634288,19.049831],[76.630789,19.040229],[76.62379,19.032294],[76.619558,19.024522],[76.623627,19.015326],[76.63087,19.00963],[76.639089,19.006171],[76.648855,19.004747],[76.660411,19.005398],[76.67628,19.010525],[76.687999,19.017646],[76.699962,19.021837],[76.715587,19.018419],[76.726166,19.010077],[76.72934,19.000271],[76.730724,18.989325],[76.736501,18.977484],[76.757498,18.989691],[76.764171,18.996365],[76.780854,19.018826],[76.784434,19.025906],[76.777924,19.039659],[76.776134,19.049018],[76.780935,19.053249],[76.826182,19.045193],[76.832286,19.049831],[76.835867,19.064236],[76.844819,19.06745],[76.893972,19.051378],[76.906505,19.050116],[76.921641,19.053249],[76.932628,19.060858],[76.952729,19.08279],[76.965912,19.087348],[76.969656,19.089626],[76.976003,19.099392],[76.979991,19.10163],[76.987315,19.100531],[76.997162,19.095893],[77.000499,19.094794],[77.030528,19.098334],[77.043224,19.096625],[77.058116,19.087348],[77.054861,19.099066],[77.056651,19.111518],[77.064382,19.120632],[77.079194,19.122097],[77.090343,19.114569],[77.092784,19.101508],[77.086518,19.088568],[77.072358,19.081122],[77.078868,19.070258],[77.089366,19.066026],[77.101654,19.06745],[77.113536,19.073676],[77.133718,19.066962],[77.143565,19.082709],[77.151134,19.104356],[77.164968,19.115302],[77.174815,19.11168],[77.185069,19.104926],[77.195567,19.100775],[77.206391,19.105048],[77.213796,19.110785],[77.222667,19.115058],[77.243175,19.122097],[77.24879,19.121894],[77.25587,19.119696],[77.261729,19.116889],[77.263682,19.115302],[77.267507,19.119818],[77.269542,19.126654],[77.271007,19.135769],[77.286876,19.142605],[77.298269,19.143988],[77.308604,19.139187],[77.324229,19.136501],[77.361501,19.158271],[77.38087,19.156277],[77.394135,19.138861],[77.388601,19.123643],[77.379893,19.108425],[77.384044,19.091091],[77.401947,19.073513],[77.456065,19.040147],[77.462901,19.032904],[77.471446,19.017198],[77.476573,19.012234],[77.488292,19.009141],[77.499034,19.009589],[77.509695,19.008816],[77.538015,18.993516],[77.555431,18.991726],[77.571869,18.98725],[77.586436,18.971259],[77.598643,18.941107],[77.607595,18.93712],[77.631114,18.93655],[77.636811,18.932318],[77.641124,18.923163],[77.647227,18.914008],[77.658376,18.909857],[77.667003,18.907904],[77.674327,18.902899],[77.689464,18.88935],[77.709483,18.877021],[77.72877,18.870714],[77.774832,18.868232],[77.785167,18.866075],[77.792247,18.861396],[77.797293,18.856716],[77.801768,18.85456],[77.817475,18.853054],[77.838959,18.848334],[77.847341,18.84337],[77.853933,18.836982],[77.86142,18.830756],[77.87379,18.826687],[77.885916,18.826483],[77.905691,18.832465],[77.918468,18.834093],[77.935476,18.829291],[77.944835,18.829657],[77.948822,18.83751],[77.951182,18.848334],[77.956554,18.857001],[77.963471,18.863634],[77.9699,18.868232],[77.985769,18.871283],[78.029307,18.872585],[78.038259,18.878485],[78.038259,18.889919],[78.039561,18.898749],[78.042572,18.906195],[78.048839,18.913194],[78.061046,18.921495],[78.069021,18.921983],[78.076671,18.920681],[78.087332,18.923448],[78.092214,18.929023],[78.105724,18.949408],[78.114675,18.957587],[78.116466,18.955837],[78.122081,18.952582],[78.128835,18.950222],[78.134532,18.950751],[78.140636,18.956488],[78.147227,18.968858],[78.151459,18.974392],[78.16741,18.983832],[78.215343,19.002061],[78.230724,19.005398],[78.248139,19.001736],[78.266124,18.992458],[78.280284,18.980292],[78.285818,18.967841],[78.285167,18.945339],[78.28769,18.93476],[78.295502,18.930284],[78.310964,18.933173],[78.317149,18.940212],[78.320404,18.949042],[78.326752,18.957587],[78.360362,18.977484],[78.36671,18.982449],[78.371023,18.987006],[78.377533,18.990424],[78.391124,18.991767],[78.412364,18.986396],[78.446381,18.962958],[78.470225,18.957587],[78.480968,18.959174],[78.500011,18.964911],[78.511241,18.964423],[78.516368,18.960557],[78.522065,18.95364],[78.53004,18.946967],[78.541921,18.943956],[78.549083,18.946357],[78.554698,18.952338],[78.558523,18.960069],[78.562511,18.979763],[78.570404,18.984442],[78.593761,18.984931],[78.628917,18.981879],[78.64739,18.988064],[78.661388,19.026435],[78.676362,19.034003],[78.694347,19.03502],[78.70989,19.032742],[78.753022,19.012234],[78.775645,19.007636],[78.785655,19.022162],[78.793875,19.038682],[78.813487,19.050645],[78.836029,19.057969],[78.85377,19.060614],[78.873546,19.055284],[78.907237,19.03502],[78.919037,19.036444],[78.922862,19.044867],[78.92392,19.054877],[78.925792,19.0633],[78.932384,19.06684],[78.943289,19.068793],[78.960867,19.077948],[78.97047,19.081122],[79.012136,19.081407],[79.046397,19.069281],[79.071869,19.045762],[79.087169,19.012234],[79.100597,18.971706],[79.117931,18.939073],[79.138682,18.912299],[79.162364,18.88935],[79.178315,18.877631],[79.196056,18.869086],[79.216807,18.863837],[79.241222,18.862006],[79.246511,18.857693],[79.251475,18.848009],[79.258311,18.838446],[79.268891,18.834093],[79.273448,18.831],[79.287608,18.817206],[79.292735,18.813585],[79.298106,18.813056],[79.304128,18.813259],[79.317149,18.815619],[79.333751,18.821316],[79.349539,18.828803],[79.389903,18.857449],[79.408783,18.858995],[79.428966,18.852403],[79.450857,18.840888],[79.513276,18.797797],[79.524832,18.796576],[79.533132,18.789333],[79.586925,18.765815],[79.595225,18.758124],[79.610281,18.740505],[79.621593,18.731024],[79.64088,18.734239],[79.659272,18.718288],[79.686534,18.679796],[79.698253,18.679511],[79.765636,18.690131],[79.780854,18.69538],[79.798839,18.706244],[79.813975,18.721869],[79.826264,18.765001],[79.851166,18.794013],[79.854421,18.813585],[79.851166,18.817694],[79.844737,18.823432],[79.837983,18.831081],[79.833914,18.840888],[79.835541,18.862576],[79.838878,18.875922],[79.844493,18.881903],[79.854991,18.879014],[79.864757,18.871853],[79.872081,18.862006],[79.877045,18.84044],[79.883067,18.837185],[79.892019,18.836697],[79.902843,18.834093],[79.968028,18.796576],[80.00172,18.785671],[80.039236,18.752143],[80.060557,18.737087],[80.066661,18.731024],[80.083995,18.701483],[80.090587,18.697537],[80.169688,18.690131],[80.24171,18.697537],[80.251394,18.700548],[80.270437,18.713731],[80.282725,18.716824],[80.294688,18.713446],[80.303152,18.705146],[80.309093,18.694281],[80.313731,18.683295],[80.31601,18.673407],[80.317475,18.652167],[80.319835,18.642279],[80.327159,18.63113],[80.336436,18.621202],[80.34433,18.610704],[80.347748,18.597602],[80.352061,18.592353],[80.361257,18.599433],[80.36964,18.610134],[80.372081,18.615587],[80.383556,18.612413],[80.390554,18.604315],[80.394135,18.593085],[80.3956,18.580878],[80.394054,18.573513],[80.385265,18.555487],[80.381928,18.546698],[80.380056,18.533881],[80.381928,18.502021],[80.388927,18.477607],[80.405528,18.464789],[80.44394,18.450507],[80.466319,18.419379],[80.478608,18.329372],[80.491791,18.292263],[80.521495,18.261786],[80.687511,18.165554],[80.697276,18.159451],[80.702078,18.142768],[80.776296,18.023139],[80.779226,18.022528],[80.808686,18.007514],[80.817393,18.004828],[80.830984,18.002509],[80.840017,17.996283],[80.854991,17.977566],[80.880626,17.952012],[80.890636,17.93891],[80.896495,17.922919],[80.894949,17.910468],[80.884776,17.868191],[80.879975,17.829698],[80.870697,17.794053],[80.868582,17.775214],[80.872325,17.756415],[80.890229,17.728827],[80.896495,17.710639],[80.894949,17.688178],[80.888682,17.6706],[80.886241,17.65587],[80.896495,17.641791],[80.915538,17.634345],[80.936046,17.635199],[80.975108,17.641791],[80.994395,17.639228],[81.005789,17.631415],[81.011241,17.61754],[81.012625,17.597032],[81.019786,17.586249],[81.036388,17.590359],[81.067312,17.607611],[81.078054,17.600287],[81.089773,17.603054],[81.10255,17.607978],[81.116222,17.607611],[81.12322,17.601589],[81.138276,17.581],[81.149832,17.572821],[81.159434,17.578681],[81.166596,17.578925],[81.201427,17.568305],[81.206472,17.567491],[81.237804,17.56623],[81.254649,17.56155],[81.267833,17.550849],[81.280203,17.531928],[81.293224,17.497382],[81.303233,17.487616],[81.324229,17.484076],[81.332286,17.485175],[81.347341,17.489814],[81.358653,17.490912],[81.37322,17.48782],[81.381358,17.480333],[81.387625,17.4713],[81.396251,17.46365],[81.404307,17.46015],[81.41269,17.458075],[81.430593,17.457465],[81.498627,17.466579],[81.5053,17.464179],[81.533295,17.434149],[81.540131,17.429511],[81.581635,17.415839],[81.610606,17.396308],[81.615896,17.391628],[81.61378,17.353868],[81.617198,17.336371],[81.629487,17.319648],[81.637706,17.315985],[81.662608,17.309882],[81.670502,17.305976],[81.676768,17.295233],[81.673432,17.289984],[81.667247,17.286648],[81.663666,17.281765],[81.66155,17.264757],[81.652273,17.225613],[81.649994,17.206651],[81.651459,17.196357],[81.655365,17.183865],[81.660737,17.173204],[81.667084,17.168769],[81.674571,17.165147],[81.676768,17.156317],[81.677989,17.13406],[81.685802,17.11168],[81.696056,17.095567],[81.709076,17.083523],[81.725108,17.073188],[81.750011,17.031073],[81.753673,17.017157],[81.759044,16.966254],[81.755789,16.957953],[81.74879,16.950222],[81.73878,16.942247],[81.729747,16.915066],[81.73406,16.885688],[81.752452,16.832384],[81.759532,16.801622],[81.767589,16.779364],[81.780365,16.759874],[81.800792,16.737372],[81.794526,16.721951],[81.797781,16.704901],[81.813975,16.67536],[81.841807,16.641872],[81.854015,16.610704],[81.858897,16.603339],[81.86378,16.578152],[81.858897,16.535427],[81.847179,16.495185],[81.831391,16.477362],[81.810151,16.473497],[81.795421,16.463568],[81.769542,16.432644],[81.74879,16.4171],[81.73821,16.422878],[81.730398,16.436062],[81.717784,16.442572],[81.711355,16.4383],[81.704682,16.429267],[81.697276,16.41531],[81.698741,16.405544],[81.703705,16.400255],[81.708995,16.396511],[81.711518,16.391059],[81.711518,16.312201]]}},{"type":"Feature","properties":{"name":"Godävari","scalerank":5},"geometry":{"type":"LineString","coordinates":[[81.759044,16.95543],[81.759207,16.934272],[81.763764,16.912462],[81.772227,16.892768],[81.79184,16.868842],[81.837576,16.785224],[81.848643,16.771552],[81.859874,16.766547],[81.889903,16.759955],[81.900076,16.754462],[81.924815,16.723171],[81.931244,16.716905],[81.94573,16.712958],[81.970144,16.713162],[81.982432,16.706366],[81.994151,16.697048],[82.007091,16.690375],[82.020518,16.689276],[82.033702,16.696479],[82.045339,16.688096],[82.058849,16.683539],[82.073741,16.681952],[82.088878,16.682807],[82.092214,16.685736],[82.102061,16.692572],[82.118256,16.700019],[82.141043,16.705024],[82.214936,16.710883],[82.270763,16.701443],[82.342703,16.701443]]}},{"type":"Feature","properties":{"name":"Tobol","scalerank":5},"geometry":{"type":"LineString","coordinates":[[60.910248,51.668809],[60.940684,51.635932],[60.948253,51.623847],[60.936941,51.611396],[60.933116,51.5987],[60.934011,51.566107],[60.937022,51.557196],[60.944021,51.544623],[60.958507,51.525092],[60.970632,51.515937],[61.003429,51.500922],[61.010183,51.496527],[61.01474,51.492377],[61.018565,51.488959],[61.022878,51.485785],[61.028819,51.482937],[61.037608,51.480414],[61.047944,51.479193],[61.081065,51.480414],[61.101492,51.478461],[61.141043,51.469428],[61.163585,51.467393],[61.232514,51.470811],[61.256602,51.467393],[61.291026,51.455349],[61.304454,51.453152],[61.317882,51.453681],[61.341726,51.458686],[61.355724,51.459988],[61.393321,51.450141],[61.437266,51.432481],[61.479096,51.425076],[61.510671,51.445665],[61.503022,51.465684],[61.523529,51.471747],[61.55128,51.474392],[61.565196,51.483832],[61.574148,51.499457],[61.615001,51.52912],[61.625987,51.542548],[61.621511,51.561469],[61.609874,51.58161],[61.60377,51.59752],[61.61614,51.603949],[61.622569,51.615302],[61.614513,51.641059],[61.592377,51.685858],[61.580658,51.722968],[61.565196,51.85102],[61.565929,51.85578],[61.570323,51.860907],[61.5713,51.867133],[61.569347,51.873074],[61.564871,51.875922],[61.560476,51.877997],[61.55836,51.88113],[61.556163,51.886583],[61.546886,51.904242],[61.544688,51.915229],[61.549571,51.926581],[61.572276,51.948025],[61.578868,51.959581],[61.577729,51.968573],[61.565196,51.994412],[61.563243,52.011786],[61.57545,52.030056],[61.58489,52.050157],[61.575125,52.073188],[61.567312,52.08515],[61.534923,52.152371],[61.492279,52.167019],[61.482514,52.182725],[61.483653,52.193793],[61.488373,52.212714],[61.489513,52.2237],[61.492686,52.235419],[61.507335,52.248643],[61.510671,52.258165],[61.521088,52.272162],[61.573009,52.278347],[61.592377,52.289171],[61.594493,52.298041],[61.591563,52.320583],[61.592377,52.330186],[61.59905,52.341498],[61.606863,52.34752],[61.615815,52.351874],[61.736908,52.429389],[61.742686,52.439399],[61.744151,52.451972],[61.741222,52.460517],[61.728526,52.480984],[62.152843,52.489081],[62.180919,52.494656],[62.252859,52.525824],[62.311615,52.531358],[62.621674,52.613389],[62.676768,52.636501],[62.688569,52.639268],[62.712494,52.641913],[62.734386,52.649115],[62.753917,52.659735],[62.784679,52.684027],[62.787364,52.688747],[62.79835,52.722235],[62.79892,52.73432],[62.794688,52.744818],[62.790538,52.765733],[62.807221,52.782172],[62.846283,52.803168],[62.85198,52.811794],[62.858897,52.829779],[62.866791,52.837266],[62.878673,52.840603],[62.907237,52.842597],[62.937104,52.858588],[63.010753,52.872016],[63.035574,52.88288],[63.049571,52.896064],[63.075694,52.93004],[63.098643,52.944688],[63.124278,52.950222],[63.175304,52.953966],[63.199962,52.961982],[63.270763,52.99494],[63.312022,53.004096],[63.364757,53.025987],[63.373139,53.028428],[63.404307,53.026475],[63.420828,53.027289],[63.431895,53.032172],[63.442475,53.039496],[63.457937,53.045233],[63.473643,53.048855],[63.486827,53.050157],[63.494233,53.053168],[63.504649,53.060736],[63.513927,53.070502],[63.523855,53.091742],[63.537608,53.100613],[63.565684,53.111029],[63.559093,53.133368],[63.572195,53.148261],[63.590424,53.162665],[63.599701,53.183295],[63.60906,53.199286],[63.653575,53.232856],[63.677826,53.246853],[63.700206,53.255886],[63.709565,53.261786],[63.717052,53.271064],[63.726492,53.290839],[63.73935,53.306505],[63.744395,53.314521],[63.750987,53.321112],[63.761241,53.32392],[63.77296,53.324897],[63.801768,53.332099],[63.812022,53.337592],[63.826264,53.371649],[63.850597,53.409532],[63.864024,53.422675],[63.884044,53.443671],[63.88795,53.453477],[63.886322,53.477362],[63.887218,53.488349],[63.892182,53.500841],[63.896983,53.509345],[63.900483,53.517524],[63.901459,53.529364],[63.898936,53.538926],[63.889415,53.560655],[63.885183,53.595404],[63.879487,53.615261],[63.871023,53.634101],[63.859874,53.652859],[63.854991,53.658759],[63.828298,53.683946],[63.812266,53.69477],[63.805919,53.700629],[63.795665,53.718329],[63.799815,53.727362],[63.810476,53.73668],[63.819428,53.755235],[63.801768,53.761054],[63.796397,53.772284],[63.795177,53.78616],[63.788829,53.799994],[63.770112,53.822211],[63.760265,53.830105],[63.743907,53.837836],[63.75294,53.853461],[63.755789,53.867133],[63.754405,53.879828],[63.743582,53.911322],[63.741303,53.921576],[63.748953,53.925727],[63.771088,53.926581],[63.793875,53.9383],[63.768484,54.001736],[63.774913,54.033311],[63.790701,54.044542],[63.810151,54.051825],[63.830984,54.055772],[63.850597,54.056952],[63.86671,54.063666],[63.86142,54.078884],[63.839366,54.104682],[63.833751,54.127021],[63.843354,54.13113],[63.862234,54.131415],[63.884044,54.142605],[63.89503,54.161322],[63.897065,54.194403],[63.907644,54.20779],[63.939952,54.215644],[63.976166,54.219102],[64.007335,54.228949],[64.024913,54.255561],[63.993175,54.280707],[63.978526,54.296739],[63.979991,54.303982],[63.987804,54.308051],[63.995535,54.315741],[64.004161,54.320014],[64.02296,54.307929],[64.03476,54.304267],[64.047537,54.302924],[64.059093,54.303982],[64.067556,54.307929],[64.083914,54.320502],[64.093272,54.324408],[64.107677,54.325019],[64.151541,54.317654],[64.17628,54.320828],[64.225027,54.334906],[64.255382,54.338975],[64.275645,54.344672],[64.28183,54.348334],[64.293712,54.353624],[64.308116,54.352118],[64.333507,54.344916],[64.43214,54.351752],[64.444021,54.354926],[64.453868,54.362006],[64.461355,54.369086],[64.466563,54.37226],[64.478608,54.371161],[64.499766,54.366523],[64.510834,54.365424],[64.536143,54.368842],[64.578217,54.38581],[64.600352,54.392117],[64.623627,54.406277],[64.661062,54.411973],[64.730561,54.413845],[64.763682,54.419135],[64.785167,54.429551],[64.80185,54.445746],[64.826101,54.477118],[64.850515,54.518256],[64.849864,54.528184],[64.846934,54.538031],[64.846446,54.55744],[64.844005,54.55976],[64.843842,54.561713],[64.850515,54.567735],[64.871593,54.577216],[64.874766,54.581407],[64.876964,54.595771],[64.884207,54.621121],[64.882253,54.632921],[64.89503,54.639757],[64.916108,54.662218],[64.983979,54.687567],[65.016043,54.707384],[65.014252,54.722846],[64.990652,54.735948],[64.956554,54.74905],[64.956554,54.756415],[64.968272,54.755235],[64.97934,54.756863],[64.989268,54.761501],[64.997569,54.769477],[64.990733,54.778022],[64.97405,54.790066],[64.970307,54.797431],[64.970795,54.811143],[64.975597,54.817328],[64.983653,54.821316],[64.993907,54.828152],[65.016856,54.837266],[65.025971,54.844753],[65.021658,54.855496],[64.969168,54.899115],[64.954356,54.917344],[64.953543,54.933702],[64.980561,54.940782],[64.990489,54.945095],[64.996755,54.954413],[64.996755,54.963813],[64.987071,54.968085],[64.971202,54.971462],[64.966807,54.979844],[64.9699,54.991075],[64.977143,55.002875],[65.015636,55.030707],[65.036876,55.049587],[65.035167,55.058051],[65.043468,55.067084],[65.05836,55.110419],[65.065847,55.125759],[65.086192,55.137478],[65.138438,55.146674],[65.178152,55.167548],[65.186534,55.173855],[65.189952,55.184678],[65.190847,55.198798],[65.193126,55.20657],[65.203705,55.221951],[65.23349,55.254462],[65.2671,55.283311],[65.28419,55.314154],[65.265147,55.352322],[65.231537,55.380194],[65.217296,55.398546],[65.22755,55.406928],[65.235444,55.410102],[65.253184,55.42418],[65.265391,55.427436],[65.376069,55.441107],[65.404063,55.449408],[65.416026,55.465277],[65.422374,55.478054],[65.464366,55.530463],[65.482026,55.545925],[65.519542,55.568305],[65.535737,55.58161],[65.550141,55.599677],[65.580496,55.653998],[65.601085,55.697862],[65.60906,55.724636],[65.604015,55.736518],[65.62086,55.745388],[65.622813,55.766425],[65.614513,55.810981],[65.62086,55.832139],[65.637462,55.835761],[65.660655,55.836453],[65.68629,55.848822],[65.702891,55.869208],[65.701589,55.883083],[65.676687,55.914618],[65.664968,55.955146],[65.663585,55.979112],[65.672862,55.989773],[65.682384,55.994005],[65.70045,56.012803],[65.707042,56.017035],[65.749441,56.02379],[65.765391,56.024482],[65.792898,56.021674],[65.802175,56.023464],[65.81308,56.030707],[65.859304,56.088202],[65.867686,56.095893],[65.878429,56.098985],[65.896658,56.099799],[65.90797,56.102484],[66.012462,56.13996],[65.981619,56.165961],[65.938487,56.173407],[65.89267,56.176296],[65.854747,56.188341],[65.934662,56.206977],[65.990489,56.212999],[66.006847,56.223334],[66.020763,56.23664],[66.039643,56.249823],[66.052664,56.25495],[66.154796,56.280341],[66.161388,56.286566],[66.172862,56.301337],[66.183116,56.307969],[66.269949,56.334906],[66.295014,56.348009],[66.296397,56.36282],[66.273692,56.376329],[66.254649,56.384589],[66.248546,56.39643],[66.265636,56.421169],[66.34075,56.47663],[66.367198,56.509833],[66.354421,56.544704],[66.336925,56.554755],[66.316661,56.563666],[66.299897,56.575954],[66.292979,56.595893],[66.299408,56.616523],[66.314871,56.635077],[66.375987,56.681749],[66.382335,56.688666],[66.392182,56.722195],[66.420421,56.726833],[66.437755,56.739814],[66.445242,56.759589],[66.443858,56.784857],[66.431163,56.825141],[66.431651,56.844753],[66.477468,56.8699],[66.488536,56.872992],[66.54005,56.866807],[66.566661,56.868191],[66.577403,56.87641],[66.573741,56.890937],[66.55714,56.91116],[66.54713,56.932725],[66.559011,56.948676],[66.624034,56.980414],[66.641043,56.992621],[66.65211,57.009467],[66.656179,57.034695],[66.667084,57.046658],[66.805186,57.129177],[66.823985,57.144558],[66.837494,57.150336],[66.853445,57.148464],[66.882335,57.14114],[66.909923,57.14114],[66.92099,57.14411],[66.921886,57.150743],[66.91684,57.160997],[66.96282,57.18655],[66.973562,57.199774],[66.961436,57.219672],[66.939382,57.229926],[66.930593,57.237006],[66.933523,57.246649],[66.943451,57.253445],[66.98821,57.26911],[66.999604,57.274929],[67.009288,57.282253],[67.01295,57.291327],[67.007253,57.298407],[66.995372,57.300727],[66.98349,57.304389],[66.978119,57.315538],[66.994395,57.324815],[67.070404,57.326483],[67.094819,57.332343],[67.106049,57.342882],[67.109304,57.346544],[67.098562,57.354519],[67.076427,57.366075],[67.067475,57.373887],[67.062999,57.3817],[67.059825,57.393175],[67.062918,57.40351],[67.077566,57.408026],[67.085867,57.417914],[67.075613,57.439643],[67.070567,57.460883],[67.094819,57.469428],[67.118744,57.46247],[67.134369,57.451728],[67.149994,57.44892],[67.174083,57.466091],[67.175548,57.474799],[67.166596,57.482367],[67.146414,57.49372],[67.137706,57.501654],[67.131602,57.504706],[67.127208,57.509955],[67.122813,57.524115],[67.12322,57.533962],[67.126231,57.543647],[67.127452,57.554145],[67.122813,57.56627],[67.113373,57.574774],[67.101329,57.578559],[67.07073,57.579291],[67.037852,57.583808],[67.024913,57.594835],[67.032319,57.608466],[67.060802,57.620917],[67.11671,57.636094],[67.144949,57.64879],[67.156993,57.664984],[67.146902,57.721503],[67.152354,57.756374],[67.155772,57.763536],[67.164561,57.767524],[67.183604,57.770535],[67.204356,57.769599],[67.210948,57.770535],[67.218191,57.773383],[67.227143,57.778266],[67.230724,57.782782],[67.221609,57.784776],[67.215912,57.790107],[67.211355,57.801825],[67.211843,57.813544],[67.221609,57.818915],[67.308116,57.812201],[67.322276,57.814236],[67.334483,57.818915],[67.341726,57.826728],[67.356619,57.849066],[67.365489,57.853705],[67.639578,57.846869],[67.646495,57.84455],[67.652843,57.840399],[67.659679,57.838487],[67.667491,57.843126],[67.671316,57.846015],[67.683197,57.852403],[67.687592,57.853705],[67.694835,57.857367],[67.718679,57.880316],[67.731049,57.887641],[67.743337,57.892768],[67.756847,57.89529],[67.772553,57.894639],[67.786062,57.890448],[67.812022,57.877021],[67.831147,57.87226],[67.869151,57.857123],[67.882823,57.854275],[67.897065,57.857367],[67.924246,57.867947],[68.00172,57.884141],[68.039236,57.896552],[68.071218,57.91824],[68.092865,57.939643],[68.096121,57.951483],[68.078054,57.956732],[68.03712,58.007636],[68.045339,58.023953],[68.110932,58.071479],[68.129649,58.093288],[68.131114,58.113349],[68.129975,58.122911],[68.135671,58.129584],[68.201589,58.165473],[68.218272,58.168402]]}},{"type":"Feature","properties":{"name":"Lower Tunguska","scalerank":5},"geometry":{"type":"LineString","coordinates":[[105.688731,58.068305],[105.694428,58.056342],[105.705496,58.047553],[105.719249,58.042182],[105.733409,58.040351],[105.744233,58.0362],[105.778087,58.006863],[105.811534,57.989203],[105.848562,57.976874],[105.886241,57.973578],[105.921967,57.982937],[105.962332,57.998603],[106.059255,58.020453],[106.079519,58.022284],[106.141694,58.020453],[106.198009,58.032294],[106.257498,58.037787],[106.27825,58.037177],[106.299246,58.030382],[106.314382,58.021593],[106.325125,58.013495],[106.34669,57.99254],[106.358002,57.984442],[106.401866,57.965888],[106.433604,57.935614],[106.443126,57.931098],[106.477468,57.92654],[106.585134,57.88878],[106.605561,57.88463],[106.668793,57.883328],[106.685476,57.877061],[106.717214,57.859646],[106.762625,57.852362],[106.806244,57.83747],[106.833263,57.835517],[106.917247,57.844428],[106.95574,57.83515],[107.014415,57.834418],[107.027192,57.831488],[107.10963,57.800076],[107.141043,57.792792],[107.169688,57.793321],[107.175548,57.79682],[107.197032,57.815009],[107.23878,57.825792],[107.248546,57.831855],[107.270925,57.840155],[107.381765,57.816596],[107.411713,57.794379],[107.429128,57.787136],[107.455089,57.786689],[107.482432,57.792833],[107.50587,57.804714],[107.519786,57.821234],[107.511729,57.82807],[107.590912,57.857001],[107.614675,57.869656],[107.622813,57.877468],[107.63974,57.897773],[107.648936,57.903184],[107.663097,57.903632],[107.668875,57.898057],[107.673106,57.890001],[107.683035,57.883328],[107.71046,57.878689],[107.743337,57.879421],[107.775645,57.885565],[107.800304,57.896999],[107.810151,57.907823],[107.815359,57.919542],[107.820811,57.937934],[107.828136,57.947089],[107.872569,57.988105],[107.996104,58.077501],[108.166515,58.153632],[108.190684,58.15705],[108.224864,58.15766],[108.215343,58.13642],[108.210541,58.129706],[108.233165,58.130683],[108.256847,58.136827],[108.279063,58.147284],[108.296886,58.160712],[108.305186,58.165595],[108.312755,58.166856],[108.318289,58.170356],[108.322276,58.190456],[108.327078,58.198839],[108.333914,58.206326],[108.341563,58.212226],[108.387706,58.222724],[108.413015,58.232042],[108.424083,58.249538],[108.430268,58.269802],[108.445893,58.286973],[108.465831,58.300971],[108.484874,58.311306],[108.490326,58.31623],[108.492198,58.322943],[108.49171,58.338935],[108.494151,58.349555],[108.499766,58.357042],[108.512218,58.36933],[108.524832,58.38935],[108.529226,58.403835],[108.523448,58.415595],[108.467296,58.448065],[108.459565,58.459744],[108.458263,58.479193],[108.460948,58.478827],[108.467459,58.47956],[108.474294,58.481879],[108.478038,58.485948],[108.477061,58.492621],[108.472097,58.495673],[108.466401,58.498318],[108.463796,58.503445],[108.461843,58.51321],[108.456472,58.520331],[108.448171,58.52497],[108.437755,58.527615],[108.454845,58.538601],[108.461192,58.543972],[108.466401,58.561957],[108.473399,58.571967],[108.483328,58.579372],[108.518158,58.588813],[108.517589,58.604682],[108.504242,58.623847],[108.451752,58.68183],[108.437755,58.692084],[108.422537,58.695868],[108.406668,58.697374],[108.395763,58.701361],[108.396088,58.712592],[108.404552,58.719184],[108.432546,58.725369],[108.44394,58.733018],[108.427257,58.738105],[108.408376,58.740058],[108.392019,58.745388],[108.382416,58.760321],[108.397065,58.764757],[108.406505,58.777208],[108.413992,58.793158],[108.424083,58.808173],[108.435802,58.81627],[108.464936,58.83161],[108.47462,58.842312],[108.47405,58.860622],[108.445811,58.901923],[108.437755,58.924831],[108.440684,58.94831],[108.447195,58.972968],[108.449636,58.996772],[108.431082,59.042263],[108.437266,59.064073],[108.439138,59.085761],[108.416596,59.109809],[108.319347,59.149848],[108.289968,59.168158],[108.286388,59.176785],[108.282481,59.200954],[108.276378,59.206],[108.252208,59.247016],[108.210541,59.281114],[108.177338,59.351345],[108.148204,59.364773],[108.11614,59.375312],[108.094493,59.389838],[108.089447,59.405788],[108.096446,59.431464],[108.094493,59.444444],[108.08074,59.450141],[108.011974,59.45071],[108.017833,59.464667],[108.023367,59.472032],[108.061941,59.502509],[108.067393,59.514228],[108.049815,59.519599],[108.04184,59.525499],[108.038666,59.539252],[108.03948,59.554267],[108.042979,59.564276],[108.054698,59.579372],[108.05657,59.587266],[108.048839,59.593044],[107.990164,59.619981],[107.977794,59.629462],[107.96046,59.650743],[107.951671,59.658962],[107.936697,59.667304],[107.907156,59.673692],[107.901947,59.679755],[107.941417,59.729804],[107.956716,59.738715],[108.031749,59.750556],[108.070811,59.763373],[108.087576,59.790229],[108.09962,59.815863],[108.144054,59.863959],[108.142182,59.889472],[108.124766,59.899197],[108.084239,59.903266],[108.08074,59.917426],[108.088878,59.929511],[108.100352,59.936713],[108.110606,59.945421],[108.115001,59.962104],[108.114024,60.01081],[108.109955,60.034451],[108.101329,60.053982],[108.087413,60.066474],[108.055105,60.086371],[108.04599,60.102362],[108.05071,60.122097],[108.075043,60.14822],[108.066498,60.157579],[108.075125,60.166042],[108.09726,60.175645],[108.108165,60.184353],[108.039806,60.212226],[107.975352,60.218817],[107.956716,60.225287],[107.968028,60.228827],[107.978038,60.234483],[107.986095,60.24254],[107.991466,60.253241],[107.950857,60.261827],[107.866791,60.261257],[107.826915,60.266872],[107.832123,60.273993],[107.834565,60.280951],[107.834972,60.287706],[107.834402,60.294216],[107.83196,60.299384],[107.822683,60.328559],[107.823822,60.331732],[107.794851,60.362576],[107.795421,60.368232],[107.800955,60.373847],[107.80714,60.383612],[107.81544,60.404975],[107.824718,60.422553],[107.837332,60.436835],[107.854991,60.448432],[107.858002,60.459499],[107.83839,60.471503],[107.813487,60.483262],[107.800304,60.493435],[107.822032,60.495469],[107.834239,60.505072],[107.843028,60.515733],[107.854991,60.520779],[107.87794,60.52204],[107.889252,60.526068],[107.896495,60.534369],[107.895925,60.54088],[107.884939,60.55154],[107.882253,60.557969],[107.880056,60.561387],[107.875418,60.563259],[107.870697,60.565741],[107.868663,60.571641],[107.871023,60.58039],[107.87672,60.584744],[107.883311,60.588568],[107.888438,60.595811],[107.892182,60.612616],[107.889089,60.625556],[107.877208,60.633857],[107.854991,60.636786],[107.813894,60.637559],[107.793956,60.643419],[107.786632,60.657294],[107.797374,60.669379],[107.818614,60.665839],[107.841807,60.6588],[107.858409,60.660712],[107.866466,60.673407],[107.865245,60.682929],[107.861095,60.69245],[107.861827,60.705105],[107.871349,60.721869],[107.884532,60.732245],[107.899994,60.741278],[107.91627,60.753485],[107.908946,60.759711],[107.949474,60.7921],[107.964854,60.809516],[107.975108,60.856553],[107.982921,60.878526],[107.988292,60.900255],[107.98463,60.92418],[107.978282,60.936103],[107.969005,60.947292],[107.957042,60.955634],[107.94337,60.95893],[107.865245,60.948432],[107.84962,60.941514],[107.847667,60.955186],[107.851736,60.973253],[107.854991,60.979438],[107.85377,61.009589],[107.854991,61.020372],[107.858816,61.03323],[107.867117,61.050605],[107.868663,61.06505],[107.865896,61.077826],[107.861827,61.088162],[107.861827,61.098944],[107.872,61.113227],[107.902599,61.123725],[107.98935,61.121405],[108.018891,61.129665],[108.014171,61.147813],[107.990001,61.170722],[107.973562,61.190253],[107.991466,61.198554],[108.027599,61.203681],[108.010753,61.215603],[107.936127,61.239529],[107.959239,61.253607],[107.981863,61.262397],[108.002452,61.273464],[108.018891,61.294135],[108.024669,61.308905],[108.02589,61.31623],[108.026134,61.325751],[108.030935,61.332343],[108.053396,61.349677],[108.060313,61.356798],[108.044688,61.360216],[108.029552,61.367011],[108.021251,61.377021],[108.026134,61.390326],[107.988455,61.41531],[107.97169,61.429307],[107.964122,61.444932],[107.965261,61.455634],[107.969493,61.464464],[107.976085,61.472276],[107.98463,61.479682],[107.998627,61.488878],[108.007904,61.493354],[108.014089,61.499457],[108.018891,61.51378],[108.019949,61.532782],[108.01588,61.551296],[108.00823,61.568183],[107.99822,61.58279],[107.991222,61.587592],[107.980968,61.593044],[107.972585,61.600287],[107.970876,61.610663],[107.979421,61.616807],[108.014415,61.627753],[108.026134,61.62991],[108.095714,61.616238],[108.129405,61.615994],[108.149669,61.637397],[108.147472,61.658637],[108.130463,61.672553],[108.106049,61.679145],[108.08074,61.67829],[108.06308,61.673163],[108.049734,61.667426],[108.036388,61.663845],[108.018891,61.664659],[107.989024,61.671088],[107.973155,61.676947],[107.964122,61.685126],[107.966319,61.704657],[108.010346,61.727607],[108.026134,61.746649],[107.922455,61.767117],[107.94101,61.780585],[108.018891,61.801825],[108.038829,61.815863],[108.056895,61.832587],[108.063569,61.841661],[108.074718,61.862738],[108.08074,61.870144],[108.118744,61.888495],[108.127045,61.899359],[108.108165,61.911689],[108.10198,61.911241],[108.099132,61.90644],[108.097341,61.900824],[108.094493,61.898017],[108.060313,61.904893],[108.047293,61.909857],[108.011974,61.931586],[108.021414,61.939399],[108.053396,61.952663],[108.062104,61.959052],[108.078705,61.974066],[108.087576,61.980007],[108.158621,62.009223]]}},{"type":"Feature","properties":{"name":"Pamir","scalerank":5},"geometry":{"type":"LineString","coordinates":[[73.604584,37.446072],[73.484874,37.481228],[73.440196,37.48017],[73.37794,37.452826],[73.361339,37.45661],[73.344656,37.464708],[73.320811,37.467231],[73.295909,37.465196],[73.275808,37.459744],[73.259858,37.450263],[73.211192,37.408515],[73.200125,37.404405],[73.17864,37.410997],[73.169932,37.408515],[73.131765,37.384589],[73.11614,37.369249],[73.098888,37.340155],[73.087413,37.32628],[73.067149,37.315375],[72.995128,37.309516],[72.923839,37.275092],[72.901947,37.254014],[72.876964,37.247138],[72.830089,37.240017],[72.790294,37.220567],[72.760509,37.187771],[72.713959,37.110297],[72.672293,37.057888],[72.666108,37.038601],[72.657319,37.029079]]}},{"type":"Feature","properties":{"name":"Chang Jiang","scalerank":1},"geometry":{"type":"LineString","coordinates":[[112.78183,29.743964],[112.816905,29.753974],[112.852957,29.779079],[112.885834,29.791693],[112.912364,29.764431],[112.914806,29.754218],[112.916515,29.733954],[112.918468,29.723456],[112.929291,29.701361],[112.936046,29.693223],[112.945323,29.709255],[112.987315,29.743964],[113.012706,29.772895],[113.019216,29.77086],[113.021495,29.747382],[113.017182,29.724555],[113.005951,29.706122],[112.990652,29.691962],[112.935069,29.659532],[112.913503,29.634467],[112.908214,29.600694],[112.927664,29.495185],[112.935557,29.480496],[112.953136,29.476589],[112.972097,29.489325],[112.990815,29.507025],[113.007823,29.518012],[113.032644,29.518988],[113.044526,29.508368],[113.048595,29.48961],[113.048595,29.454169],[113.049815,29.446885],[113.054698,29.443223],[113.066173,29.442247],[113.07545,29.447455],[113.076427,29.459581],[113.074718,29.473456],[113.076182,29.483832],[113.084727,29.494656],[113.089936,29.496039],[113.112885,29.474189],[113.115245,29.467637],[113.117768,29.463935],[113.127615,29.462755]]}},{"type":"Feature","properties":{"name":"Chang Jiang","scalerank":1},"geometry":{"type":"LineString","coordinates":[[103.850678,28.668036],[103.866303,28.675116],[103.870209,28.666205],[103.872569,28.657172],[103.87379,28.636583],[103.87794,28.630439],[103.887706,28.630683],[103.899099,28.633083],[103.908376,28.63349],[103.927826,28.626288],[103.939952,28.619696],[103.952403,28.614854],[103.972748,28.613064],[103.992279,28.616238],[104.029063,28.630316],[104.047537,28.63349],[104.05657,28.630398],[104.078624,28.613064],[104.091807,28.612616],[104.101085,28.615994],[104.11964,28.626736],[104.139903,28.633368],[104.178722,28.638536],[104.232188,28.639594],[104.239675,28.643419],[104.246511,28.654893],[104.248057,28.661933],[104.25058,28.661485],[104.260509,28.65058],[104.275076,28.638861],[104.292491,28.632148],[104.311697,28.630439],[104.33253,28.63349],[104.341401,28.637478],[104.34669,28.641913],[104.352306,28.645697],[104.36321,28.647162],[104.456472,28.6435],[104.483002,28.657579],[104.507823,28.678412],[104.563731,28.707546],[104.588634,28.728339],[104.603526,28.754747],[104.599294,28.784369],[104.622,28.79031],[104.66269,28.782253],[104.685069,28.794257],[104.699718,28.799587],[104.740001,28.795233],[104.757091,28.798041],[104.7671,28.80504],[104.783295,28.82038],[104.791108,28.825303],[104.803803,28.828477],[104.835948,28.825303],[104.858409,28.817735],[104.902436,28.784369],[104.92213,28.776923],[104.939952,28.784857],[104.95696,28.803005],[104.980235,28.835883],[104.991628,28.841498],[105.002045,28.837022],[105.011974,28.829413],[105.021495,28.825303],[105.029877,28.81977],[105.03004,28.807563],[105.026541,28.795518],[105.020763,28.782538],[105.015391,28.775214],[105.013113,28.767035],[105.018321,28.756415],[105.028575,28.750434],[105.05185,28.750434],[105.062755,28.746446],[105.095714,28.719184],[105.115733,28.71369],[105.140636,28.722927],[105.14796,28.728135],[105.15089,28.732245],[105.154307,28.749579],[105.155284,28.763495],[105.153331,28.770046],[105.154714,28.775824],[105.164806,28.787462],[105.176199,28.783881],[105.219493,28.7567],[105.236257,28.749579],[105.259939,28.752712],[105.2942,28.772244],[105.339936,28.783515],[105.351573,28.799872],[105.360362,28.839626],[105.36964,28.856798],[105.384044,28.869696],[105.402843,28.877753],[105.425222,28.880561],[105.435557,28.883816],[105.443858,28.891913],[105.459565,28.911241],[105.470714,28.913153],[105.481619,28.904486],[105.497569,28.886786],[105.518158,28.888292],[105.542735,28.899197],[105.559174,28.915107],[105.555919,28.931749],[105.545909,28.95128],[105.560069,28.961127],[105.585378,28.962266],[105.607432,28.955675],[105.622325,28.942165],[105.62794,28.927354],[105.62794,28.890489],[105.639252,28.887478],[105.692475,28.891059],[105.709076,28.894232],[105.752859,28.921698],[105.77532,28.928249],[105.784923,28.911241],[105.786632,28.887234],[105.79184,28.868679],[105.800548,28.853461],[105.812755,28.839626],[105.84547,28.825385],[105.877208,28.836127],[105.897227,28.863715],[105.894786,28.900458],[105.878184,28.910102],[105.873627,28.914659],[105.87322,28.919623],[105.874766,28.925971],[105.877452,28.930121],[105.881114,28.928331],[105.874034,28.939887],[105.86907,28.946072],[105.860769,28.948432],[105.843272,28.948798],[105.818858,28.957546],[105.823741,28.977078],[105.880626,29.047309],[105.897227,29.058621],[105.928803,29.064887],[105.97698,29.062445],[105.990896,29.064887],[106.001231,29.071804],[106.025076,29.106513],[106.089854,29.081244],[106.117931,29.078559],[106.14088,29.090522],[106.135753,29.117621],[106.121593,29.146674],[106.117931,29.164496],[106.155365,29.202094],[106.157725,29.208686],[106.156993,29.21544],[106.157237,29.222439],[106.162364,29.229356],[106.170828,29.233466],[106.177826,29.232611],[106.184011,29.23017],[106.189545,29.229356],[106.213471,29.235622],[106.237315,29.246527],[106.250987,29.264268],[106.244151,29.290839],[106.259369,29.290391],[106.308686,29.276394],[106.324311,29.283515],[106.348888,29.289578],[106.370128,29.29206],[106.374766,29.295925],[106.376475,29.302273],[106.385509,29.319932],[106.388438,29.32807],[106.392996,29.336493],[106.401866,29.346055],[106.411632,29.35281],[106.429779,29.362006],[106.439464,29.370307],[106.455089,29.389431],[106.463878,29.397406],[106.473562,29.400702],[106.501964,29.399522],[106.516205,29.401435],[106.524832,29.408149],[106.522472,29.415351],[106.504405,29.442247],[106.499522,29.455024],[106.497813,29.464952],[106.498057,29.480496],[106.500987,29.488471],[106.508311,29.491034],[106.528575,29.490058],[106.536062,29.494452],[106.536388,29.504584],[106.532237,29.524237],[106.534434,29.544989],[106.537608,29.551134],[106.545909,29.558946],[106.556082,29.562771],[106.569591,29.565009],[106.581635,29.568427],[106.586843,29.575751],[106.585704,29.591742],[106.586843,29.610378],[106.596446,29.624538],[106.621023,29.627265],[106.619884,29.624376],[106.665701,29.588406],[106.672293,29.577012],[106.680756,29.572618],[106.69101,29.571479],[106.70045,29.575751],[106.704275,29.57864],[106.716401,29.58454],[106.720795,29.585639],[106.724294,29.588446],[106.728526,29.601752],[106.730886,29.606147],[106.775076,29.617377],[106.810802,29.600409],[106.842214,29.593329],[106.908132,29.686713],[106.929698,29.70421],[106.963634,29.756944],[107.017345,29.787136],[107.025645,29.794786],[107.033132,29.809434],[107.050385,29.819892],[107.070893,29.82392],[107.087169,29.819648],[107.095876,29.804999],[107.107351,29.759589],[107.117768,29.740261],[107.149425,29.710639],[107.167572,29.696967],[107.183442,29.688747],[107.221121,29.691718],[107.295421,29.740058],[107.334076,29.7508],[107.375662,29.733222],[107.399018,29.728217],[107.409272,29.740261],[107.414073,29.763617],[107.425955,29.780463],[107.457042,29.805365],[107.473888,29.824164],[107.479747,29.841905],[107.47519,29.859198],[107.46046,29.876776],[107.458751,29.884711],[107.466563,29.892768],[107.478038,29.899034],[107.488048,29.901557],[107.501394,29.900499],[107.508311,29.897488],[107.519786,29.887315],[107.55714,29.867011],[107.596121,29.855333],[107.635916,29.853054],[107.676768,29.860663],[107.68629,29.864691],[107.744395,29.903754],[107.836681,29.987006],[107.84962,30.004706],[107.865896,30.048163],[107.865245,30.055528],[107.861501,30.063585],[107.860362,30.07628],[107.861827,30.099555],[107.868256,30.113227],[107.881277,30.129218],[107.897065,30.142442],[107.912608,30.148017],[107.928233,30.155544],[107.934581,30.173204],[107.937592,30.193671],[107.943614,30.209418],[107.961029,30.222032],[107.977794,30.226671],[107.992931,30.233018],[108.005056,30.250434],[108.014578,30.286322],[108.02003,30.299913],[108.032319,30.313096],[108.046886,30.320868],[108.064952,30.327582],[108.069347,30.329942],[108.074311,30.331977],[108.08074,30.332343],[108.085378,30.329047],[108.090261,30.322455],[108.093761,30.315985],[108.094493,30.313096],[108.118337,30.317572],[108.117198,30.331366],[108.102957,30.347846],[108.087576,30.360297],[108.152843,30.408067],[108.174327,30.411973],[108.196869,30.422146],[108.217214,30.435614],[108.231619,30.449652],[108.308116,30.579535],[108.314138,30.586859],[108.348725,30.638983],[108.358328,30.648261],[108.369558,30.65705],[108.409923,30.709744],[108.418956,30.729315],[108.422293,30.739814],[108.424083,30.750678],[108.422455,30.763943],[108.412201,30.784776],[108.409923,30.795722],[108.410818,30.820746],[108.416596,30.833808],[108.431163,30.840644],[108.480561,30.853298],[108.497569,30.862413],[108.508393,30.876776],[108.512218,30.898464],[108.522227,30.911933],[108.545909,30.918769],[108.573334,30.922919],[108.594737,30.928819],[108.624278,30.943671],[108.6421,30.948269],[108.666515,30.949978],[108.687511,30.945421],[108.722179,30.926296],[108.745616,30.922634],[108.790538,30.931586],[108.877208,30.95954],[108.924327,30.956814],[108.96933,30.94892],[109.012543,30.949408],[109.17685,30.97663],[109.199229,30.975694],[109.258881,30.963568],[109.296641,30.965847],[109.430105,30.996202],[109.4463,31.00255],[109.459972,31.010037],[109.486339,31.028876],[109.497813,31.034125],[109.573985,31.04267],[109.591807,31.040554],[109.608328,31.031846],[109.617198,31.016913],[109.623953,31.008328],[109.632823,31.004584],[109.653087,31.00434],[109.661713,31.002224],[109.670421,30.997097],[109.731456,31.021267],[109.765636,31.047553],[109.784679,31.053656],[109.871755,31.067572],[109.896658,31.068549],[109.923106,31.060492],[109.933849,31.064561],[109.944753,31.070421],[109.955007,31.073432],[109.965343,31.071967],[109.976085,31.068427],[109.985769,31.06391],[109.992605,31.059841],[110.02589,31.032904],[110.042735,31.026923],[110.071707,31.02501],[110.089854,31.027126],[110.12794,31.036322],[110.149506,31.038682],[110.281749,31.021023],[110.321544,31.031846],[110.328868,31.037909],[110.334972,31.044623],[110.342784,31.049994],[110.355724,31.052314],[110.366791,31.05032],[110.384288,31.040839],[110.427338,31.031277],[110.44394,31.02558],[110.511729,31.033271],[110.532807,31.031846],[110.550548,31.026231],[110.565115,31.015082],[110.583751,31.004991],[110.657319,30.997097],[110.720876,30.967719],[110.7588,30.960476],[110.801524,30.943874],[110.814952,30.936306],[110.827647,30.921698],[110.837494,30.906073],[110.850678,30.893622],[110.87322,30.888495],[110.921886,30.886827],[110.945242,30.882636],[110.965831,30.874213],[110.995209,30.844835],[111.006928,30.83808],[111.011974,30.833564],[111.018647,30.829047],[111.027599,30.827012],[111.036062,30.827989],[111.05128,30.832302],[111.058197,30.833279],[111.076182,30.838813],[111.098643,30.8487],[111.124034,30.852566],[111.150808,30.840115],[111.161225,30.826768],[111.162852,30.815538],[111.158214,30.788601],[111.166433,30.783718],[111.204275,30.778835],[111.216319,30.775214],[111.238292,30.764268],[111.263276,30.756537],[111.277599,30.741807],[111.267507,30.709744],[111.386974,30.593044],[111.391205,30.58572],[111.39739,30.553249],[111.40089,30.545844],[111.412364,30.533149],[111.432546,30.503526],[111.448822,30.47016],[111.448741,30.445909],[111.444428,30.423204],[111.470714,30.413845],[111.505626,30.409247],[111.527436,30.401231],[111.507253,30.358507],[111.499522,30.333686],[111.503673,30.31623],[111.533132,30.282538],[111.55071,30.271674],[111.575857,30.271511],[111.592052,30.281277],[111.607432,30.299506],[111.619151,30.319851],[111.629324,30.356024],[111.643158,30.371894],[111.678315,30.395046],[111.711029,30.41059],[111.751964,30.422187],[111.797293,30.428534],[111.842784,30.428534],[111.881358,30.41828],[111.908295,30.39765],[111.980968,30.304551],[111.997813,30.291815],[112.021007,30.285183],[112.063894,30.287299],[112.087413,30.291938],[112.103526,30.298855],[112.103526,30.291368],[112.146658,30.304877],[112.195323,30.307481],[112.239024,30.295478],[112.268077,30.264716],[112.270518,30.223578],[112.246023,30.196357],[112.213634,30.1706],[112.192882,30.134345],[112.196544,30.092353],[112.223155,30.076728],[112.309011,30.072862],[112.352468,30.05919],[112.391205,30.031684],[112.417898,29.99372],[112.425141,29.948798],[112.400645,29.884141],[112.394216,29.873643],[112.384369,29.863064],[112.379812,29.838487],[112.376557,29.791693],[112.36671,29.747504],[112.368663,29.726589],[112.387543,29.733425],[112.423839,29.761542],[112.443858,29.77204],[112.466075,29.778673],[112.53297,29.774359],[112.54184,29.781806],[112.543386,29.802069],[112.548839,29.823065],[112.559255,29.839626],[112.575857,29.8463],[112.600352,29.839219],[112.602631,29.821357],[112.590017,29.77497],[112.593435,29.742377],[112.59962,29.721991],[112.610606,29.709784],[112.636241,29.71369],[112.6421,29.743679],[112.63795,29.805365],[112.654307,29.822333],[112.682872,29.82685],[112.714773,29.822292],[112.740326,29.812201],[112.764171,29.789984],[112.748464,29.779812],[112.716807,29.77379],[112.692556,29.764431],[112.693126,29.747382],[112.721772,29.738593],[112.760183,29.737616],[112.788829,29.743964]]}},{"type":"Feature","properties":{"name":"Panj","scalerank":5},"geometry":{"type":"LineString","coordinates":[[72.657319,37.029079],[72.508311,37.011339],[72.47462,36.997667],[72.405528,37.00788],[72.360606,37.000556],[72.259288,36.967597],[72.219819,36.945828],[72.20989,36.936835],[72.195567,36.919216],[72.186453,36.911648],[72.152436,36.895941],[72.126231,36.872911],[71.836192,36.699408],[71.797293,36.686347],[71.748139,36.6789],[71.699636,36.6789],[71.652761,36.687201],[71.610769,36.705105],[71.576915,36.733507],[71.563487,36.750922],[71.552419,36.769802],[71.544932,36.790229],[71.538178,36.836371],[71.528087,36.856391],[71.471283,36.930284],[71.462576,36.94831],[71.459483,36.969997],[71.459483,37.011013],[71.456065,37.022773],[71.438894,37.044379],[71.432872,37.054999],[71.430756,37.067247],[71.432872,37.12755],[71.440684,37.168728],[71.446381,37.183865],[71.453298,37.192816],[71.449718,37.216905],[71.486746,37.267279],[71.487641,37.295233],[71.493337,37.307725],[71.496186,37.328803],[71.494395,37.370917],[71.486827,37.409369],[71.489838,37.423611],[71.501231,37.446072],[71.510834,37.486151],[71.496755,37.566759],[71.501231,37.610541],[71.504649,37.616278],[71.516856,37.629462],[71.521576,37.637885],[71.524343,37.647976],[71.529063,37.678819],[71.540538,37.709988],[71.542084,37.719794],[71.539968,37.73078],[71.530772,37.75198],[71.529063,37.761339],[71.537364,37.779324],[71.574229,37.798285],[71.589854,37.815985],[71.593842,37.834011],[71.594656,37.857733],[71.593028,37.879584],[71.589854,37.89171],[71.597341,37.898546],[71.566905,37.92829],[71.536713,37.944648],[71.500662,37.946479],[71.378835,37.913153],[71.360444,37.902289],[71.34075,37.893581],[71.319347,37.900824],[71.281505,37.925238],[71.270763,37.926378],[71.263113,37.924628],[71.257823,37.926703],[71.254161,37.939521],[71.255382,37.950141],[71.265391,37.972764],[71.272227,37.998236],[71.30185,38.042548],[71.315522,38.083523],[71.334076,38.111884],[71.340587,38.141181],[71.358653,38.184353],[71.363862,38.207058],[71.357595,38.251492],[71.334076,38.28087],[71.299734,38.298896],[71.217296,38.326117],[71.155528,38.37641],[71.116954,38.39879],[71.088878,38.41002],[71.076671,38.412462],[71.064464,38.412055],[71.056651,38.409247],[71.049327,38.408881],[71.039073,38.415595],[71.032644,38.423896],[71.024099,38.442165],[71.018158,38.450019],[71.008067,38.458808],[70.997651,38.465888],[70.98642,38.471137],[70.973643,38.473944],[70.950287,38.473334],[70.942963,38.466173],[70.9463,38.443468],[70.935802,38.433173],[70.911713,38.437852],[70.870535,38.453437],[70.858897,38.451931],[70.853282,38.447699],[70.849213,38.443061],[70.842703,38.440375],[70.833588,38.440782],[70.817475,38.445258],[70.808523,38.446601],[70.776785,38.446723],[70.760753,38.443793],[70.753917,38.436632],[70.741303,38.419704],[70.682872,38.414822],[70.66448,38.405626],[70.66448,38.39879],[70.684255,38.386908],[70.67628,38.37519],[70.64088,38.354438],[70.631765,38.350409],[70.608897,38.351426],[70.59962,38.347276],[70.59547,38.338446],[70.595225,38.327989],[70.596202,38.317816],[70.596202,38.309434],[70.58253,38.275255],[70.57252,38.271308],[70.559011,38.268378],[70.546804,38.262885],[70.537364,38.238308],[70.508067,38.192735],[70.482026,38.137641],[70.4699,38.120714],[70.459565,38.112494],[70.425548,38.100898],[70.414968,38.094753],[70.370697,38.058539],[70.325776,38.011542],[70.317475,38.006537],[70.293468,37.996365],[70.288259,37.991034],[70.283376,37.982123],[70.272227,37.97838],[70.260509,37.976671],[70.253673,37.97366],[70.250011,37.964382],[70.249604,37.955837],[70.253347,37.947618],[70.26116,37.939521],[70.237722,37.932644],[70.214285,37.929511],[70.191824,37.933132],[70.171641,37.946357],[70.160085,37.920925],[70.164806,37.890163],[70.178803,37.861029],[70.195567,37.840196],[70.207042,37.835883],[70.239838,37.827826],[70.246755,37.819403],[70.249441,37.80504],[70.256114,37.79206],[70.265147,37.78144],[70.274669,37.774441],[70.269135,37.762885],[70.271251,37.748887],[70.281505,37.719794],[70.282725,37.705024],[70.28004,37.696316],[70.276541,37.688259],[70.274669,37.675727],[70.262136,37.661078],[70.257335,37.658311],[70.253022,37.654853],[70.253429,37.646796],[70.254812,37.637722],[70.253673,37.631049],[70.247813,37.623603],[70.245697,37.621446],[70.240489,37.617377],[70.237234,37.618354],[70.218028,37.617703],[70.215912,37.617377],[70.201589,37.588243],[70.198985,37.579535],[70.192393,37.576239],[70.157319,37.541612],[70.128835,37.532538],[70.098643,37.536811],[70.068777,37.545478],[70.04127,37.549099],[70.047455,37.541612],[70.016531,37.54621],[70.007091,37.549099],[69.998139,37.555854],[69.994151,37.562445],[69.989024,37.567572],[69.976085,37.569607],[69.954845,37.575751],[69.944021,37.589952],[69.934825,37.605902],[69.918468,37.617377],[69.894786,37.618435],[69.852794,37.601508],[69.832449,37.596869],[69.822683,37.593126],[69.812266,37.586046],[69.801768,37.581732],[69.791433,37.58629],[69.783946,37.590644],[69.761811,37.596055],[69.753917,37.596869],[69.72934,37.594346],[69.686941,37.579861],[69.664561,37.576443],[69.52825,37.586249],[69.508311,37.579291],[69.490815,37.537218],[69.46933,37.520372],[69.424897,37.494452],[69.421316,37.489773],[69.415294,37.47781],[69.411225,37.472724],[69.403738,37.467108],[69.389252,37.459052],[69.384044,37.453559],[69.37794,37.43769],[69.375906,37.419135],[69.376557,37.380927],[69.37851,37.377387],[69.387787,37.375312],[69.39088,37.370917],[69.390554,37.365546],[69.388194,37.36404],[69.385346,37.363349],[69.384044,37.360419],[69.384369,37.351142],[69.385916,37.341742],[69.389089,37.333197],[69.394216,37.32628],[69.402599,37.311347],[69.409272,37.276923],[69.417491,37.26789],[69.409434,37.245917],[69.426362,37.239691],[69.444835,37.23664],[69.441661,37.223822],[69.407237,37.17768],[69.39088,37.164862],[69.350515,37.144395],[69.334239,37.129259],[69.323416,37.121202],[69.311615,37.117743],[69.285248,37.113145],[69.265229,37.105658],[69.245372,37.104112],[69.150645,37.155219],[69.145437,37.157253],[69.123139,37.169379],[69.113862,37.177761],[69.095876,37.213324],[69.078054,37.225409],[69.055186,37.237372],[69.035411,37.251817],[69.020763,37.288194],[69.004975,37.305772],[68.984874,37.320624],[68.964936,37.329372],[68.896902,37.336208],[68.893158,37.337348],[68.887462,37.338406],[68.884695,37.335028],[68.889903,37.323106],[68.896251,37.316718],[68.912527,37.306993],[68.917247,37.30268],[68.920665,37.288194],[68.915457,37.279242],[68.904307,37.276923],[68.889903,37.282172],[68.876557,37.296332],[68.867686,37.312364],[68.856375,37.325141],[68.835378,37.329372],[68.813406,37.323676],[68.809825,37.312323],[68.821707,37.282172],[68.824229,37.26085],[68.819916,37.251166],[68.808035,37.251817],[68.770925,37.270941],[68.759288,37.275499],[68.746104,37.276435],[68.725515,37.274726],[68.686534,37.279242],[68.668468,37.27851],[68.657156,37.26789],[68.662364,37.263983],[68.66505,37.25963],[68.670828,37.247423],[68.648204,37.244574],[68.635916,37.230089],[68.6303,37.214057],[68.626475,37.206488],[68.608409,37.204372],[68.570893,37.194932],[68.551036,37.192816],[68.546153,37.188503],[68.532237,37.169257],[68.523448,37.164862],[68.51295,37.164252],[68.465424,37.155585],[68.403331,37.151882],[68.417572,37.128485],[68.411143,37.113593],[68.391368,37.10574],[68.365489,37.103461],[68.345632,37.107123],[68.326182,37.113308],[68.307058,37.114529],[68.287852,37.103461],[68.280284,37.086859],[68.281179,37.066718],[68.287852,37.024604],[68.277354,37.010321],[68.253429,37.010443],[68.212006,37.021511]]}},{"type":"Feature","properties":{"name":"Amu  Darya","scalerank":5},"geometry":{"type":"LineString","coordinates":[[59.098562,43.291693],[59.097911,43.325303],[59.093842,43.335395],[59.083588,43.346381],[59.052013,43.367865],[59.040457,43.37991],[59.031749,43.419745],[59.020925,43.431016],[58.988699,43.448757],[58.973237,43.466986],[58.972179,43.482937],[58.977631,43.499864],[58.981212,43.521064],[58.97934,43.531928],[58.976329,43.536648],[58.976654,43.540351],[58.989268,43.552843],[58.999604,43.569363],[59.00172,43.575995],[59.005056,43.59809],[59.014415,43.609687],[59.042735,43.627509],[59.05714,43.643826],[59.060557,43.656521],[59.056407,43.685574],[59.052175,43.701931],[59.042003,43.710964],[59.030691,43.718288],[58.992117,43.76907],[58.959239,43.799913],[58.918956,43.822211],[58.813406,43.845974],[58.763601,43.87287],[58.729421,43.878852],[58.594168,43.878689],[58.567556,43.888454],[58.550385,43.91824],[58.5442,43.942206],[58.5442,43.964545],[58.549083,43.983181],[58.55657,44.000556],[58.550304,44.025417],[58.542979,44.041531],[58.542979,44.060126],[58.549083,44.076239],[58.560313,44.094916],[58.575206,44.109727],[58.577647,44.127143],[58.563975,44.142035],[58.552826,44.154486],[58.541596,44.169379],[58.523041,44.189276],[58.494395,44.209052],[58.475841,44.240098],[58.470795,44.261257],[58.457286,44.273627],[58.432384,44.298448],[58.401378,44.320828],[58.377696,44.33572],[58.357921,44.3581],[58.335541,44.374213],[58.319428,44.392768],[58.314464,44.410183],[58.315684,44.426337]]}},{"type":"Feature","properties":{"name":"Amu  Darya","scalerank":5},"geometry":{"type":"LineString","coordinates":[[68.212006,37.021511],[68.185964,37.018581],[68.167491,37.006374],[68.151459,36.992987],[68.133067,36.986762],[68.120616,36.980536],[68.054454,36.934882],[68.044363,36.92947],[68.032237,36.925482],[68.019786,36.925889],[68.010671,36.931098],[68.005626,36.93891],[68.001557,36.947699],[67.995697,36.956081],[67.961355,36.99018],[67.952566,36.996446],[67.928966,37.006456],[67.917979,37.014106],[67.901947,37.034613],[67.891612,37.052273],[67.877696,37.064643],[67.83253,37.07335],[67.807628,37.083523],[67.785085,37.096788],[67.772553,37.110297],[67.771576,37.12519],[67.780203,37.189073],[67.775645,37.207831],[67.763682,37.221137],[67.746349,37.2296],[67.725515,37.233832],[67.689871,37.232489],[67.677175,37.233832],[67.666026,37.238227],[67.644135,37.251492],[67.632742,37.254259],[67.621511,37.253201],[67.602306,37.248562],[67.591807,37.247423],[67.585704,37.242865],[67.579519,37.232937],[67.571788,37.223415],[67.561046,37.22016],[67.544526,37.231757],[67.525645,37.273139],[67.502696,37.282172],[67.481944,37.277655],[67.463634,37.266466],[67.430675,37.240017],[67.410737,37.228095],[67.390717,37.219794],[67.36907,37.214911],[67.344737,37.213324],[67.319021,37.208686],[67.281016,37.18891],[67.2588,37.18537],[67.236339,37.192694],[67.225027,37.207953],[67.217459,37.226508],[67.20753,37.24372],[67.187429,37.258409],[67.143077,37.272081],[67.122813,37.282172],[67.113536,37.297431],[67.097097,37.340847],[67.084565,37.34988],[67.063731,37.354804],[67.023692,37.377753],[67.005463,37.384589],[66.957286,37.385443],[66.865245,37.368232],[66.73463,37.363552],[66.724132,37.360419],[66.704194,37.346747],[66.693614,37.343695],[66.666596,37.34455],[66.654307,37.346381],[66.588308,37.36872],[66.564138,37.370917],[66.538585,37.369412],[66.519135,37.364366],[66.502452,37.355902],[66.484793,37.343695],[66.469656,37.330024],[66.460948,37.324652],[66.450694,37.323106],[66.438243,37.328152],[66.423269,37.345974],[66.413097,37.34988],[66.389171,37.347439],[66.320323,37.329372],[66.293956,37.331407],[66.273936,37.343533],[66.257335,37.357042],[66.241466,37.363552],[66.232026,37.365587],[66.218191,37.375027],[66.207449,37.377143],[66.174327,37.375759],[66.162608,37.377143],[66.142589,37.385321],[66.125255,37.398953],[66.097585,37.428656],[66.079194,37.441107],[65.854747,37.508124],[65.835704,37.519355],[65.828705,37.525906],[65.820567,37.535468],[65.803803,37.565538],[65.796153,37.569607],[65.776134,37.573106],[65.710704,37.596869],[65.6692,37.599921],[65.648692,37.603787],[65.631602,37.613959],[65.601492,37.638536],[65.55185,37.664862],[65.536713,37.669298],[65.520437,37.67182],[65.501557,37.672634],[65.485362,37.676378],[65.458507,37.693956],[65.402843,37.711208],[65.307058,37.708564],[65.265147,37.72724],[65.255382,37.742743],[65.239024,37.787624],[65.22755,37.805732],[65.213308,37.82156],[65.146251,37.943549],[65.118256,37.981269],[65.086436,38.007758],[65.025076,38.044216],[65.007823,38.049384],[64.954112,38.092475],[64.936127,38.103949],[64.897716,38.119818],[64.876964,38.124823],[64.854096,38.124457],[64.676036,38.179714],[64.608002,38.209174],[64.583263,38.213202],[64.568858,38.218573],[64.538097,38.244656],[64.518484,38.254218],[64.470876,38.26435],[64.451427,38.271796],[64.370535,38.327216],[64.353933,38.343573],[64.306733,38.412543],[64.281261,38.44123],[64.177826,38.507514],[64.154389,38.531928],[64.097341,38.648871],[64.072032,38.681586],[64.038585,38.707302],[63.997081,38.730902],[63.977794,38.747097],[63.969737,38.765326],[63.966889,38.829372],[63.962901,38.844509],[63.952647,38.859727],[63.911388,38.902533],[63.906749,38.911322],[63.90325,38.934109],[63.897472,38.943427],[63.879324,38.956977],[63.859874,38.967353],[63.848399,38.97016],[63.823416,38.971381],[63.812022,38.974189],[63.78419,38.992947],[63.774913,38.995307],[63.754893,39.003689],[63.739024,39.023301],[63.716401,39.062934],[63.686127,39.09101],[63.647716,39.110541],[63.558197,39.138699],[63.522227,39.159695],[63.468761,39.220038],[63.428396,39.241726],[63.416108,39.243842],[63.391694,39.245429],[63.379975,39.248562],[63.373546,39.253974],[63.364675,39.263007],[63.35434,39.27143],[63.320079,39.281765],[63.278819,39.312934],[63.257091,39.323676],[63.236095,39.325385],[63.1963,39.317816],[63.175304,39.31623],[63.138601,39.323594],[63.120209,39.331732],[63.109386,39.329901],[63.09905,39.325873],[63.08961,39.323676],[63.049815,39.331],[63.022472,39.350165],[62.982921,39.406195],[62.993663,39.433783],[62.997325,39.480251],[62.995616,39.52558],[62.990245,39.550157],[62.974213,39.559638],[62.94866,39.570828],[62.924897,39.584337],[62.914561,39.601101],[62.909923,39.622341],[62.897472,39.640082],[62.879893,39.652777],[62.859386,39.6588],[62.773936,39.6588],[62.753673,39.666938],[62.738699,39.686225],[62.715831,39.728339],[62.70696,39.739529],[62.702403,39.743598],[62.695404,39.748155],[62.683523,39.752997],[62.653819,39.76085],[62.634939,39.771267],[62.625011,39.774766],[62.616791,39.78087],[62.613536,39.793524],[62.612315,39.804714],[62.609386,39.812323],[62.599213,39.82453],[62.552338,39.85578],[62.544688,39.868598],[62.5442,39.890082],[62.541921,39.907294],[62.535737,39.92296],[62.524099,39.940009],[62.452403,40.009467],[62.441661,40.0362],[62.42392,40.092353],[62.421153,40.115302],[62.425304,40.136908],[62.433604,40.155097],[62.439138,40.173163],[62.435476,40.194444],[62.404714,40.245551],[62.400645,40.265896],[62.399669,40.292344],[62.396088,40.312283],[62.38795,40.33039],[62.362071,40.3699],[62.355968,40.388373],[62.352794,40.430691],[62.343272,40.439643],[62.260346,40.475938],[62.212983,40.486843],[62.191417,40.499213],[62.184988,40.508124],[62.17685,40.530829],[62.17099,40.540229],[62.133718,40.57807],[62.120209,40.599189],[62.09962,40.66059],[62.088308,40.674628],[62.055268,40.702012],[62.044363,40.715277],[62.036388,40.736518],[62.024913,40.782172],[61.993337,40.866075],[61.982351,40.885932],[61.989757,40.893378],[61.984874,40.908149],[61.982351,40.978705],[61.978933,40.99905],[61.97047,41.015652],[61.896983,41.109076],[61.877452,41.125271],[61.653901,41.24962],[61.566905,41.278022],[61.469493,41.297431],[61.432709,41.300605],[61.410248,41.292263],[61.396658,41.271267],[61.387136,41.235948],[61.35906,41.238715],[61.311615,41.263943],[61.28712,41.270128],[61.278087,41.277655],[61.256602,41.331],[61.243907,41.345486],[61.190929,41.38996],[61.171967,41.398261],[61.114187,41.406765],[61.091563,41.41352],[61.060639,41.434516],[61.024832,41.464952],[61.013113,41.47073],[61.000499,41.474718],[60.975108,41.478705],[60.738292,41.639431],[60.70574,41.66706],[60.680105,41.701483],[60.663097,41.740343],[60.651785,41.756781],[60.635916,41.763536],[60.587983,41.764716],[60.567149,41.768663],[60.549734,41.777208],[60.535655,41.790635],[60.507742,41.828315],[60.496674,41.853949],[60.469656,41.884955],[60.461518,41.900743],[60.462169,41.945909],[60.458751,41.966498],[60.444428,41.975206],[60.395112,41.979275],[60.344819,41.988837],[60.334239,41.993191],[60.303966,42.010606],[60.286632,42.027533],[60.276134,42.044379],[60.271088,42.063829],[60.269786,42.088813],[60.264903,42.111436],[60.252859,42.129218],[60.052013,42.266303],[60.004812,42.287177],[59.968516,42.296088],[59.929128,42.318793],[59.906668,42.325263],[59.88323,42.324327],[59.841726,42.313666],[59.821056,42.310981],[59.794688,42.312323],[59.771902,42.316352],[59.642345,42.366523],[59.606456,42.385321],[59.512218,42.47956],[59.493337,42.492987],[59.449474,42.512885],[59.433116,42.524522],[59.428233,42.534003],[59.419444,42.565497],[59.410655,42.56741],[59.396983,42.567003],[59.383393,42.564887],[59.365001,42.558295],[59.352468,42.563544],[59.341807,42.572943],[59.337494,42.582302],[59.33074,42.589301],[59.299571,42.59573],[59.289806,42.599636],[59.286388,42.618109],[59.299083,42.63349],[59.315684,42.648139],[59.323822,42.664496],[59.330089,42.708075],[59.329112,42.730007],[59.317556,42.749823],[59.275076,42.768256],[59.231049,42.771308],[59.204519,42.785997],[59.213959,42.839219],[59.222585,42.85224],[59.226329,42.861029],[59.227631,42.873358],[59.224213,42.885118],[59.210867,42.904486],[59.207774,42.9112],[59.16627,42.976386],[59.157725,42.981716],[59.138927,42.988796],[59.132091,42.996283],[59.128673,43.006171],[59.12794,43.017646],[59.131765,43.027045],[59.1421,43.031033],[59.157725,43.041571],[59.163503,43.065985],[59.162852,43.093573],[59.159434,43.113593],[59.140229,43.168647],[59.138276,43.192084],[59.133067,43.214667],[59.120535,43.224392],[59.104747,43.23078],[59.090424,43.243272],[59.084076,43.268663],[59.09726,43.2838],[59.115815,43.295111],[59.125255,43.308783],[59.124522,43.330349],[59.121349,43.344753],[59.06601,43.435736],[59.057546,43.444932],[59.046153,43.448757],[59.040945,43.452094],[59.035248,43.460313],[59.031016,43.470649],[59.029063,43.480048],[59.03183,43.494574],[59.038666,43.50141],[59.047537,43.506903],[59.056407,43.517646],[59.057384,43.525906],[59.054128,43.544745],[59.056407,43.551134],[59.065847,43.55329],[59.095714,43.550482],[59.133311,43.539089],[59.154796,43.541287],[59.173432,43.551215],[59.193451,43.565456],[59.253022,43.591376],[59.262462,43.602973],[59.269216,43.644599],[59.267507,43.65705],[59.2588,43.677558],[59.255626,43.688992],[59.256765,43.704169],[59.264659,43.73904],[59.262462,43.75788],[59.254324,43.770372],[59.221446,43.805609],[59.153819,43.843695],[59.146495,43.842963],[59.130626,43.844062],[59.115164,43.852118],[59.109386,43.872382],[59.069835,43.923448],[59.055593,43.94835],[59.064138,43.965766],[59.082937,43.984402],[59.102794,44.002997],[59.126394,44.009223],[59.131358,44.016669],[59.147472,44.032782],[59.15976,44.039008],[59.178396,44.042751],[59.208263,44.050157],[59.231863,44.063829],[59.257904,44.077501],[59.28769,44.082465],[59.313894,44.080024],[59.343679,44.081244],[59.375906,44.082465],[59.403087,44.086208],[59.434174,44.091132],[59.465261,44.101101],[59.486339,44.113471],[59.513601,44.123399],[59.526134,44.132148],[59.541026,44.148261]]}},{"type":"Feature","properties":{"name":"Yangtze","scalerank":1},"geometry":{"type":"LineString","coordinates":[[119.606375,32.196885],[119.58782,32.19245],[119.572358,32.191759],[119.557384,32.200141],[119.54005,32.222113],[119.530365,32.231716],[119.517345,32.238064],[119.504812,32.239529],[119.452566,32.233466],[119.385753,32.237413],[119.365326,32.234402],[119.346202,32.226752],[119.324474,32.214626],[119.303722,32.206163],[119.278331,32.20128],[119.252208,32.200019],[119.229421,32.202663],[119.129242,32.228542],[119.078705,32.232733],[119.027843,32.2213],[118.96339,32.187771],[118.927745,32.176825],[118.909679,32.173896],[118.883474,32.173204],[118.820404,32.188992],[118.793224,32.192816],[118.78655,32.192694],[118.780284,32.191107],[118.774343,32.187079],[118.769054,32.18122],[118.764659,32.174506],[118.761485,32.168036],[118.759532,32.162909],[118.758474,32.160997],[118.747488,32.147244],[118.73406,32.124864],[118.706391,32.09337],[118.689464,32.062445],[118.668956,32.039496],[118.658376,32.030585],[118.645925,32.016181],[118.614838,31.990017],[118.586355,31.949571],[118.553315,31.916287],[118.540538,31.892442],[118.53476,31.884467],[118.504812,31.859198],[118.498627,31.851264],[118.448009,31.756415],[118.426199,31.724473],[118.41505,31.699774],[118.403819,31.623236],[118.379649,31.556179],[118.347992,31.507595],[118.31601,31.4713],[118.309825,31.460069],[118.305186,31.448798],[118.302175,31.438341],[118.301768,31.427802],[118.304861,31.416449],[118.31544,31.400824],[118.318614,31.394965],[118.322358,31.383165],[118.324474,31.371039],[118.32545,31.356391],[118.324474,31.338324],[118.3213,31.320828],[118.315115,31.308051],[118.306163,31.300401],[118.296641,31.29739],[118.220144,31.291124],[118.210053,31.287787],[118.173839,31.265896],[118.155935,31.259141],[118.112722,31.252509],[118.060557,31.233222],[118.040457,31.233344],[118.027843,31.243679],[118.014171,31.237616],[118.002371,31.223253],[117.995942,31.208604],[117.993582,31.19127],[117.992931,31.138983],[117.988699,31.122829],[117.980398,31.109971],[117.968272,31.100287],[117.952729,31.093573],[117.937266,31.088935],[117.921886,31.086005],[117.907156,31.087673],[117.894542,31.096788],[117.879242,31.12226],[117.870372,31.133328],[117.856863,31.140937],[117.839366,31.143663],[117.822765,31.141181],[117.807546,31.134385],[117.793386,31.124457],[117.781505,31.113959],[117.77239,31.103868],[117.766531,31.092108],[117.763276,31.076483],[117.763682,31.058702],[117.768891,31.023749],[117.768077,31.006659],[117.747162,30.943468],[117.732026,30.874457],[117.697276,30.803738],[117.687429,30.796658],[117.642589,30.789496],[117.608653,30.780137],[117.593354,30.773708],[117.552338,30.747829],[117.53712,30.740831],[117.466075,30.726264],[117.457937,30.722235],[117.436534,30.706366],[117.42921,30.70246],[117.421641,30.700507],[117.345876,30.698757],[117.326671,30.69477],[117.276947,30.673367],[117.260753,30.669623],[117.252371,30.670681],[117.234304,30.674913],[117.226003,30.673367],[117.2199,30.6671],[117.217703,30.658474],[117.217784,30.648953],[117.218842,30.640245],[117.220714,30.634304],[117.225678,30.623074],[117.22755,30.617377],[117.228038,30.611762],[117.224132,30.597235],[117.22405,30.586208],[117.232839,30.555121],[117.231293,30.543484],[117.225678,30.532497],[117.217865,30.522528],[117.209565,30.514024],[117.183116,30.499376],[117.150645,30.494249],[117.033295,30.490587],[117.007498,30.48371],[116.984386,30.471747],[116.94866,30.443427],[116.936127,30.435858],[116.925222,30.432929],[116.913259,30.431952],[116.901866,30.429755],[116.89267,30.423285],[116.888276,30.402615],[116.899099,30.380683],[116.913992,30.358588],[116.921397,30.33747],[116.920014,30.32453],[116.90683,30.270697],[116.896902,30.244208],[116.822276,30.115424],[116.808523,30.102078],[116.790538,30.090888],[116.716075,30.05976],[116.690522,30.0539],[116.662608,30.052761],[116.650076,30.050605],[116.636485,30.043321],[116.605072,30.017686],[116.593761,30.010565],[116.591726,30.005683],[116.587901,30.00198],[116.579112,29.995225],[116.575206,29.99079],[116.567149,29.976752],[116.548839,29.954128],[116.536632,29.923204],[116.526947,29.906684],[116.51295,29.89411],[116.492198,29.88463],[116.466563,29.880316],[116.414236,29.880561],[116.389171,29.876003],[116.356537,29.858262],[116.297537,29.808702],[116.265229,29.788886],[116.235932,29.781277],[116.206554,29.781317],[116.146983,29.788682],[116.110281,29.786444],[116.077647,29.776394],[116.012787,29.748155],[115.99879,29.744005],[115.888682,29.731757],[115.855724,29.738471],[115.743337,29.808783],[115.73642,29.816352],[115.72519,29.842637],[115.718191,29.854071],[115.704845,29.860704],[115.621104,29.862372],[115.534923,29.85456],[115.50644,29.857611],[115.46339,29.871283],[115.450043,29.87755],[115.437511,29.885362],[115.426687,29.895331],[115.417247,29.909369],[115.396088,29.956081],[115.386729,29.969672],[115.375906,29.980496],[115.338471,30.008002],[115.330496,30.018175],[115.301524,30.06741],[115.283376,30.10932],[115.275401,30.120958],[115.189952,30.208767],[115.164561,30.221055],[115.145518,30.222357],[115.106944,30.21955],[115.087983,30.224148],[115.072032,30.236029],[115.063569,30.25198],[115.061453,30.270453],[115.064138,30.289862],[115.072846,30.324246],[115.072765,30.341132],[115.064952,30.357367],[115.052989,30.369005],[114.987397,30.407416],[114.966075,30.41352],[114.94394,30.416042],[114.8803,30.414984],[114.860769,30.418891],[114.842703,30.428046],[114.829275,30.441107],[114.820567,30.457139],[114.810802,30.493191],[114.808035,30.511054],[114.808523,30.526313],[114.814057,30.539903],[114.826589,30.552802],[114.839936,30.563788],[114.851573,30.576931],[114.855398,30.591132],[114.844737,30.605658],[114.826671,30.613796],[114.806082,30.616278],[114.731456,30.609442],[114.714854,30.605414],[114.688487,30.590766],[114.67685,30.58629],[114.613048,30.573594],[114.600841,30.574286],[114.58017,30.581651],[114.56601,30.593329],[114.502371,30.673163],[114.484386,30.684353],[114.45753,30.690741],[114.429128,30.690294],[114.401378,30.683905],[114.375987,30.672675],[114.354015,30.656521],[114.311127,30.609646],[114.296397,30.586859]]}},{"type":"Feature","properties":{"name":"Yangtze","scalerank":1},"geometry":{"type":"LineString","coordinates":[[116.19752,29.75141],[116.20753,29.779486]]}},{"type":"Feature","properties":{"name":"Yangtze","scalerank":1},"geometry":{"type":"LineString","coordinates":[[113.127615,29.462755],[113.145437,29.471991],[113.16212,29.493109],[113.186046,29.531684],[113.415538,29.764472],[113.445974,29.780056],[113.497325,29.819403],[113.519216,29.84162],[113.590017,29.87991],[113.607026,29.890204],[113.629975,29.9088],[113.65032,29.929389],[113.664236,29.954617],[113.675955,29.961127],[113.687755,29.963446],[113.693126,29.959581],[113.703624,29.934149],[113.706716,29.9289],[113.748627,29.919989],[113.79241,29.933417],[113.831065,29.958279],[113.889659,30.013007],[113.92335,30.033555],[114.043956,30.07921],[114.062266,30.088935],[114.069835,30.103339],[114.064382,30.124376],[114.050873,30.136339],[114.015147,30.154853],[113.983409,30.185167],[113.964285,30.197943],[113.940115,30.203233],[113.918061,30.198065],[113.895274,30.188747],[113.874441,30.184841],[113.858165,30.195828],[113.857595,30.231065],[113.885509,30.265204],[113.927175,30.28852],[113.968028,30.291368],[113.983409,30.282579],[113.996755,30.268622],[114.018565,30.240505],[114.039073,30.2296],[114.053966,30.24018],[114.086029,30.31741],[114.106619,30.352322],[114.24171,30.497423],[114.287364,30.575995],[114.303233,30.593044]]}},{"type":"Feature","properties":{"name":"Ishikari","scalerank":6},"geometry":{"type":"LineString","coordinates":[[143.065929,43.69953],[143.052257,43.708767],[142.983002,43.739773],[142.944021,43.749335],[142.927989,43.758612],[142.91684,43.771918],[142.899669,43.798367],[142.884532,43.809638],[142.865245,43.817328],[142.808116,43.825222],[142.789236,43.830268],[142.709076,43.869005],[142.677989,43.895941],[142.667979,43.900662],[142.643891,43.904853],[142.619314,43.902696],[142.524425,43.877061],[142.483409,43.855984],[142.373464,43.772773],[142.35255,43.76378],[142.315033,43.772569],[142.292491,43.765408],[142.214122,43.723985],[142.172781,43.710639],[142.083995,43.696397],[142.073985,43.697089],[142.064708,43.699286],[142.054698,43.700019],[142.042491,43.696397],[142.030365,43.688096],[142.024669,43.68122],[142.017589,43.676459],[141.981293,43.670925],[141.95989,43.6612],[141.902761,43.620714],[141.892182,43.609565],[141.886811,43.594346],[141.885346,43.569159],[141.888764,43.548896],[141.900971,43.510443],[141.899018,43.489691],[141.893321,43.480007],[141.886974,43.478583],[141.879893,43.477973],[141.871755,43.470486],[141.870046,43.460273],[141.870616,43.446153],[141.868907,43.433661],[141.861095,43.42829],[141.852306,43.425076],[141.842296,43.417182],[141.833995,43.407294],[141.825776,43.386786],[141.813975,43.380683],[141.789154,43.373603],[141.78183,43.367703],[141.768077,43.351426],[141.761974,43.346381],[141.75058,43.343207],[141.728282,43.341498],[141.67685,43.310248],[141.659434,43.295925],[141.652192,43.278022],[141.654552,43.252712],[141.658946,43.236151],[141.657644,43.220771],[141.629324,43.180365],[141.61085,43.142198],[141.597341,43.127265],[141.561127,43.116156],[141.518647,43.122626],[141.47755,43.138129],[141.420339,43.167914],[141.411713,43.174994],[141.406749,43.182196],[141.401459,43.196967],[141.398041,43.202338],[141.370046,43.218126],[141.359793,43.229682],[141.357595,43.237901]]}},{"type":"Feature","properties":{"name":"Yarkant","scalerank":6},"geometry":{"type":"LineString","coordinates":[[77.524913,35.520697],[77.547781,35.525702],[77.564138,35.5338],[77.57724,35.544623],[77.589854,35.557929],[77.611746,35.574408],[77.657725,35.591335],[77.675222,35.602607],[77.681651,35.619167],[77.692312,35.673448],[77.692475,35.685167],[77.697846,35.687608],[77.70224,35.694281],[77.70574,35.703925],[77.708425,35.715196],[77.710948,35.738227],[77.710867,35.747423],[77.709972,35.753445],[77.688975,35.784939],[77.552745,35.879665],[77.545421,35.890001],[77.543956,35.903835],[77.54892,35.91295],[77.555675,35.920193],[77.559093,35.928168],[77.563487,35.943061],[77.642182,36.079291],[77.66155,36.096055],[77.729503,36.120958],[77.759532,36.142605],[77.757742,36.17182],[77.745942,36.178046],[77.69573,36.178005],[77.627371,36.199083],[77.557872,36.255398],[77.531179,36.267401],[77.533214,36.271755],[77.53655,36.283474],[77.538585,36.287869],[77.531179,36.292792],[77.524425,36.300238],[77.51946,36.30919],[77.517507,36.318915],[77.513927,36.323106],[77.496593,36.335476],[77.490733,36.342475],[77.498057,36.372382],[77.480561,36.406806],[77.450776,36.429714],[77.421316,36.424994],[77.404714,36.43183],[77.31544,36.44184],[77.273204,36.455919],[77.250011,36.459174],[77.225841,36.457221],[77.181244,36.448188],[77.158132,36.446153],[77.136241,36.448594],[77.101085,36.458523],[77.079194,36.459174],[76.964447,36.434353],[76.914154,36.404568],[76.904307,36.401679],[76.874522,36.397732],[76.838308,36.385281],[76.828868,36.383409],[76.820404,36.385688],[76.806163,36.395453],[76.795014,36.397732],[76.789806,36.396674],[76.78004,36.391954],[76.773936,36.390937],[76.766124,36.392768],[76.755789,36.401679],[76.749604,36.404568],[76.727957,36.405788],[76.66448,36.397732],[76.643972,36.400255],[76.513764,36.430854],[76.493663,36.432481],[76.478608,36.440253],[76.470225,36.458319],[76.462413,36.493272],[76.458425,36.498358],[76.44752,36.503282],[76.442475,36.507595],[76.441498,36.512071],[76.44337,36.523627],[76.442475,36.528022],[76.429454,36.544989],[76.420828,36.552314],[76.410737,36.555365],[76.389903,36.558051],[76.369151,36.564724],[76.332612,36.582709],[76.274669,36.619452],[76.253184,36.624294],[76.22877,36.62519],[76.208995,36.628363],[76.191661,36.634467],[76.118663,36.675157],[76.102631,36.688788],[76.077403,36.724229],[76.058197,36.76081],[76.044526,36.801785],[76.043468,36.808417],[76.044526,36.818223],[76.044526,36.822292],[76.04184,36.828681],[76.032807,36.840196],[76.030935,36.846218],[76.026459,36.868598],[76.015554,36.88581],[75.98935,36.911648],[75.97047,36.937934],[75.962006,36.945828],[75.952159,36.949734],[75.933686,36.950507],[75.924408,36.956081],[75.920095,36.971788],[75.931895,36.987169],[75.962006,37.014106],[75.990896,37.073106],[76.008067,37.093085],[76.010671,37.116238],[76.009858,37.158718],[76.011485,37.166938],[76.014415,37.171942],[76.015066,37.177069],[76.009858,37.18537],[76.001557,37.191352],[75.979096,37.20071],[75.969493,37.206488],[75.956065,37.224229],[75.937999,37.266791],[75.918549,37.292996],[75.911062,37.305854],[75.90683,37.317898],[75.910818,37.323106],[75.937429,37.323757],[75.954682,37.328477],[75.959565,37.31977],[75.962576,37.30744],[75.96575,37.298936],[75.974539,37.29206],[75.982188,37.289862],[76.003673,37.288398],[76.030935,37.282172],[76.043468,37.282742],[76.069347,37.287706],[76.079356,37.288398],[76.086518,37.285346],[76.090912,37.280097],[76.096202,37.275662],[76.106049,37.274726],[76.122162,37.280137],[76.129812,37.289252],[76.134939,37.300605],[76.143565,37.312934],[76.152599,37.317735],[76.175304,37.321885],[76.184825,37.32628],[76.189057,37.335273],[76.189952,37.358751],[76.191661,37.363552],[76.201752,37.371039],[76.235037,37.406562],[76.249441,37.418158],[76.244233,37.429389],[76.232432,37.448065],[76.229015,37.459744],[76.229015,37.471015],[76.236339,37.508124],[76.236501,37.544704],[76.232514,37.566718],[76.222748,37.582587],[76.22698,37.585395],[76.231537,37.592149],[76.236339,37.596869],[76.215912,37.632839],[76.210378,37.648993],[76.208507,37.668891],[76.204356,37.686103],[76.185802,37.714301],[76.181163,37.733466],[76.192882,37.780829],[76.207123,37.810167],[76.198009,37.820258],[76.181407,37.827582],[76.167491,37.837104],[76.175792,37.840928],[76.194347,37.84573],[76.201671,37.850775],[76.205984,37.860622],[76.213145,37.88642],[76.219005,37.89171],[76.259939,37.89171],[76.26767,37.896837],[76.26767,37.908881],[76.263113,37.932685],[76.267996,37.957343],[76.276134,37.966905],[76.290945,37.967882],[76.314952,37.966864],[76.327078,37.970079],[76.349132,37.984646],[76.363048,37.987901],[76.374766,37.986274],[76.389903,37.977607],[76.40089,37.97366],[76.425304,37.970771],[76.450694,37.972439],[76.474376,37.979031],[76.493663,37.991034],[76.505056,37.995714],[76.518077,37.994086],[76.541515,37.987901],[76.546804,37.982245],[76.542491,37.969794],[76.535167,37.957587],[76.531261,37.952501],[76.537201,37.931586],[76.553315,37.928534],[76.574718,37.929877],[76.612804,37.914333],[76.653819,37.910509],[76.674571,37.906033],[76.7081,37.888495],[76.727306,37.88113],[76.753022,37.878038],[76.775401,37.882595],[76.790619,37.893581],[76.811697,37.919013],[76.8838,37.970242],[76.925222,38.020372],[76.942149,38.035102],[76.961681,38.04328],[76.98406,38.049994],[77.002696,38.060492],[77.010346,38.079779],[77.019135,38.091376],[77.079194,38.124457],[77.209727,38.23371],[77.284679,38.269355],[77.38144,38.339301],[77.393972,38.354438],[77.359304,38.445583],[77.363292,38.460883],[77.352957,38.475165],[77.325694,38.5633],[77.329031,38.569363],[77.3296,38.583197],[77.33253,38.590033],[77.340587,38.595811],[77.35963,38.600653],[77.36671,38.604275],[77.375662,38.61933],[77.381765,38.652655],[77.387218,38.666327],[77.398855,38.674994],[77.435069,38.690497],[77.449229,38.699897],[77.457937,38.713894],[77.459565,38.728095],[77.459483,38.743964],[77.462901,38.762519],[77.483816,38.796088],[77.546886,38.844672],[77.572765,38.871161],[77.581472,38.891303],[77.579112,38.905463],[77.571788,38.917792],[77.565359,38.932644],[77.56601,38.951687],[77.570323,38.970526],[77.568858,38.986111],[77.551687,38.995307],[77.555431,39.006619],[77.56129,39.013048],[77.591238,39.026679],[77.599376,39.028754],[77.606944,39.031765],[77.617117,39.039374],[77.616222,39.043321],[77.621104,39.085517],[77.623139,39.093044],[77.634776,39.111396],[77.639171,39.121772],[77.638764,39.127509],[77.63974,39.131944],[77.647878,39.138699],[77.653901,39.139512],[77.660411,39.136786],[77.665945,39.133246],[77.668956,39.131863],[77.674083,39.136542],[77.682384,39.149604],[77.686046,39.152371],[77.700125,39.158637],[77.710216,39.160427],[77.720144,39.155788],[77.729991,39.147569],[77.734874,39.148301],[77.74407,39.165961],[77.743093,39.16767],[77.742442,39.173855],[77.742686,39.181342],[77.74407,39.187079],[77.748627,39.192491],[77.754487,39.195665],[77.760509,39.198065],[77.799571,39.225287],[77.804861,39.231147],[77.866954,39.275214],[77.912852,39.286078],[77.929454,39.29621],[77.935802,39.319892],[77.943858,39.332546],[77.96282,39.34748],[78.004812,39.371446],[78.019216,39.374376],[78.056895,39.37698],[78.069347,39.382025],[78.074718,39.389431],[78.082937,39.406521],[78.087332,39.412421],[78.094249,39.415798],[78.111257,39.41946],[78.130626,39.431708],[78.160411,39.442735],[78.214447,39.483669],[78.227306,39.488715],[78.259695,39.493354],[78.440847,39.566759],[78.470225,39.584337],[78.490896,39.576606],[78.512462,39.584662],[78.533376,39.59748],[78.552419,39.604193],[78.562755,39.599921],[78.563731,39.589423],[78.562429,39.576239],[78.565929,39.563829],[78.575287,39.55744],[78.586192,39.558132],[78.597911,39.561713],[78.61085,39.563829],[78.627696,39.569525],[78.668956,39.596015],[78.689464,39.604193],[78.714366,39.603949],[78.739757,39.600653],[78.760346,39.602403],[78.771902,39.617865],[78.78419,39.612982],[78.806733,39.615098],[78.819753,39.61164],[78.818289,39.623236],[78.820079,39.633002],[78.825125,39.640692],[78.833995,39.645819],[78.843761,39.633653],[78.854096,39.633368],[78.865652,39.635077],[78.878347,39.62873],[78.89088,39.619493],[78.902354,39.617499],[78.928966,39.625312],[78.936046,39.628526],[78.949148,39.63642],[78.956716,39.638983],[78.962169,39.636786],[78.968272,39.631415],[78.97462,39.627224],[78.980479,39.62873],[78.992768,39.635077],[79.005463,39.633857],[79.018647,39.634304],[79.031993,39.645819],[79.051199,39.643378],[79.073416,39.653876],[79.110769,39.683661],[79.130382,39.69538],[79.153087,39.702175],[79.244884,39.707221],[79.257742,39.710639],[79.278819,39.719672],[79.297455,39.72366],[79.313243,39.733018],[79.323985,39.735175],[79.335704,39.736192],[79.34726,39.739081],[79.368337,39.748155],[79.386241,39.760932],[79.426362,39.80683],[79.442312,39.820583],[79.45753,39.82807],[79.590587,39.837592],[79.608816,39.844672],[79.662608,39.892849],[79.721283,39.916449],[79.73463,39.919501],[79.745372,39.924872],[79.75644,39.936591],[79.770437,39.94831],[79.789561,39.95364],[79.807628,39.955837],[79.831716,39.962022],[79.852794,39.971951],[79.861827,39.984971],[79.870372,39.994493],[79.889171,39.997504],[79.90797,40.004503],[79.928233,40.062079],[79.957449,40.078681],[80.051524,40.086371],[80.065522,40.090033],[80.125418,40.122667],[80.141775,40.128485],[80.155935,40.126166],[80.164806,40.138454],[80.198985,40.170844],[80.211192,40.180203],[80.222341,40.183621],[80.247569,40.184434],[80.259044,40.187038],[80.266368,40.192206],[80.278575,40.207343],[80.285737,40.214382],[80.304617,40.222602],[80.346934,40.231228],[80.361501,40.241645],[80.362071,40.247585],[80.360769,40.268826],[80.361501,40.276435],[80.366791,40.283759],[80.382416,40.2956],[80.389415,40.303738],[80.381928,40.310492],[80.396658,40.32099],[80.417491,40.330756],[80.435964,40.343288],[80.44394,40.362087],[80.447276,40.37519],[80.455658,40.392524],[80.466807,40.404079],[80.478282,40.399929],[80.488373,40.404608],[80.499034,40.406358],[80.522553,40.406114],[80.533946,40.409451],[80.553233,40.423936],[80.584402,40.43183],[80.600841,40.440619],[80.617198,40.445746],[80.637625,40.439643],[80.642589,40.434109],[80.745942,40.450873],[80.795095,40.45246],[80.813975,40.427273],[80.820811,40.427273],[80.83017,40.433376],[80.856944,40.443142],[80.870046,40.461046],[80.88795,40.467108]]}},{"type":"Feature","properties":{"name":"Liao","scalerank":6},"geometry":{"type":"LineString","coordinates":[[123.553966,43.483466],[123.603119,43.439643],[123.609304,43.425116],[123.614838,43.403632],[123.625987,43.387315],[123.6338,43.370185],[123.628998,43.346381],[123.616303,43.333441],[123.598074,43.323554],[123.581635,43.31212],[123.574474,43.294786],[123.572032,43.273953],[123.547944,43.184882],[123.54713,43.174994],[123.550141,43.177191],[123.551199,43.17829],[123.55185,43.17947],[123.553966,43.18183],[123.560802,43.174994],[123.551199,43.157986],[123.539643,43.085639],[123.531261,43.072618],[123.520274,43.060167],[123.515147,43.047553],[123.527192,43.025214],[123.524425,43.001166],[123.526541,42.990058],[123.526541,42.996283],[123.530935,42.984076],[123.549734,42.967841],[123.553966,42.958686],[123.558523,42.953681],[123.58017,42.946885],[123.588145,42.942247],[123.589936,42.935126],[123.583751,42.923204],[123.589122,42.898871],[123.592784,42.835801],[123.601736,42.818712],[123.590424,42.802273],[123.584727,42.777167],[123.570974,42.760362],[123.566173,42.746039],[123.571381,42.730048],[123.573822,42.714708],[123.560802,42.702012],[123.570323,42.69123],[123.573334,42.685981],[123.574474,42.678168],[123.579031,42.674262],[123.600841,42.675564],[123.609304,42.67475],[123.615489,42.668158],[123.625255,42.647081],[123.632416,42.637519],[123.649506,42.620144],[123.654552,42.617703],[123.667979,42.613308],[123.694021,42.597235],[123.695323,42.590766],[123.683686,42.579169],[123.70517,42.570136],[123.762218,42.534491],[123.773692,42.520819],[123.768972,42.498155],[123.766775,42.496609],[123.773529,42.489285],[123.780935,42.487006],[123.788097,42.486151],[123.793549,42.482937],[123.800955,42.469672],[123.804698,42.455146],[123.802989,42.440863],[123.793549,42.42829],[123.807628,42.411811],[123.831147,42.411485],[123.853282,42.41706],[123.863048,42.417792],[123.867686,42.411973],[123.889659,42.405788],[123.897227,42.400417],[123.899425,42.389187],[123.894623,42.379462],[123.862071,42.344916],[123.831635,42.326117],[123.818126,42.314765],[123.798757,42.304999],[123.757091,42.305976],[123.738862,42.291124],[123.727306,42.301459],[123.706716,42.306505],[123.683604,42.3074],[123.663829,42.304796],[123.647634,42.298163],[123.635183,42.28738],[123.626882,42.273261],[123.622813,42.256415],[123.612641,42.262722],[123.603608,42.263536],[123.595714,42.26085],[123.588145,42.256415],[123.557384,42.209906],[123.533295,42.196479],[123.485769,42.18126],[123.442882,42.173407],[123.422455,42.16706],[123.407237,42.157416],[123.399913,42.150255],[123.392345,42.144721],[123.3838,42.141059],[123.372813,42.139716],[123.366466,42.141669],[123.363373,42.146348],[123.361746,42.152208],[123.35906,42.157416],[123.351736,42.161241],[123.345307,42.159125],[123.339854,42.155341],[123.33546,42.153998],[123.272472,42.172471],[123.249278,42.174506],[123.239838,42.172309],[123.217784,42.16295],[123.195567,42.158637],[123.19044,42.152655],[123.186453,42.143988],[123.177257,42.13349],[123.160574,42.124538],[123.141368,42.120551],[123.098399,42.1199],[123.089692,42.117621],[123.073741,42.107856],[123.051687,42.101752],[123.046641,42.092637],[123.042654,42.08161],[123.033214,42.072089],[123.020518,42.068793],[122.991222,42.068427],[122.977957,42.065253],[122.968191,42.060492],[122.960378,42.054999],[122.95989,42.049425],[122.97169,42.044135],[122.95045,42.009223],[122.936941,41.992703],[122.924571,41.982693],[122.926524,41.979071],[122.930756,41.969021],[122.919688,41.969835],[122.908946,41.969306],[122.898936,41.966905],[122.889903,41.962226],[122.906749,41.950751],[122.924571,41.941677],[122.914236,41.923692],[122.894786,41.902289],[122.872976,41.885077],[122.854991,41.879665],[122.862641,41.872829],[122.85377,41.860663],[122.842784,41.849677],[122.8296,41.840033],[122.814708,41.831855],[122.805593,41.831081],[122.793956,41.831977],[122.78419,41.830349],[122.78004,41.821601],[122.77825,41.814643],[122.773367,41.807969],[122.766612,41.802029],[122.7588,41.797065],[122.778738,41.791083],[122.786794,41.79088],[122.769054,41.77204],[122.766205,41.766954],[122.772634,41.750515],[122.774425,41.740587],[122.769623,41.736274],[122.743744,41.734198],[122.738455,41.72724],[122.741222,41.714423],[122.739024,41.694648],[122.729015,41.684516],[122.697276,41.669704],[122.690684,41.663926],[122.694347,41.636176],[122.694835,41.618679],[122.690684,41.605292],[122.694835,41.601264],[122.699718,41.591986],[122.704194,41.585395],[122.662364,41.552598],[122.643647,41.53144],[122.635916,41.506293],[122.6338,41.492987],[122.624522,41.470771],[122.622325,41.458197],[122.624115,41.44538],[122.628998,41.437812],[122.635509,41.431179],[122.642833,41.420966],[122.630463,41.415147],[122.636241,41.405219],[122.648692,41.392768],[122.656342,41.37934],[122.654226,41.379218],[122.645437,41.364569],[122.642833,41.358913],[122.639089,41.333197],[122.635916,41.324774],[122.641775,41.305732],[122.620697,41.28502],[122.567149,41.256456],[122.540294,41.24962],[122.533376,41.245063],[122.523448,41.232978],[122.519216,41.229193],[122.477143,41.199571],[122.467784,41.195014],[122.453298,41.192816],[122.430186,41.182969],[122.412852,41.180732],[122.397634,41.176703],[122.39088,41.166287],[122.388764,41.152045],[122.388927,41.136664],[122.401541,41.098212],[122.405935,41.091986],[122.414806,41.086005],[122.414236,41.071845],[122.408702,41.055528],[122.402599,41.042914],[122.407807,41.035956],[122.409679,41.026394],[122.409434,41.002631],[122.341807,40.995795],[122.343761,40.983507],[122.343028,40.96251],[122.339936,40.940945],[122.334972,40.926866],[122.323253,40.94245],[122.318614,40.936835],[122.313731,40.906358],[122.304698,40.892157],[122.292084,40.877875],[122.278331,40.865912],[122.266124,40.858588],[122.260509,40.859809],[122.252615,40.863593],[122.24407,40.86579],[122.235362,40.862006],[122.228933,40.85574],[122.223643,40.852484],[122.216319,40.851508],[122.203868,40.851752],[122.194428,40.863308],[122.186941,40.869452],[122.180431,40.868842],[122.173595,40.861111],[122.170095,40.854926],[122.170909,40.849718],[122.177257,40.844916],[122.125499,40.825141],[122.110362,40.808539],[122.115245,40.783515],[122.144542,40.759467],[122.163992,40.750556],[122.18157,40.725287],[122.190929,40.715277],[122.242117,40.702663],[122.258474,40.693468],[122.23878,40.680487],[122.20989,40.682685],[122.165457,40.710028],[122.156261,40.701606]]}},{"type":"Feature","properties":{"name":"Yuan","scalerank":6},"geometry":{"type":"LineString","coordinates":[[112.993582,29.147488],[112.992442,29.164984],[112.995372,29.188992],[113.000011,29.216091],[113.034597,29.288113],[113.047944,29.363227],[113.069347,29.387641],[113.070811,29.389187]]}},{"type":"Feature","properties":{"name":"Yuan","scalerank":6},"geometry":{"type":"LineString","coordinates":[[112.904796,29.031358],[112.900076,29.017442],[112.881847,28.991523],[112.873057,28.974921],[112.862804,28.952704],[112.843272,28.931464],[112.766612,28.892524],[112.699718,28.870917],[112.669444,28.866889],[112.642589,28.861762],[112.611095,28.859442],[112.574718,28.874213],[112.539073,28.865668],[112.507823,28.831488],[112.470714,28.81977],[112.435557,28.820665],[112.412527,28.838324],[112.387625,28.871161],[112.361501,28.89171],[112.3331,28.900743],[112.324311,28.89293],[112.327566,28.870469],[112.320567,28.858222],[112.307628,28.843207],[112.272065,28.849555],[112.228445,28.891547],[112.186534,28.914089],[112.150645,28.91295],[112.119558,28.920274],[112.069916,28.93537],[112.028819,28.943874],[112.007823,28.950222],[111.997813,28.961249],[111.994395,28.976101],[111.992931,28.984687]]}},{"type":"Feature","properties":{"name":"Yuan","scalerank":6},"geometry":{"type":"LineString","coordinates":[[113.069347,29.387641],[113.085948,29.404486],[113.111095,29.444892],[113.127615,29.462755]]}},{"type":"Feature","properties":{"name":"Yuan","scalerank":6},"geometry":{"type":"LineString","coordinates":[[112.904796,29.031358],[112.921641,29.038926],[112.935557,29.054633],[112.942963,29.065253],[112.94337,29.074001],[112.940684,29.083319],[112.938975,29.095974],[112.944591,29.114814],[112.958263,29.127753],[112.993582,29.147488]]}},{"type":"Feature","properties":{"name":"Yuan","scalerank":6},"geometry":{"type":"LineString","coordinates":[[107.504812,26.337592],[107.498057,26.326199],[107.493337,26.305691],[107.493663,26.283067],[107.504975,26.257595],[107.505951,26.245063],[107.504975,26.232611],[107.496349,26.214219],[107.499522,26.205512],[107.506114,26.198676],[107.527354,26.182969],[107.560313,26.165554],[107.577403,26.149522],[107.59547,26.140489],[107.618337,26.142524],[107.640717,26.150702],[107.656261,26.160102],[107.67213,26.175157],[107.707774,26.218085],[107.712576,26.225898],[107.71575,26.236884],[107.719493,26.268622],[107.724132,26.275946],[107.738292,26.290391],[107.785574,26.361925],[107.803722,26.404568],[107.80714,26.44123],[107.797537,26.459499],[107.785085,26.475043],[107.779226,26.491482],[107.789806,26.512315],[107.808604,26.530341],[107.821381,26.5362],[107.861827,26.543647],[107.866466,26.547431],[107.870942,26.559394],[107.875418,26.564154],[107.880056,26.56505],[107.891612,26.563422],[107.896495,26.564154],[107.929861,26.581488],[107.936127,26.581244],[107.941905,26.596788],[107.969005,26.626532],[107.977794,26.639228],[107.986746,26.6706],[107.991466,26.680243],[108.014903,26.703192],[108.018891,26.711534],[108.028331,26.723456],[108.087576,26.755927],[108.115652,26.781195],[108.132498,26.792304],[108.152843,26.796942],[108.159272,26.801622],[108.173757,26.822699],[108.176362,26.827948],[108.180756,26.831122],[108.202566,26.841254],[108.237722,26.853339],[108.276866,26.860378],[108.312429,26.857001],[108.327891,26.834499],[108.335378,26.827175],[108.351736,26.824408],[108.368175,26.826728],[108.37558,26.834499],[108.382742,26.838813],[108.396007,26.832465],[108.404307,26.817694],[108.396088,26.796942],[108.399994,26.783962],[108.399425,26.778876],[108.396088,26.769599],[108.401866,26.772406],[108.416596,26.776435],[108.414561,26.773261],[108.413178,26.772244],[108.412039,26.771593],[108.409923,26.769599],[108.41741,26.764594],[108.425955,26.753363],[108.430268,26.749091],[108.437266,26.745307],[108.442963,26.743598],[108.485444,26.739773],[108.496755,26.732774],[108.505382,26.714952],[108.496104,26.704657],[108.497325,26.696479],[108.506114,26.690741],[108.519054,26.68769],[108.519135,26.67239],[108.538259,26.663031],[108.563487,26.655626],[108.581065,26.646064],[108.581065,26.659735],[108.595876,26.645575],[108.609874,26.60102],[108.625499,26.591417],[108.641124,26.599311],[108.654796,26.617621],[108.663259,26.638373],[108.663097,26.65351],[108.684093,26.664374],[108.69337,26.67121],[108.697195,26.67711],[108.698416,26.69184],[108.702729,26.696479],[108.721283,26.694525],[108.76295,26.694525],[108.7588,26.689643],[108.7553,26.67829],[108.751882,26.656602],[108.758718,26.63349],[108.775971,26.623847],[108.798595,26.619167],[108.8213,26.611355],[108.837169,26.594306],[108.852061,26.572048],[108.868582,26.557563],[108.889659,26.564154],[108.905284,26.555976],[108.917572,26.560411],[108.924571,26.573554],[108.924327,26.591417],[108.939708,26.585883],[108.950206,26.590766],[108.959565,26.60102],[108.971609,26.611355],[108.984955,26.617499],[109.03297,26.633083],[109.039073,26.618232],[109.059988,26.601752],[109.066987,26.591417],[109.08017,26.599718],[109.092052,26.617865],[109.101329,26.625596],[109.106944,26.626492],[109.120942,26.62405],[109.129242,26.625596],[109.133474,26.62877],[109.142345,26.637478],[109.146251,26.639228],[109.150076,26.643256],[109.190522,26.666571],[109.197032,26.677191],[109.206065,26.706],[109.214854,26.718085],[109.247976,26.743272],[109.252615,26.752509],[109.259776,26.759955],[109.307384,26.769599],[109.3178,26.775946],[109.331635,26.786811],[109.343761,26.800116],[109.348888,26.813992],[109.354421,26.81863],[109.38087,26.830146],[109.389903,26.837917],[109.369151,26.851874],[109.381358,26.872748],[109.408946,26.891669],[109.434581,26.899929],[109.453868,26.912136],[109.455333,26.939236],[109.444428,26.981879],[109.445974,26.995632],[109.45574,27.020331],[109.4581,27.033718],[109.450694,27.046169],[109.417898,27.060004],[109.410248,27.067206],[109.414073,27.080512],[109.42392,27.082384],[109.437022,27.079413],[109.459239,27.077948],[109.46339,27.076972],[109.468272,27.07807],[109.478608,27.084296],[109.486095,27.11225],[109.495209,27.104031],[109.509858,27.081366],[109.520112,27.07807],[109.530854,27.08747],[109.531505,27.103461],[109.535737,27.118516],[109.567882,27.127509],[109.583588,27.137274],[109.591319,27.139512],[109.600841,27.138454],[109.616954,27.133816],[109.625662,27.132676],[109.631928,27.14171],[109.638438,27.161933],[109.64796,27.182888],[109.663585,27.194159],[109.663259,27.163357],[109.66684,27.140245],[109.67864,27.126899],[109.7046,27.125271],[109.717459,27.127956],[109.732026,27.132636],[109.744721,27.139024],[109.752371,27.146999],[109.752615,27.158718],[109.749034,27.172675],[109.747,27.187445],[109.752371,27.201606],[109.763113,27.209662],[109.773855,27.208686],[109.800792,27.194159],[109.844249,27.179511],[109.855968,27.173651],[109.867686,27.164333],[109.874441,27.157579],[109.881847,27.152208],[109.896414,27.146999],[109.931895,27.139472],[109.944753,27.132676],[109.951589,27.139512],[109.966319,27.12995],[109.985281,27.124335],[110.00294,27.12641],[110.013682,27.139512],[109.995535,27.145575],[110.010265,27.166205],[110.054617,27.207831],[110.057872,27.214708],[110.060069,27.222357],[110.061453,27.238837],[110.064708,27.247504],[110.079275,27.257636],[110.087494,27.283759],[110.100515,27.293891],[110.117686,27.298163],[110.135916,27.297797],[110.125662,27.328233],[110.124522,27.344672],[110.132823,27.351833],[110.177419,27.365505],[110.19337,27.382188],[110.232839,27.454861],[110.277924,27.520575],[110.287364,27.544216],[110.292247,27.568915],[110.290538,27.579047],[110.283946,27.588568],[110.276134,27.597276],[110.269949,27.608018],[110.267996,27.620185],[110.273041,27.632921],[110.283702,27.627265],[110.293956,27.625841],[110.30421,27.627997],[110.314708,27.632921],[110.329275,27.643337],[110.33017,27.649604],[110.325043,27.656928],[110.321544,27.670518],[110.324636,27.676866],[110.332042,27.68004],[110.352306,27.681423],[110.358328,27.685167],[110.371755,27.70539],[110.37672,27.714911],[110.369721,27.722032],[110.367198,27.728827],[110.365896,27.735622],[110.363048,27.742784],[110.358979,27.748358],[110.34547,27.759874],[110.336843,27.772406],[110.341401,27.778022],[110.350678,27.783149],[110.359874,27.8074],[110.378835,27.836208],[110.382904,27.845893],[110.37851,27.866156],[110.368337,27.867499],[110.355479,27.863105],[110.342052,27.866319],[110.324718,27.911811],[110.321544,27.910427],[110.314057,27.902167],[110.296967,27.901719],[110.244395,27.908311],[110.238455,27.913357],[110.240489,27.922065],[110.250255,27.943468],[110.257904,27.95307],[110.268158,27.958604],[110.280528,27.955146],[110.282237,27.958075],[110.281993,27.959662],[110.282725,27.960517],[110.287364,27.96129],[110.287364,27.968777],[110.261485,27.972113],[110.180431,28.001247],[110.153901,28.013983],[110.146495,28.016547],[110.139171,28.021796],[110.137218,28.033962],[110.137543,28.047797],[110.135916,28.058173],[110.107188,28.085639],[110.102468,28.096015],[110.107432,28.105292],[110.119151,28.102891],[110.132742,28.097846],[110.143321,28.099148],[110.149343,28.11225],[110.143972,28.123603],[110.137218,28.133857],[110.139659,28.143826],[110.150076,28.148627],[110.160655,28.150214],[110.16505,28.154486],[110.156993,28.167344],[110.171153,28.172471],[110.176524,28.177924],[110.179128,28.185085],[110.184255,28.195339],[110.202159,28.219509],[110.204845,28.225775],[110.199474,28.234483],[110.175955,28.239285],[110.170665,28.246527],[110.169932,28.259589],[110.16448,28.29088],[110.199229,28.279893],[110.215017,28.278388],[110.232839,28.284044],[110.245209,28.293647],[110.287364,28.339301],[110.310639,28.383002],[110.321544,28.393337],[110.338471,28.40115],[110.357595,28.407172],[110.375662,28.415147],[110.38974,28.428738],[110.363048,28.437527],[110.371104,28.452012],[110.403412,28.472113],[110.403412,28.513739],[110.408946,28.518378],[110.435802,28.521552],[110.445079,28.523627],[110.454031,28.539822],[110.451915,28.577704],[110.462169,28.585069],[110.480479,28.585639],[110.500011,28.589545],[110.515147,28.600043],[110.520763,28.620469],[110.517345,28.629014],[110.509939,28.638129],[110.50294,28.645087],[110.499604,28.647162],[110.506358,28.659369],[110.517345,28.660468],[110.544444,28.653998],[110.566173,28.656114],[110.607188,28.665554],[110.667247,28.669298],[110.688731,28.676337],[110.698253,28.69184],[110.760265,28.722927],[110.765391,28.72956],[110.768158,28.735785],[110.771902,28.742255],[110.780284,28.749579],[110.791026,28.754584],[110.815847,28.761583],[110.840261,28.774726],[110.938487,28.798041],[110.972179,28.810126],[110.983165,28.811632],[111.003429,28.804389],[111.008311,28.790595],[111.013276,28.78205],[111.034679,28.790595],[111.062022,28.811632],[111.081391,28.82099],[111.086843,28.827745],[111.088634,28.842719],[111.091889,28.848904],[111.100027,28.856716],[111.110281,28.863389],[111.120372,28.866278],[111.12794,28.862616],[111.136729,28.842393],[111.143972,28.832139],[111.163829,28.823513],[111.186453,28.820624],[111.205089,28.813992],[111.212901,28.794257],[111.214773,28.770941],[111.221934,28.758409],[111.23642,28.752631],[111.295665,28.746161],[111.321544,28.746772],[111.339122,28.752997],[111.360037,28.7685],[111.363048,28.77379],[111.368175,28.786566],[111.380382,28.78913],[111.394216,28.788275],[111.404552,28.790595],[111.411143,28.800116],[111.417247,28.821479],[111.425141,28.832139],[111.433442,28.836005],[111.453868,28.838324],[111.462576,28.842719],[111.468028,28.850531],[111.472341,28.86225],[111.473643,28.874335],[111.469493,28.883653],[111.467296,28.893826],[111.475352,28.905097],[111.493337,28.921495],[111.514659,28.996161],[111.531668,29.034125],[111.561615,29.051296],[111.585948,29.046169],[111.593272,29.031033],[111.589692,28.98668],[111.591075,28.977403],[111.595632,28.972195],[111.603038,28.969835],[111.613455,28.969306],[111.626557,28.971137],[111.631358,28.976426],[111.63323,28.985053],[111.652273,29.028388],[111.665294,29.039415],[111.685802,29.037624],[111.696788,29.026679],[111.698985,28.995876],[111.705658,28.982978],[111.718354,28.976833],[111.775076,28.969306],[111.795421,28.970486],[111.811046,28.977566],[111.814952,28.990668],[111.80128,29.00963],[111.811697,29.017117],[111.82252,29.020535],[111.834727,29.020372],[111.84962,29.017117],[111.863455,29.009548],[111.888764,28.987576],[111.90089,28.982978],[111.958425,29.001329],[111.986746,29.003689],[111.992931,28.98489]]}},{"type":"Feature","properties":{"name":"Ob","scalerank":2},"geometry":{"type":"LineString","coordinates":[[67.371104,62.036322],[67.382416,61.993435],[67.416596,61.931952],[67.431733,61.912421],[67.536143,61.834744],[67.550792,61.813829],[67.554291,61.786729],[67.551199,61.745876],[67.555186,61.72838],[67.56601,61.709296],[67.588959,61.682074],[67.602306,61.670518],[67.617442,61.660712],[67.671397,61.637641],[67.72877,61.624376],[67.900645,61.609239],[68.267182,61.489366],[68.310802,61.468858],[68.348155,61.438259],[68.367198,61.398383],[68.356212,61.350369],[68.289806,61.284695],[68.269623,61.248481],[68.289073,61.208319],[68.311534,61.193061],[68.412608,61.160712],[68.453054,61.138251],[68.472667,61.124091],[68.523041,61.09748],[68.573334,61.089423],[68.760753,61.093085],[68.786143,61.089382],[68.805919,61.087022],[68.821381,61.090399],[68.834972,61.099677],[68.856944,61.12405]]}},{"type":"Feature","properties":{"name":"Sutlej","scalerank":6},"geometry":{"type":"LineString","coordinates":[[76.764659,31.408637],[76.750987,31.402615],[76.736501,31.391872],[76.734955,31.38288],[76.739024,31.375759],[76.747325,31.371202],[76.750255,31.358344],[76.743907,31.332302],[76.743093,31.317694],[76.736501,31.308661],[76.723888,31.308376],[76.709239,31.309923],[76.693614,31.312445],[76.687999,31.30744],[76.689382,31.292263],[76.683116,31.278876],[76.670014,31.269599],[76.649669,31.267686],[76.628347,31.274115],[76.609874,31.288845],[76.570079,31.331],[76.552175,31.352973],[76.524099,31.378241],[76.508067,31.390652],[76.491954,31.410468],[76.469168,31.425971],[76.435069,31.422227]]}},{"type":"Feature","properties":{"name":"Sutlej","scalerank":6},"geometry":{"type":"LineString","coordinates":[[81.294688,30.791693],[81.293712,30.792304],[81.288585,30.799587],[81.268321,30.812852],[81.221934,30.831081],[81.199311,30.852118]]}},{"type":"Feature","properties":{"name":"Sutlej","scalerank":6},"geometry":{"type":"LineString","coordinates":[[76.435069,31.422227],[76.430105,31.418484],[76.419037,31.41767],[76.409434,31.420925],[76.40089,31.429145],[76.394623,31.4171],[76.384695,31.412462],[76.374115,31.409491],[76.36671,31.402411],[76.364838,31.390977],[76.378184,31.338975],[76.437266,31.242743],[76.467865,31.219062],[76.538097,31.183295],[76.553396,31.1706],[76.564138,31.153835],[76.570242,31.133612],[76.572276,31.110663],[76.584727,31.090155],[76.587332,31.078559],[76.575613,31.073432],[76.562429,31.072089],[76.549083,31.06745],[76.538097,31.058905],[76.531261,31.045518],[76.531749,31.036729],[76.538585,31.015896],[76.538097,31.004584],[76.532237,30.997341],[76.514578,30.986843],[76.510753,30.980333],[76.505789,30.977851],[76.472911,30.970404],[76.459483,30.971218],[76.452891,30.97366],[76.426199,30.997748],[76.411632,31.006944],[76.395437,31.011542],[76.372976,31.01142],[76.343435,31.004828],[76.332612,31.004584],[76.321788,31.007148],[76.302338,31.01614],[76.291026,31.018826],[76.287201,31.016791],[76.276378,31.007025],[76.270518,31.004584],[76.219737,31.018581],[76.208507,31.018826],[76.199311,31.016384],[76.17921,31.00727],[76.167491,31.004584],[76.122813,31.004584],[76.113699,31.002468],[76.094005,30.993028],[76.08253,30.990912],[75.999766,30.99433],[75.980235,30.999579],[75.96575,31.008002],[75.922944,31.022528],[75.829682,30.997138],[75.790701,31.004584],[75.754487,30.995307],[75.634939,30.987128],[75.606375,30.990912],[75.575694,30.977403],[75.539154,30.972602],[75.3956,30.985175],[75.360444,30.993191],[75.332042,31.004584],[75.320404,31.013943],[75.309174,31.025214],[75.296479,31.034695],[75.280203,31.038682],[75.271658,31.039618],[75.264903,31.041775],[75.256358,31.045518],[75.250987,31.047146],[75.247081,31.048936],[75.243582,31.051703],[75.239268,31.056016],[75.233165,31.060004],[75.229096,31.057807],[75.226003,31.0539],[75.222179,31.052314],[75.214122,31.052843],[75.205577,31.052029],[75.19752,31.052273],[75.191173,31.056016],[75.187022,31.063992],[75.18214,31.082058],[75.177175,31.089911],[75.165131,31.097357],[75.149669,31.101426],[75.13323,31.102484],[75.118582,31.100775],[75.112315,31.10696],[75.116466,31.109565],[75.125987,31.121283],[75.115489,31.129665],[75.078217,31.147976],[75.04241,31.179063],[75.033214,31.183295],[75.017182,31.18183],[74.963471,31.167263],[74.933849,31.16295],[74.861339,31.162543],[74.836436,31.158555],[74.81129,31.147976],[74.761974,31.1081],[74.740245,31.101426],[74.708263,31.114366],[74.687755,31.097724],[74.600597,31.05683],[74.579112,31.042914],[74.563731,31.025214],[74.563569,31.004584],[74.54835,30.992377],[74.534434,30.976426],[74.519054,30.962673],[74.499034,30.956814],[74.476736,30.956326],[74.4581,30.95364],[74.441173,30.946397],[74.424083,30.932563],[74.413015,30.91531],[74.408702,30.90119],[74.40089,30.893337],[74.379324,30.894721],[74.353282,30.901313],[74.342052,30.902167],[74.329356,30.899848],[74.318858,30.893622],[74.310476,30.884711],[74.30364,30.874213],[74.311046,30.856147],[74.299815,30.838406],[74.279552,30.824978],[74.259776,30.819607],[74.256277,30.815497],[74.265391,30.7956],[74.266205,30.788601],[74.2588,30.781277],[74.243663,30.77143],[74.235281,30.76435],[74.214854,30.737657],[74.198334,30.725206],[74.190684,30.717231],[74.184174,30.697089],[74.169688,30.687364],[74.166433,30.679307],[74.163178,30.665107],[74.155365,30.659776],[74.132253,30.655707],[74.111095,30.646511],[74.09547,30.637315],[74.081716,30.626166],[74.067149,30.610704],[74.056733,30.591824],[74.057872,30.574734],[74.061127,30.555772],[74.05714,30.531602],[74.043712,30.518866],[74.003998,30.509101],[73.995697,30.501166],[73.98935,30.488064],[73.938731,30.426215],[73.928803,30.419257],[73.91627,30.417304],[73.899506,30.42239],[73.901785,30.415839],[73.903819,30.401638],[73.905691,30.395046],[73.887218,30.396755],[73.867198,30.387722],[73.851492,30.37287],[73.8449,30.357204],[73.834076,30.352647],[73.769786,30.367743],[73.699799,30.339219],[73.664643,30.31745],[73.648936,30.317572],[73.632742,30.322821],[73.612234,30.326117],[73.600352,30.325303],[73.589773,30.322862],[73.580089,30.318793],[73.570567,30.313096],[73.539806,30.277696],[73.533702,30.277045],[73.505382,30.268337],[73.453868,30.244208],[73.436534,30.233669],[73.417898,30.224718],[73.397472,30.218614],[73.340587,30.216254],[73.331554,30.210069],[73.3331,30.196804],[73.339285,30.184516],[73.344005,30.181505],[73.334727,30.171413],[73.323985,30.16946],[73.311127,30.168565],[73.296886,30.161689],[73.290294,30.15001],[73.286876,30.136664],[73.279796,30.128933],[73.262706,30.134345],[73.253347,30.146308],[73.24464,30.161973],[73.233002,30.170681],[73.214854,30.161689],[73.212332,30.149237],[73.225597,30.125067],[73.218028,30.120673],[73.203298,30.117377],[73.139171,30.086534],[73.131765,30.08572],[73.053233,30.09337],[73.04713,30.085801],[73.033783,30.055284],[72.945079,29.98961],[72.932628,29.982611],[72.92685,29.98664],[72.922944,30.003607],[72.913259,30.008002],[72.888438,30.004014],[72.86964,29.996609],[72.834239,29.96365],[72.813243,29.956163],[72.787364,29.952704],[72.76767,29.943427],[72.728282,29.915229],[72.728119,29.906317],[72.709972,29.902411],[72.66269,29.901557],[72.635509,29.892524],[72.630056,29.871039],[72.629975,29.845974],[72.618337,29.825873],[72.599376,29.839301],[72.582123,29.841376],[72.542735,29.833319],[72.522065,29.834744],[72.491466,29.848497],[72.473725,29.853217],[72.453136,29.851589],[72.391856,29.833319],[72.372081,29.838568],[72.362071,29.838446],[72.357595,29.829617],[72.35434,29.817572],[72.345632,29.807563],[72.334483,29.802558],[72.32366,29.805365],[72.30071,29.788682],[72.281993,29.771267],[72.266043,29.748318],[72.258067,29.732856],[72.254649,29.719753],[72.249604,29.711737],[72.237641,29.71129],[72.210378,29.71601],[72.196218,29.713162],[72.185557,29.705512],[72.177989,29.694607],[72.172781,29.68183],[72.184093,29.676052],[72.184255,29.671739],[72.178722,29.667426],[72.172781,29.661404],[72.169932,29.660834],[72.155772,29.661404],[72.148204,29.659532],[72.14796,29.655219],[72.150808,29.650417],[72.152354,29.647081],[72.149669,29.629747],[72.152436,29.610907],[72.158621,29.593329],[72.166026,29.579454],[72.11614,29.555691],[72.100678,29.55211],[72.07724,29.551093],[72.064708,29.546983],[72.042491,29.524237],[72.018484,29.506659],[71.984304,29.4914],[71.946788,29.484076],[71.913178,29.490058],[71.916596,29.473904],[71.918875,29.469591],[71.901134,29.46247],[71.881358,29.462226],[71.816905,29.476182],[71.806163,29.477078],[71.801362,29.464382],[71.795909,29.454901],[71.788585,29.449083],[71.777599,29.458686],[71.763601,29.461982],[71.749278,29.459744],[71.719656,29.442654],[71.710948,29.450385],[71.7046,29.465359],[71.693451,29.477078],[71.667735,29.4737],[71.618663,29.423204],[71.589854,29.408149],[71.591889,29.403632],[71.595225,29.392157],[71.597341,29.387641],[71.589447,29.388007],[71.575206,29.39289],[71.568126,29.393988],[71.514171,29.390001],[71.503429,29.393581],[71.494395,29.408149],[71.489268,29.381415],[71.482839,29.370429],[71.467052,29.366523],[71.452729,29.370876],[71.446381,29.380479],[71.439708,29.408149],[71.408132,29.376532],[71.388438,29.366319],[71.363862,29.373969],[71.360362,29.381781],[71.360362,29.392198],[71.358653,29.402045],[71.34962,29.408149],[71.340912,29.406602],[71.334402,29.399604],[71.323009,29.380194],[71.312999,29.392035],[71.30185,29.400702],[71.305105,29.405056],[71.306651,29.408759],[71.309255,29.411973],[71.315522,29.414984],[71.305756,29.422227],[71.295502,29.426337],[71.284272,29.428249],[71.271495,29.428575],[71.254649,29.426378],[71.249441,29.421007],[71.249278,29.414333],[71.247325,29.408149],[71.229096,29.391181],[71.218191,29.386786],[71.207774,29.408718],[71.196056,29.418524],[71.1845,29.421332],[71.179128,29.411566],[71.168224,29.397406],[71.144623,29.38463],[71.121023,29.376736],[71.110037,29.377143],[71.09726,29.38996],[71.068614,29.384792],[71.021983,29.366523]]}},{"type":"Feature","properties":{"name":"Sutlej","scalerank":6},"geometry":{"type":"LineString","coordinates":[[81.199311,30.852118],[81.183442,30.896308],[81.15089,30.919135],[81.074718,30.936306],[81.054128,30.944159],[81.014659,30.965888],[80.995535,30.970404],[80.970307,30.972195],[80.951752,30.978054],[80.937022,30.988593],[80.894949,31.034776],[80.86321,31.057929],[80.792898,31.093329],[80.787364,31.098253],[80.771251,31.116319],[80.765554,31.121283],[80.755056,31.12462],[80.732839,31.127794],[80.652761,31.126654],[80.628429,31.121283],[80.584727,31.107123],[80.563243,31.096055],[80.553803,31.083075],[80.545502,31.066352],[80.525483,31.054796],[80.502533,31.048041],[80.484955,31.045518],[80.460541,31.047919],[80.424734,31.062567],[80.399425,31.065985],[80.390066,31.069159],[80.371186,31.083319],[80.365245,31.086493],[80.353526,31.087999],[80.285737,31.114366],[80.261648,31.13821],[80.248953,31.144884],[80.231619,31.159003],[80.220795,31.162177],[80.211436,31.163845],[80.152436,31.185981],[80.138764,31.196723],[80.086029,31.260443],[80.076915,31.265245],[80.062104,31.266303],[80.050548,31.269232],[80.031993,31.278266],[80.012136,31.290798],[80.003429,31.298407],[79.99822,31.30622],[80.00351,31.335639],[80.00172,31.343451],[79.930186,31.402411],[79.894949,31.461737],[79.885346,31.4713],[79.866628,31.475124],[79.827891,31.49254],[79.806651,31.497992],[79.679454,31.48725],[79.6421,31.491156],[79.613048,31.502305],[79.600597,31.504828],[79.549327,31.504828],[79.52589,31.509589],[79.508311,31.521023],[79.493093,31.534532],[79.477061,31.545762],[79.468272,31.548163],[79.452403,31.548774],[79.443451,31.553249],[79.435964,31.561387],[79.427989,31.578925],[79.422944,31.586737],[79.370128,31.615098],[79.360932,31.617784],[79.354096,31.633246],[79.33782,31.635932],[79.317556,31.633979],[79.299408,31.635199],[79.25294,31.668809],[79.244884,31.672716],[79.226573,31.669623],[79.121349,31.696601],[79.113292,31.694363],[79.096772,31.685085],[79.087169,31.6824],[79.076264,31.682807],[79.058849,31.688422],[79.049083,31.689765],[79.031261,31.685574],[79.013438,31.674994],[78.999034,31.661648],[78.990896,31.648871],[78.970876,31.656317],[78.94866,31.660956],[78.930268,31.6706],[78.922781,31.693183],[78.919526,31.716376],[78.910737,31.729438],[78.881765,31.751247],[78.858653,31.786444],[78.842703,31.805203],[78.823416,31.8133],[78.812022,31.812201],[78.792491,31.807563],[78.782481,31.806464],[78.769623,31.808132],[78.763438,31.812567],[78.7588,31.819159],[78.73878,31.839667],[78.731537,31.84394],[78.717296,31.84748],[78.703136,31.846625],[78.690684,31.841579],[78.680186,31.835883],[78.663259,31.830756],[78.654226,31.824774],[78.638194,31.809882],[78.633067,31.799506],[78.631277,31.774115],[78.62794,31.765489],[78.608979,31.759101],[78.581391,31.756537],[78.556244,31.750596],[78.545339,31.734198],[78.538503,31.718451],[78.521983,31.706326],[78.454845,31.675401],[78.435313,31.657782],[78.429617,31.633816],[78.442393,31.600409],[78.423595,31.595079],[78.370616,31.594265],[78.353526,31.598334],[78.334402,31.60574],[78.313731,31.608913],[78.292084,31.600409],[78.28476,31.593085],[78.281505,31.585639],[78.272227,31.528388],[78.261322,31.521104],[78.236339,31.515448],[78.208507,31.512234],[78.189057,31.512274],[78.101573,31.528388],[78.018484,31.553249],[77.985362,31.567654],[77.968761,31.571641],[77.945811,31.573106],[77.829275,31.56391],[77.78769,31.550157],[77.703136,31.504828],[77.688894,31.492458],[77.676036,31.476589],[77.66212,31.462836],[77.63323,31.454413],[77.628347,31.447333],[77.627208,31.437323],[77.627371,31.425727],[77.629649,31.411811],[77.632823,31.405056],[77.631602,31.400946],[77.620535,31.394965],[77.578298,31.394232],[77.555431,31.389187],[77.538015,31.354438],[77.519786,31.350613],[77.476573,31.354031],[77.441173,31.347113],[77.428722,31.347195],[77.420502,31.349962],[77.403087,31.359442],[77.390554,31.361436],[77.368175,31.358669],[77.356212,31.350531],[77.320404,31.287869],[77.307628,31.276068],[77.288097,31.27143],[77.267019,31.269721],[77.159109,31.240749],[77.137706,31.237901],[77.129812,31.241034],[77.115001,31.254706],[77.103282,31.257839],[77.091319,31.258897],[77.0796,31.26199],[76.993744,31.306708],[76.983816,31.316759],[76.976166,31.325995],[76.940929,31.358954],[76.929128,31.367703],[76.905772,31.370388],[76.890636,31.366278],[76.882416,31.36876],[76.880056,31.391547],[76.882498,31.402371],[76.885916,31.40998],[76.884207,31.414578],[76.858328,31.418524],[76.836029,31.428412],[76.82545,31.429145],[76.810964,31.423163],[76.798595,31.415351],[76.784597,31.409288],[76.764659,31.408637]]}},{"type":"Feature","properties":{"name":"Sutlej","scalerank":6},"geometry":{"type":"LineString","coordinates":[[81.375662,30.758124],[81.365245,30.762641],[81.354503,30.764431],[81.330984,30.76435],[81.32252,30.768134],[81.302826,30.786241],[81.293712,30.792304]]}},{"type":"Feature","properties":{"name":"Biya","scalerank":6},"geometry":{"type":"LineString","coordinates":[[87.755789,51.364366],[87.768565,51.390082],[87.763113,51.412421],[87.756277,51.446723],[87.737641,51.479519],[87.713796,51.512234],[87.703136,51.541693],[87.680431,51.597357],[87.671316,51.644965],[87.667491,51.690294],[87.662364,51.726386],[87.630951,51.744696],[87.517345,51.747626],[87.412608,51.756659],[87.392019,51.761583]]}},{"type":"Feature","properties":{"name":"Biya","scalerank":6},"geometry":{"type":"LineString","coordinates":[[87.392019,51.761583],[87.35906,51.785915],[87.316417,51.795722],[87.247569,51.796332],[87.238048,51.798367],[87.138764,51.857204],[87.128429,51.861884],[87.119233,51.864366],[87.111339,51.868435],[87.104747,51.877712],[87.103119,51.887234],[87.105968,51.909003],[87.104747,51.918647],[87.096446,51.928534],[87.086518,51.933865],[87.079031,51.940253],[87.07724,51.953437],[87.083263,51.963935],[87.094168,51.968085],[87.106863,51.970079],[87.118256,51.973904],[87.135753,51.990098],[87.133881,52.003119],[87.104747,52.035346],[87.094493,52.057481],[87.09433,52.075954],[87.097667,52.094672],[87.098562,52.117947],[87.095876,52.127712],[87.087413,52.141384],[87.084076,52.152045],[87.085541,52.161566],[87.089692,52.17003],[87.091075,52.178087],[87.084076,52.186143],[87.095225,52.197089],[87.094819,52.206732],[87.090912,52.216335],[87.091075,52.227118],[87.098155,52.235622],[87.120942,52.25255],[87.125662,52.258165],[87.11435,52.269151],[87.060802,52.276394],[87.043224,52.281806],[87.040294,52.288845],[87.038829,52.309353],[87.036388,52.316474],[87.027843,52.323188],[87.015147,52.329861],[87.001964,52.334988],[86.975841,52.341376],[86.956554,52.352078],[86.938406,52.365343],[86.926524,52.377997],[86.920095,52.394599],[86.913015,52.433661],[86.902354,52.450263],[86.881847,52.459988],[86.855398,52.462592],[86.775076,52.461371],[86.763764,52.463406],[86.754649,52.467353],[86.730724,52.492011],[86.727306,52.498114],[86.615896,52.539984],[86.601573,52.552598],[86.573985,52.58747],[86.558197,52.596869],[86.495128,52.61754],[86.486339,52.624376],[86.480561,52.630479],[86.473643,52.635565],[86.460948,52.639268],[86.448985,52.639024],[86.387299,52.629584],[86.362234,52.619818],[86.350597,52.61754],[86.341563,52.612331],[86.345144,52.600694],[86.353038,52.589179],[86.357351,52.584052],[86.356456,52.55976],[86.344249,52.549628],[86.330089,52.5421],[86.323253,52.525702],[86.310151,52.507839],[86.280284,52.504584],[86.248057,52.509223],[86.188731,52.528347],[86.172374,52.54031],[86.165538,52.559841],[86.164561,52.577908],[86.159597,52.592068],[86.147472,52.604519],[86.125255,52.61754],[86.082774,52.632392],[86.057872,52.635077],[86.039154,52.628445],[86.024099,52.620876],[85.97169,52.606024],[85.953868,52.603868],[85.951427,52.567247],[85.90325,52.561103],[85.802989,52.577216],[85.767345,52.57571],[85.754649,52.577216],[85.743582,52.584052],[85.720795,52.606513],[85.709972,52.611396],[85.494233,52.584052],[85.482432,52.580756],[85.461681,52.56623],[85.453624,52.562934],[85.441335,52.564399],[85.418956,52.570136],[85.305919,52.57038],[85.285655,52.567206],[85.266612,52.559109],[85.227061,52.5362],[85.208507,52.520575],[85.190115,52.499701],[85.169444,52.481391],[85.144542,52.473578],[85.112397,52.472724],[85.099213,52.467963],[85.086192,52.457099],[85.077159,52.447211],[85.067556,52.43891],[85.056163,52.433621]]}},{"type":"Feature","properties":{"name":"Vilyuy","scalerank":6},"geometry":{"type":"LineString","coordinates":[[117.393647,62.0067],[117.354096,61.999091],[117.321788,61.985541],[117.257091,61.947781],[117.175385,61.928656],[116.762625,61.982489],[116.650483,61.971503],[116.640717,61.978095],[116.646495,61.98782],[116.655203,61.997016],[116.652761,62.003974]]}},{"type":"Feature","properties":{"name":"Ideriyn","scalerank":2},"geometry":{"type":"LineString","coordinates":[[98.007091,47.998969],[97.982026,47.998074],[97.956065,47.992865],[97.930756,47.991645],[97.900401,48.005316],[97.866466,48.012641],[97.855968,48.016547],[97.833507,48.034735],[97.822765,48.040595],[97.796316,48.045111],[97.654552,48.04682],[97.643484,48.050401],[97.627208,48.068142],[97.616628,48.074774],[97.603445,48.07628],[97.575287,48.073676],[97.562022,48.074774],[97.554861,48.078559],[97.530935,48.095242],[97.521414,48.0987],[97.511241,48.107123],[97.503184,48.117296],[97.495942,48.140082],[97.485606,48.144477],[97.459565,48.143622],[97.437755,48.146104],[97.41505,48.151801],[97.397227,48.162665],[97.390066,48.180854],[97.390066,48.207099],[97.392182,48.224555],[97.40032,48.239773],[97.443858,48.287665],[97.455089,48.304023],[97.459565,48.318061],[97.456554,48.383246],[97.439545,48.448269],[97.437755,48.474555],[97.448416,48.486274],[97.462576,48.493232],[97.514171,48.540229],[97.531342,48.576728],[97.542247,48.594265],[97.558442,48.601671],[97.566987,48.603705],[97.591889,48.614447],[97.59962,48.619696],[97.608897,48.628445],[97.675385,48.66706],[97.719493,48.702094],[97.741466,48.709988],[97.755463,48.718533],[97.761974,48.719428],[97.774913,48.719021],[97.783621,48.721625],[97.794688,48.734565],[97.802257,48.739529],[97.861257,48.753852],[97.981619,48.769355],[98.009858,48.768622],[98.007091,48.753119],[98.021983,48.744167],[98.08196,48.728583],[98.103282,48.725857],[98.205658,48.739529],[98.644542,48.731513],[98.717052,48.716579],[98.765066,48.726996],[98.794932,48.726508],[98.850597,48.717882],[98.860037,48.713935],[98.884776,48.696804],[98.92099,48.69127],[98.955577,48.678168],[99.028087,48.663275],[99.082612,48.642157],[99.118093,48.637519],[99.127452,48.632188],[99.146983,48.625434],[99.23406,48.621649],[99.281505,48.609198],[99.306733,48.608262],[99.326671,48.618272],[99.337169,48.621527],[99.352143,48.621202],[99.365489,48.622911],[99.374522,48.637397],[99.414806,48.680203],[99.432872,48.693142],[99.455089,48.70128],[99.507823,48.707587],[99.551524,48.724433],[99.600108,48.737413],[99.723074,48.795681],[99.768972,48.803249],[99.91269,48.846869],[99.929698,48.858466],[99.94573,48.873114],[99.963145,48.885037],[99.982595,48.893093],[100.026541,48.900702],[100.067475,48.922675],[100.090017,48.929511],[100.13144,48.928046],[100.144786,48.929511],[100.191335,48.946967],[100.196544,48.946967],[100.217214,48.956732],[100.23821,48.95893],[100.246023,48.964464],[100.227306,48.984727],[100.240489,48.990668],[100.261322,49.005927],[100.274994,49.012071],[100.29127,49.01435],[100.344005,49.012071],[100.37672,49.016221],[100.39446,49.020453],[100.405935,49.026394],[100.413259,49.039659],[100.415131,49.05329],[100.419363,49.065497],[100.433197,49.074774],[100.451915,49.060574],[100.473074,49.059434],[100.590343,49.078152],[100.595714,49.085883],[100.596202,49.094753],[100.597748,49.101426],[100.614187,49.114203],[100.651785,49.132025],[100.6692,49.145819],[100.681733,49.159369],[100.685313,49.167548],[100.687022,49.186835],[100.688731,49.191718],[100.691905,49.196072],[100.696788,49.200751],[100.697765,49.20543],[100.689138,49.218207],[100.686534,49.224962],[100.699636,49.263129]]}},{"type":"Feature","properties":{"name":"Han","scalerank":6},"geometry":{"type":"LineString","coordinates":[[111.477631,32.567816],[111.465017,32.577948],[111.447846,32.581122],[111.433035,32.578803],[111.41448,32.573676],[111.389659,32.572374],[111.364757,32.574897],[111.344493,32.582546],[111.32252,32.598456],[111.269135,32.620795],[111.247976,32.635118],[111.229421,32.649359],[111.204275,32.660997],[111.158376,32.679023],[111.138764,32.689073],[111.115164,32.695014],[111.094168,32.695339],[111.045828,32.703966],[111.028575,32.715359],[111.020925,32.723904],[111.000011,32.740668]]}},{"type":"Feature","properties":{"name":"Han","scalerank":6},"geometry":{"type":"LineString","coordinates":[[106.398448,33.067694],[106.421153,33.072292],[106.434174,33.08336],[106.444021,33.096788],[106.456554,33.10871],[106.473399,33.115261],[106.665619,33.143988],[106.67628,33.142198],[106.682872,33.137274],[106.686127,33.130642],[106.69044,33.124823],[106.70045,33.122341],[106.805756,33.124376],[106.841319,33.133816],[106.864268,33.136013],[106.883556,33.131415],[106.899913,33.120307],[106.929454,33.095038],[106.980398,33.064154],[106.99464,33.05036],[107.015636,33.038398],[107.038259,33.037706],[107.058849,33.033881],[107.073416,33.012478],[107.086925,33.01911],[107.102468,33.038357],[107.11435,33.046658],[107.126557,33.04739],[107.142589,33.045966],[107.156261,33.047471],[107.16212,33.057196],[107.169688,33.076239],[107.188243,33.088935],[107.212576,33.096747],[107.261729,33.103298],[107.323253,33.101264],[107.332123,33.106635],[107.34669,33.130561],[107.357595,33.136013],[107.368582,33.134345],[107.389903,33.128526],[107.402436,33.129177],[107.420828,33.136827],[107.490245,33.187445],[107.513601,33.200873],[107.522553,33.208035],[107.534923,33.215359],[107.541921,33.208523],[107.54713,33.190619],[107.567312,33.187812],[107.623546,33.187038],[107.635265,33.180365],[107.644949,33.170722],[107.667572,33.170233],[107.711436,33.176947],[107.735362,33.177436],[107.751394,33.174018],[107.764415,33.166775],[107.779226,33.155829],[107.787364,33.168769],[107.796967,33.174831],[107.820811,33.183783],[107.832937,33.191596],[107.838308,33.197781],[107.857595,33.237616],[107.863699,33.242947],[107.875418,33.245876],[107.888682,33.243598],[107.897878,33.236029],[107.905203,33.227891],[107.912608,33.224148],[107.938975,33.219306],[107.955658,33.206407],[107.959565,33.188056],[107.942149,33.158962],[107.937266,33.146267],[107.937266,33.134385],[107.947032,33.129177],[107.955089,33.123114],[107.957612,33.108995],[107.956716,33.080756],[107.977957,33.086615],[107.995046,33.07685],[108.026134,33.046658],[108.047781,33.037055],[108.064708,33.035346],[108.081147,33.039333],[108.101329,33.046658],[108.141368,33.037665],[108.219656,33.032335],[108.258881,33.019314],[108.274994,33.005683],[108.279063,32.989325],[108.274832,32.970771],[108.265717,32.950385],[108.260346,32.942206],[108.253673,32.934434],[108.248057,32.926215],[108.245372,32.916287],[108.247325,32.905951],[108.257091,32.892279],[108.258881,32.882148],[108.252208,32.867011],[108.241466,32.852729],[108.237722,32.839423],[108.252208,32.827501],[108.259858,32.828966],[108.266124,32.836005],[108.273692,32.840522],[108.286225,32.834337],[108.29184,32.824897],[108.289806,32.816107],[108.286225,32.807685],[108.286225,32.799628],[108.312511,32.769843],[108.35255,32.749783],[108.437755,32.724473],[108.437755,32.717637],[108.428722,32.713975],[108.407237,32.709052],[108.396088,32.703966],[108.413829,32.673936],[108.416596,32.662421],[108.431895,32.669745],[108.439464,32.666449],[108.44394,32.657782],[108.450206,32.648749],[108.47169,32.633409],[108.468435,32.628974],[108.454112,32.618354],[108.448171,32.599433],[108.469737,32.582831],[108.498057,32.566921],[108.512218,32.54975],[108.52296,32.528835],[108.54835,32.518419],[108.578054,32.512641],[108.601573,32.505398],[108.615652,32.488349],[108.622081,32.48489],[108.633311,32.485867],[108.639171,32.490424],[108.644216,32.495551],[108.681733,32.504991],[108.692882,32.504177],[108.697195,32.491767],[108.758067,32.537421],[108.774018,32.566352],[108.759858,32.601589],[108.759858,32.607774],[108.770925,32.609198],[108.777843,32.61461],[108.780691,32.623562],[108.779796,32.635118],[108.78712,32.630723],[108.792898,32.62462],[108.797293,32.61697],[108.800222,32.607774],[108.812511,32.620795],[108.81894,32.618191],[108.822846,32.608751],[108.827566,32.601589],[108.842703,32.58865],[108.851573,32.586534],[108.855479,32.598171],[108.85491,32.607123],[108.855968,32.609565],[108.879405,32.607774],[108.890391,32.61168],[108.894216,32.621039],[108.896658,32.632514],[108.903331,32.642524],[108.921316,32.649034],[108.996104,32.656195],[109.00351,32.664008],[109.022472,32.700303],[109.03297,32.711453],[109.042979,32.713975],[109.064545,32.715196],[109.074474,32.717637],[109.086436,32.724473],[109.093191,32.73196],[109.097992,32.739936],[109.1338,32.783962],[109.148529,32.787869],[109.255056,32.752387],[109.298432,32.74787],[109.334565,32.758612],[109.343191,32.766872],[109.345225,32.773953],[109.346609,32.781114],[109.352061,32.789984],[109.358897,32.795966],[109.374115,32.805732],[109.383067,32.813259],[109.386974,32.822699],[109.386241,32.831732],[109.389089,32.838487],[109.403412,32.841173],[109.411794,32.844591],[109.408295,32.852607],[109.402436,32.861762],[109.403412,32.868476],[109.412852,32.867743],[109.438975,32.860419],[109.448822,32.868679],[109.514252,32.883816],[109.52589,32.892198],[109.533946,32.909451],[109.547944,32.899237],[109.55657,32.888739],[109.565684,32.88349],[109.581635,32.888943],[109.585948,32.894558],[109.589366,32.902777],[109.593842,32.910915],[109.602061,32.916287],[109.612397,32.916368],[109.618744,32.911689],[109.624522,32.906033],[109.632823,32.903266],[109.650483,32.904731],[109.66741,32.909044],[109.682384,32.916368],[109.694591,32.92654],[109.706391,32.939032],[109.718191,32.94835],[109.729503,32.949327],[109.739268,32.936794]]}},{"type":"Feature","properties":{"name":"Han","scalerank":6},"geometry":{"type":"LineString","coordinates":[[109.739268,32.929958],[109.758474,32.914984],[109.782807,32.90115],[109.8095,32.893134],[109.83546,32.895819],[109.868175,32.912909],[109.883311,32.916287],[109.898855,32.914374],[109.925141,32.900662],[109.937918,32.895819],[109.992605,32.888943],[110.003347,32.88406],[110.040294,32.86164],[110.081716,32.848171],[110.095632,32.841173],[110.103445,32.834174],[110.114838,32.818793],[110.123546,32.813259],[110.215424,32.813259],[110.237885,32.807563],[110.257091,32.796658],[110.274099,32.789862],[110.290457,32.796454],[110.299815,32.801866],[110.309988,32.804633],[110.318126,32.808458],[110.325694,32.827745],[110.33546,32.834337],[110.397634,32.858018],[110.411794,32.856065],[110.403412,32.834337],[110.418468,32.829942],[110.431733,32.832872],[110.44573,32.838324],[110.462169,32.841173],[110.477143,32.836941],[110.497162,32.817979],[110.507091,32.813259],[110.566824,32.829128],[110.591726,32.829657],[110.588959,32.807074],[110.612641,32.819363],[110.616954,32.820665],[110.625011,32.81448],[110.63087,32.798692],[110.636729,32.793402],[110.651378,32.791856],[110.705089,32.799628],[110.705089,32.807074],[110.695974,32.808214],[110.692882,32.810248],[110.690684,32.814073],[110.685313,32.820665],[110.718761,32.837999],[110.746104,32.86164],[110.796397,32.831855],[110.811534,32.827501],[110.814708,32.825019],[110.817963,32.819648],[110.824229,32.814643],[110.83546,32.813259],[110.845714,32.817247],[110.857432,32.831326],[110.866466,32.834337],[110.875255,32.832587],[110.882416,32.828233],[110.893565,32.816962],[110.902273,32.810858],[110.910248,32.811103],[110.9192,32.813341],[110.931082,32.813259],[110.938243,32.810167],[110.952159,32.801378],[110.962413,32.799628],[110.982595,32.806912],[110.993175,32.807074],[110.983653,32.798936],[110.968435,32.790717],[110.9581,32.781195],[110.962413,32.769151],[110.983165,32.752509],[110.992198,32.748236],[111.000011,32.740668]]}},{"type":"Feature","properties":{"name":"Han","scalerank":6},"geometry":{"type":"LineString","coordinates":[[111.477631,32.567816],[111.48406,32.55447],[111.492198,32.530137],[111.547944,32.48489],[111.615245,32.454454],[111.643891,32.434149],[111.665294,32.402371],[111.640717,32.367947],[111.633067,32.349311],[111.637299,32.327257],[111.646414,32.318712],[111.672862,32.303412],[111.699474,32.265163],[111.693614,32.224189],[111.72698,32.19123],[111.771983,32.162869],[111.80128,32.135443],[111.814708,32.092882],[111.827159,32.078721],[111.853038,32.07335],[111.876231,32.075995],[111.931651,32.093858],[111.953054,32.094916],[111.975597,32.091254],[111.993256,32.082831],[112.008067,32.054511],[112.026541,32.046413],[112.157807,32.034206],[112.192882,32.021999],[112.192882,31.991482],[112.185964,31.98489],[112.177745,31.981228],[112.170095,31.975857],[112.164968,31.964179],[112.16448,31.951524],[112.167735,31.93948],[112.173839,31.928534],[112.182058,31.91946],[112.217459,31.895087],[112.220225,31.883612],[112.182546,31.822374],[112.177257,31.797309],[112.195893,31.785997],[112.215912,31.779853],[112.250662,31.749457],[112.268077,31.737616],[112.336681,31.724392],[112.353608,31.713975],[112.369884,31.69245],[112.380951,31.672675],[112.406749,31.606716],[112.41684,31.592597],[112.442393,31.569688],[112.452403,31.550238],[112.450043,31.528103],[112.442556,31.505398],[112.438569,31.484402],[112.440847,31.474677],[112.450206,31.45307],[112.452403,31.443386],[112.449229,31.433539],[112.435069,31.41238],[112.431895,31.405544],[112.425385,31.386013],[112.412364,31.372992],[112.402273,31.358262],[112.404552,31.333523],[112.414806,31.318915],[112.446707,31.302191],[112.462901,31.288845],[112.487804,31.254706],[112.500499,31.24197],[112.5206,31.230496],[112.545421,31.223497],[112.560476,31.221991],[112.567556,31.215399],[112.569753,31.192939],[112.566417,31.182644],[112.551768,31.161933],[112.548432,31.151679],[112.552826,31.139472],[112.574636,31.118354],[112.582774,31.10696],[112.584239,31.086127],[112.567393,31.086249],[112.54184,31.095079],[112.517507,31.100775],[112.506765,31.089179],[112.508067,31.063015],[112.5206,31.018826],[112.533702,30.990749],[112.561697,30.953437],[112.567149,30.94123],[112.572195,30.888699],[112.577729,30.877021],[112.589366,30.869208],[112.664561,30.842882],[112.678966,30.833279],[112.668224,30.830268],[112.637136,30.82571],[112.630463,30.82331],[112.635509,30.807929],[112.644786,30.795518],[112.649669,30.78323],[112.641612,30.768093],[112.625987,30.747626],[112.596283,30.676215],[112.624441,30.657904],[112.703298,30.661566],[112.719819,30.651964],[112.714122,30.640489],[112.687511,30.63113],[112.678966,30.620958],[112.67921,30.605333],[112.690929,30.57099],[112.692556,30.552069],[112.728526,30.574042],[112.748139,30.583116],[112.771414,30.586859],[112.783621,30.576728],[112.81601,30.51793],[112.8296,30.509345],[112.852631,30.499294],[112.874766,30.496039],[112.884288,30.508002],[112.881602,30.555732],[112.89088,30.570746],[112.918468,30.573188],[112.933442,30.563829],[112.951427,30.531277],[112.9699,30.524115],[113.004405,30.525458],[113.023041,30.52379],[113.042003,30.51793],[113.046641,30.517605],[113.059174,30.518988],[113.06308,30.51793],[113.066417,30.51085],[113.065522,30.505235],[113.063487,30.5008],[113.06308,30.497423],[113.063487,30.488959],[113.060313,30.482489],[113.062511,30.47838],[113.0796,30.476996],[113.099213,30.483425],[113.107432,30.483181],[113.11085,30.473253],[113.11142,30.461859],[113.113373,30.45307],[113.117279,30.446723],[113.124034,30.442206],[113.137299,30.439561],[113.146658,30.443549],[113.15504,30.448757],[113.165538,30.449652],[113.175304,30.444525],[113.186615,30.43122],[113.196218,30.428534],[113.289073,30.428534],[113.427338,30.395209],[113.466563,30.395046],[113.48585,30.398993],[113.491466,30.401679],[113.500662,30.408067],[113.5088,30.415839],[113.518158,30.431667],[113.532481,30.447821],[113.540294,30.465033],[113.545665,30.473253],[113.555919,30.481716],[113.590017,30.497423],[113.607432,30.511908],[113.622976,30.531684],[113.634288,30.554023],[113.638438,30.576239],[113.646983,30.586249],[113.73878,30.626899],[113.74822,30.627794],[113.760916,30.622992],[113.782481,30.604763],[113.789236,30.60045],[113.79892,30.604804],[113.807628,30.614325],[113.817475,30.622097],[113.830333,30.620958],[113.83839,30.610907],[113.834483,30.599962],[113.825125,30.591091],[113.816742,30.586859],[113.823416,30.575954],[113.830333,30.575141],[113.837332,30.580186],[113.844005,30.586859],[113.850597,30.595404],[113.852143,30.603217],[113.850678,30.61754],[113.838796,30.64411],[113.840587,30.648261],[113.843354,30.649482],[113.845225,30.651964],[113.848237,30.654568],[113.854503,30.655707],[113.862234,30.653876],[113.863292,30.649522],[113.862315,30.644721],[113.86435,30.641466],[113.878184,30.634304],[113.884858,30.633124],[113.911794,30.633653],[113.920421,30.632839],[113.925141,30.63703],[113.926524,30.651964],[113.930919,30.672675],[113.941498,30.6789],[113.955089,30.67414],[113.968028,30.661933],[113.983897,30.633979],[113.995697,30.624579],[114.018565,30.620958],[114.027436,30.616645],[114.028412,30.607001],[114.027843,30.597357],[114.031993,30.593044],[114.043468,30.594184],[114.069835,30.60045],[114.170665,30.598212],[114.289561,30.566352]]}},{"type":"Feature","properties":{"name":"Mahäna Nadï","scalerank":6},"geometry":{"type":"LineString","coordinates":[[83.857595,21.520128],[83.857026,21.52029],[83.856537,21.520453],[83.84726,21.524278],[83.833507,21.532823],[83.818614,21.567572],[83.795828,21.587592],[83.773936,21.612331],[83.735362,21.668158],[83.714366,21.694688],[83.689464,21.712836],[83.66505,21.724189],[83.601736,21.742011],[83.575287,21.747626],[83.54892,21.740505],[83.528087,21.720282],[83.519216,21.700466],[83.513194,21.680528],[83.50294,21.666124],[83.487071,21.650743],[83.467052,21.645535],[83.446218,21.657009],[83.425222,21.671698],[83.408946,21.685574],[83.390229,21.692491],[83.364268,21.692979],[83.342784,21.691921],[83.323253,21.691718],[83.308116,21.693386],[83.299734,21.695136]]}},{"type":"Feature","properties":{"name":"Mahäna Nadï","scalerank":6},"geometry":{"type":"LineString","coordinates":[[83.856537,21.520453],[83.896251,21.509141],[83.933849,21.492377],[83.963471,21.467353],[83.980072,21.431667],[83.97462,21.390163],[83.948416,21.361111],[83.917735,21.336249],[83.897472,21.307563],[83.896495,21.288642],[83.90797,21.250556],[83.911143,21.229031],[83.90919,21.204942],[83.903331,21.188422],[83.830007,21.054755],[83.823334,21.030137],[83.822032,21.01793],[83.822358,21.005886],[83.832774,20.930772],[83.897472,20.876776],[83.964773,20.835883],[84.007498,20.818915],[84.04835,20.814073],[84.091319,20.827419],[84.167979,20.875678],[84.206065,20.890448],[84.228526,20.89057],[84.269054,20.879706],[84.291433,20.876776],[84.313487,20.867743],[84.323009,20.846462],[84.3296,20.800401],[84.344005,20.774522],[84.364675,20.757392],[84.38974,20.746649],[84.418468,20.740058],[84.516205,20.736192],[84.544363,20.724066],[84.603933,20.67947],[84.682872,20.646023],[84.707774,20.629462],[84.729747,20.607611],[84.764415,20.539333],[84.781261,20.521267],[84.809581,20.512274],[84.866954,20.52265],[84.895437,20.518093],[85.016205,20.438788],[85.034597,20.431708],[85.062266,20.427924],[85.076671,20.423163],[85.0831,20.413398],[85.092784,20.404853],[85.137299,20.387234],[85.169363,20.378363],[85.187755,20.377468],[85.206065,20.381863],[85.223643,20.393256],[85.233409,20.396308],[85.245942,20.393866],[85.256602,20.387641],[85.261241,20.379259],[85.26588,20.367499],[85.277273,20.363308],[85.302826,20.36225],[85.323334,20.358222],[85.34433,20.356716],[85.354503,20.357733],[85.364187,20.360419],[85.373057,20.365098],[85.381277,20.372138],[85.397472,20.3817],[85.416108,20.382432],[85.453054,20.375922],[85.473725,20.374701],[85.494558,20.375922],[85.504242,20.379014],[85.521983,20.38821],[85.55421,20.396064],[85.573253,20.409857],[85.60377,20.437323],[85.644786,20.457831],[85.656342,20.454698],[85.670421,20.440619],[85.682384,20.437323],[85.723643,20.437323],[85.72877,20.440782],[85.740489,20.458319],[85.748546,20.465277],[85.772472,20.471381],[85.789968,20.465847],[85.804454,20.456488],[85.819835,20.451606],[85.846609,20.450507],[85.865326,20.445746],[85.881114,20.435248],[85.92335,20.391181],[85.956716,20.364814],[85.964122,20.36225],[85.973643,20.363227],[85.998057,20.368476],[86.011322,20.366726],[86.016124,20.361518],[86.017833,20.353217],[86.06308,20.261298],[86.083588,20.239325],[86.098399,20.232123],[86.13323,20.221015],[86.14503,20.212022],[86.152192,20.197577],[86.15683,20.179389],[86.15919,20.160264],[86.158702,20.143134]]}},{"type":"Feature","properties":{"name":"Mahäna Nadï","scalerank":6},"geometry":{"type":"LineString","coordinates":[[80.625255,20.598985],[80.639171,20.623074],[80.638276,20.645535],[80.614757,20.698025],[80.623139,20.718126],[80.62558,20.738145],[80.632091,20.753363],[80.652843,20.759467],[80.698009,20.762478],[80.719168,20.766669],[80.738292,20.773139],[80.74822,20.778632],[80.755056,20.784695],[80.759776,20.791205],[80.763113,20.798285],[80.769786,20.814154],[80.774994,20.822862],[80.809825,20.862616],[80.841807,20.935736],[80.866303,20.971015],[80.896983,21.003607],[80.930675,21.027615],[80.993337,21.041815],[81.030935,21.065212],[81.049815,21.063096],[81.068126,21.055854],[81.088308,21.054267],[81.107188,21.064968],[81.119884,21.081081],[81.134695,21.09573],[81.159434,21.102118],[81.194021,21.096869],[81.214773,21.096218],[81.231619,21.102118],[81.23878,21.115668],[81.243093,21.137234],[81.245372,21.174669],[81.243175,21.18537],[81.233897,21.205593],[81.231619,21.215399],[81.235932,21.228583],[81.245942,21.23371],[81.257335,21.235663],[81.26588,21.239285],[81.274343,21.252794],[81.290701,21.292182],[81.293712,21.30447],[81.305186,21.327663],[81.307384,21.338894],[81.308116,21.351752],[81.310313,21.359931],[81.320404,21.37641],[81.362641,21.420274],[81.368907,21.435126],[81.36671,21.444607],[81.357351,21.466661],[81.355235,21.476386],[81.356456,21.487494],[81.359874,21.495225],[81.36435,21.502875],[81.368907,21.513617],[81.378998,21.554307],[81.389415,21.573676],[81.406749,21.581855],[81.418061,21.582953],[81.423106,21.586697],[81.424327,21.594102],[81.424083,21.606065],[81.427338,21.61461],[81.435802,21.61697],[81.519135,21.612982],[81.526459,21.619737],[81.527843,21.622748],[81.530935,21.625759],[81.536143,21.62873],[81.542572,21.631537],[81.559662,21.636664],[81.577647,21.639838],[81.593191,21.640082],[81.602306,21.636542],[81.605072,21.627305],[81.60377,21.605658],[81.60906,21.595526],[81.619151,21.590928],[81.644054,21.589952],[81.674083,21.575995],[81.689545,21.585557],[81.698171,21.606309],[81.697276,21.630316],[81.686941,21.644355],[81.673839,21.652167],[81.668712,21.661892],[81.681082,21.681464],[81.690359,21.685411],[81.702566,21.686713],[81.713145,21.690456],[81.717784,21.701972],[81.715912,21.71365],[81.700694,21.758246],[81.717784,21.760037],[81.727468,21.759833],[81.750011,21.756537],[81.75587,21.756903],[81.771902,21.765082],[81.834972,21.766872],[81.878998,21.781562],[81.912608,21.806586],[81.941417,21.834052],[81.972179,21.856269],[81.982188,21.860053],[82.00294,21.865424],[82.013113,21.8699],[82.021495,21.876329],[82.027924,21.883002],[82.034923,21.888251],[82.0442,21.890408],[82.061615,21.884589],[82.109386,21.849392],[82.129649,21.849392],[82.151947,21.853787],[82.170095,21.851752],[82.177664,21.832343],[82.179617,21.80744],[82.186453,21.788398],[82.199148,21.774929],[82.219249,21.766872],[82.276541,21.760037],[82.286388,21.753607],[82.310476,21.72545],[82.324718,21.719062],[82.361908,21.721951],[82.391612,21.729682],[82.444428,21.75377],[82.458018,21.746527],[82.471934,21.742458],[82.503184,21.74018],[82.510183,21.742296],[82.523855,21.751654],[82.530528,21.75377],[82.538829,21.751247],[82.553722,21.738389],[82.561127,21.733344],[82.577566,21.729112],[82.61964,21.733344],[82.636241,21.731065],[82.658621,21.7213],[82.674408,21.719062],[82.681244,21.7213],[82.687266,21.726182],[82.691987,21.731065],[82.695242,21.733344],[82.704275,21.732449],[82.755626,21.719591],[82.770518,21.720649],[82.784272,21.7296],[82.806163,21.735216],[82.852306,21.702501],[82.875906,21.70539],[82.891124,21.704535],[82.948741,21.7213],[82.992768,21.728217],[83.004812,21.73253],[83.017019,21.73546],[83.03419,21.733344],[83.062511,21.717312],[83.078624,21.711453],[83.092459,21.715928],[83.115733,21.726915],[83.141124,21.723415],[83.185639,21.70539],[83.276541,21.695258],[83.299734,21.695136]]}},{"type":"Feature","properties":{"name":"Gan","scalerank":6},"geometry":{"type":"LineString","coordinates":[[115.981944,29.279161],[115.981375,29.290229],[116.000011,29.302598],[116.041515,29.312445],[116.05185,29.332546],[116.051199,29.365424],[116.040945,29.403103],[116.045828,29.423651],[116.07073,29.44538],[116.091401,29.468858],[116.114675,29.492458],[116.127371,29.51793],[116.127045,29.545762],[116.134532,29.58043],[116.149099,29.616319],[116.161794,29.651435],[116.156993,29.680691],[116.160655,29.703192],[116.177257,29.719835],[116.192393,29.735867],[116.19752,29.75141]]}},{"type":"Feature","properties":{"name":"Gan","scalerank":6},"geometry":{"type":"LineString","coordinates":[[114.412527,24.707058],[114.43214,24.710639],[114.448822,24.707709],[114.465424,24.702826],[114.484874,24.700222],[114.501964,24.708767],[114.521983,24.746365],[114.539643,24.754828],[114.559825,24.758246],[114.575287,24.766872],[114.587494,24.778144],[114.602794,24.796576],[114.61378,24.815538],[114.619151,24.824164],[114.625662,24.830878],[114.635265,24.835232],[114.648936,24.836778],[114.665538,24.845242],[114.685476,24.862128],[114.70696,24.875067],[114.727794,24.871527],[114.734386,24.89171],[114.739513,24.902899],[114.748953,24.912543],[114.768891,24.904079],[114.771088,24.921942],[114.766368,24.948025],[114.765391,24.963975],[114.776296,24.980496],[114.782481,24.999091],[114.784597,25.018134],[114.779307,25.055528],[114.776134,25.060574],[114.768891,25.069525],[114.760265,25.076239],[114.751231,25.080593],[114.744314,25.087104],[114.741466,25.100531],[114.751964,25.103949],[114.817149,25.138454],[114.828298,25.141547],[114.857514,25.14529],[114.86142,25.148464],[114.87379,25.154731],[114.886811,25.157091],[114.894949,25.145575],[114.899425,25.144558],[114.903901,25.145575],[114.905854,25.148708],[114.904796,25.154608],[114.902436,25.157904],[114.900076,25.15998],[114.899018,25.162624],[114.897634,25.190619],[114.899018,25.193671],[114.892507,25.201768],[114.87794,25.211982],[114.871755,25.220323],[114.869151,25.2296],[114.865001,25.265692],[114.868744,25.273017],[114.896007,25.29267],[114.898529,25.30447],[114.891043,25.316474],[114.881602,25.327826],[114.878673,25.337673],[114.885671,25.34394],[114.911632,25.353827],[114.919688,25.358181],[114.922293,25.367743],[114.921886,25.378974],[114.924734,25.388373],[114.937022,25.392279],[114.955658,25.401557],[114.964366,25.422634],[114.96339,25.445828],[114.953705,25.461208],[114.969005,25.47545],[114.990489,25.488837],[115.003917,25.505439],[114.995209,25.529486],[115.007335,25.551866],[115.008474,25.57099],[115.002615,25.621934],[115.009288,25.642686],[115.024669,25.657782],[115.042735,25.671332],[115.057384,25.68712],[115.073253,25.686632],[115.083914,25.706488],[115.089773,25.732978],[115.091563,25.752265],[115.089692,25.761786],[115.086355,25.768378],[115.086681,25.775336],[115.103119,25.798407],[115.10255,25.807725],[115.098888,25.81745],[115.098399,25.830512],[115.110932,25.850857],[115.111908,25.858425],[115.106619,25.865831],[115.088634,25.881863],[115.084727,25.888861],[115.079845,25.892198],[115.033783,25.893907],[115.027761,25.895616],[115.023448,25.893907],[115.015717,25.885118],[115.011241,25.875515],[115.010346,25.866645],[115.007091,25.85871],[114.995209,25.85163],[114.983653,25.850857],[114.967784,25.853217],[114.953543,25.857367],[114.94752,25.862128],[114.944347,25.867296],[114.937266,25.874538],[114.930186,25.88406],[114.927013,25.896023],[114.930431,25.906358],[114.937266,25.91706],[114.942393,25.928331],[114.940684,25.940375],[114.932628,25.945258],[114.908132,25.947292],[114.899018,25.954047],[114.897472,25.966254],[114.902436,25.977729],[114.909272,25.988471],[114.917898,26.020616],[114.929779,26.034125],[114.943451,26.044379],[114.953705,26.057074],[114.959483,26.077501],[114.95753,26.091335],[114.949636,26.099962],[114.937999,26.105414],[114.909679,26.113959],[114.898529,26.120795],[114.892833,26.132148],[114.895274,26.140489],[114.918224,26.19599],[114.924571,26.207343],[114.935069,26.213894],[114.953705,26.214708],[114.919688,26.27615],[114.923839,26.305609],[114.901378,26.340644],[114.792491,26.439887],[114.786143,26.447455],[114.771251,26.45246],[114.703624,26.502143],[114.684255,26.520331],[114.671967,26.540635],[114.67628,26.560411],[114.80364,26.675564],[114.809825,26.691107],[114.81129,26.710883],[114.816417,26.736599],[114.825206,26.760932],[114.837576,26.776435],[114.854747,26.782091],[114.92335,26.790066],[114.940847,26.794216],[114.989675,26.815456],[115.002615,26.824815],[115.009939,26.862494],[114.972179,26.920681],[114.981619,26.955146],[114.995128,26.964952],[115.013601,26.975043],[115.029877,26.987901],[115.036794,27.006415],[115.03004,27.028428],[115.014171,27.040798],[114.995616,27.05036],[114.981619,27.063788],[114.974701,27.108507],[114.998139,27.142198],[115.089936,27.200507],[115.102631,27.212429],[115.109874,27.228298],[115.111908,27.252794],[115.110932,27.274482],[115.111827,27.285753],[115.115326,27.294053],[115.115245,27.302029],[115.098399,27.338731],[115.095307,27.367011],[115.091563,27.379706],[115.073416,27.412136],[115.067963,27.433173],[115.063569,27.443386],[115.063487,27.451483],[115.074148,27.454861],[115.086436,27.455146],[115.095714,27.456814],[115.10377,27.460883],[115.111908,27.468533],[115.121104,27.487657],[115.135509,27.534857],[115.149506,27.544216],[115.166515,27.550849],[115.180675,27.566474],[115.214936,27.626044],[115.220632,27.632921],[115.229015,27.637274],[115.249278,27.643581],[115.276134,27.662462],[115.314382,27.680772],[115.330496,27.695095],[115.331554,27.699286],[115.329682,27.710476],[115.330496,27.714911],[115.333018,27.71662],[115.342214,27.720567],[115.344737,27.722357],[115.368337,27.753852],[115.372081,27.759874],[115.375418,27.780788],[115.383881,27.804389],[115.425304,27.874945],[115.431733,27.893012],[115.436127,27.959011],[115.440115,27.977403],[115.447765,27.996039],[115.483165,28.056016],[115.492198,28.065009],[115.51588,28.069159],[115.532725,28.080186],[115.557058,28.11282],[115.583018,28.13699],[115.622081,28.159206],[115.666515,28.176947],[115.707937,28.187852],[115.757742,28.189887],[115.772634,28.198432],[115.783376,28.21369],[115.789236,28.228135],[115.798757,28.238878],[115.820811,28.243109],[115.833018,28.247504],[115.846609,28.258246],[115.858409,28.271755],[115.865489,28.284044],[115.868175,28.300482],[115.864838,28.3133],[115.851736,28.339301],[115.841726,28.392524],[115.834483,28.400743],[115.824474,28.40587],[115.819591,28.418728],[115.8178,28.451687],[115.820323,28.468695],[115.825287,28.481391],[115.828054,28.493923],[115.823985,28.510606],[115.796641,28.565253],[115.803233,28.581],[115.807384,28.606147],[115.815929,28.629462],[115.834483,28.639716],[115.885916,28.71544],[115.901134,28.751247],[115.911143,28.769151],[115.938569,28.787543],[115.981537,28.853298],[115.98642,28.879014],[115.989024,28.886786],[116.001475,28.902045],[116.007091,28.911648],[116.01295,28.938015],[116.027354,28.974189],[116.029877,28.996649],[116.023204,29.037624],[116.018565,29.046454],[116.004893,29.066352],[116.002045,29.075466],[116.001069,29.085964],[115.996755,29.106391],[115.997162,29.180243],[115.995942,29.188422],[116.002208,29.208523],[115.998953,29.230007],[115.981944,29.279161]]}},{"type":"Feature","properties":{"name":"Krishna","scalerank":6},"geometry":{"type":"LineString","coordinates":[[78.997162,16.230292],[79.00644,16.237738],[79.021658,16.247138],[79.042898,16.245673],[79.091563,16.228827],[79.110281,16.231269],[79.136322,16.227851],[79.160574,16.219346],[79.184093,16.221015],[79.201427,16.228624],[79.210053,16.236599],[79.214773,16.244493],[79.221202,16.265489],[79.226573,16.289496],[79.229015,16.310492],[79.233409,16.330512],[79.229991,16.341742],[79.218761,16.360907],[79.211518,16.377265],[79.208263,16.388699],[79.21046,16.40823],[79.214773,16.429714],[79.2199,16.473334],[79.213471,16.493232],[79.217377,16.504462],[79.233409,16.523627],[79.247813,16.554023],[79.265636,16.569607],[79.283621,16.575222],[79.298757,16.57807],[79.313406,16.579372]]}},{"type":"Feature","properties":{"name":"Krishna","scalerank":6},"geometry":{"type":"LineString","coordinates":[[73.796397,17.991807],[73.839285,17.982733],[73.856049,17.976182],[73.931407,17.910264],[73.947276,17.888129],[73.964366,17.849392],[73.97462,17.816759],[73.983165,17.804877],[74.036062,17.765245],[74.042247,17.746609],[74.04599,17.703192],[74.053722,17.686469],[74.072032,17.671942],[74.110281,17.653917],[74.125418,17.641791],[74.139415,17.614814],[74.146088,17.578966],[74.142507,17.5421],[74.125418,17.51203],[74.108816,17.501085],[74.09669,17.497382],[74.090343,17.490546],[74.091319,17.470404],[74.09433,17.461453],[74.103119,17.444607],[74.104991,17.432563],[74.10377,17.410753],[74.104584,17.399482],[74.108409,17.391628],[74.177664,17.304145],[74.204845,17.292304],[74.20989,17.281602],[74.19337,17.234687],[74.198171,17.224066],[74.203136,17.221137],[74.211436,17.213975],[74.219005,17.205105],[74.22169,17.196723],[74.217296,17.189032],[74.208425,17.183539],[74.187511,17.176215],[74.203217,17.154364],[74.234304,17.13703],[74.26946,17.12873],[74.297374,17.13406],[74.297944,17.126492],[74.302257,17.114285],[74.30364,17.107286],[74.323741,17.120388],[74.336355,17.120063],[74.366222,17.100531],[74.358897,17.088243],[74.359874,17.077094],[74.366466,17.066514],[74.375906,17.055854],[74.377533,17.050564],[74.37851,17.035264],[74.379324,17.031602],[74.386241,17.030341],[74.391043,17.032986],[74.39446,17.036566],[74.396983,17.038438],[74.404226,17.040595],[74.411062,17.044745],[74.419932,17.047634],[74.433442,17.045925],[74.444916,17.040229],[74.453543,17.032294],[74.458751,17.022488],[74.461192,17.011094],[74.457774,17.004665],[74.45045,17.000067],[74.448009,16.993435],[74.463796,16.972113],[74.471283,16.959174],[74.480561,16.947333],[74.491954,16.942247],[74.508311,16.934394],[74.525645,16.916287],[74.55071,16.881415],[74.539968,16.869412],[74.53297,16.863389],[74.53297,16.856024],[74.543224,16.839871],[74.551524,16.829535],[74.562104,16.821112],[74.576182,16.815253],[74.608897,16.810818],[74.623464,16.804267],[74.634776,16.794257],[74.639415,16.781521],[74.646251,16.768744],[74.662364,16.759548],[74.680756,16.752061],[74.694591,16.744249],[74.671153,16.729926],[74.615896,16.719997],[74.605235,16.699815],[74.614024,16.678046],[74.634939,16.659451],[74.680919,16.634385],[74.680919,16.628201],[74.665294,16.627509],[74.64446,16.624376],[74.630626,16.61697],[74.635916,16.603339],[74.662527,16.578315],[74.678152,16.569119],[74.698009,16.565497],[74.705007,16.56741],[74.721202,16.579779],[74.730561,16.584174],[74.73463,16.585639],[74.779307,16.59101],[74.793468,16.597683],[74.804454,16.613878],[74.804617,16.627061],[74.801768,16.640448],[74.806163,16.650743],[74.846446,16.657091],[74.872488,16.666856],[74.88974,16.669135],[74.901866,16.662055],[74.90797,16.647488],[74.916433,16.634955],[74.934825,16.634385],[74.948822,16.644558],[74.956065,16.658149],[74.964692,16.670111],[74.982595,16.67536],[74.987722,16.666612],[74.99464,16.65998],[75.009858,16.648017],[75.023529,16.633897],[75.094819,16.540107],[75.105479,16.51085],[75.136729,16.528632],[75.151296,16.540107],[75.160085,16.551825],[75.160655,16.563666],[75.156749,16.576606],[75.154552,16.590766],[75.160085,16.606472],[75.187511,16.627712],[75.217214,16.626654],[75.244151,16.612372],[75.263194,16.59337],[75.283946,16.604356],[75.3178,16.586249],[75.342052,16.596788],[75.360037,16.601589],[75.374441,16.587022],[75.396007,16.547919],[75.396007,16.544745],[75.396495,16.541815],[75.40032,16.538153],[75.404796,16.537218],[75.416108,16.538886],[75.420909,16.538153],[75.438487,16.527289],[75.451915,16.514594],[75.459076,16.495307],[75.450613,16.475938],[75.438406,16.456366],[75.4345,16.436347],[75.439708,16.425157],[75.446869,16.423204],[75.476166,16.433214],[75.481863,16.437364],[75.485362,16.443305],[75.493093,16.452826],[75.516612,16.469509],[75.530935,16.466132],[75.551768,16.436347],[75.568126,16.428656],[75.585053,16.43419],[75.604991,16.444159],[75.629893,16.449408],[75.640717,16.446234],[75.65797,16.432074],[75.663829,16.4289],[75.700206,16.419257],[75.7081,16.41531],[75.713145,16.407335],[75.718272,16.388007],[75.721772,16.381171],[75.750662,16.365058],[75.755951,16.364081],[75.785574,16.349066],[75.7942,16.346381],[75.80657,16.348456],[75.823985,16.357978],[75.831635,16.360663],[75.850515,16.358588],[75.87322,16.35102],[75.892589,16.340522],[75.900645,16.329657],[75.91155,16.321967],[75.983165,16.312201],[75.995372,16.305732],[76.024506,16.283067],[76.034272,16.278103],[76.053233,16.271796],[76.058849,16.256619],[76.058197,16.222846],[76.0796,16.197781],[76.118663,16.190212],[76.163259,16.188666],[76.201671,16.181912],[76.239024,16.16352],[76.257823,16.15705],[76.280772,16.154568],[76.286388,16.16002],[76.29127,16.171942],[76.297862,16.183905],[76.308116,16.189317],[76.321788,16.191596],[76.330984,16.197699],[76.367768,16.243109],[76.382823,16.253485],[76.403901,16.257636],[76.424897,16.254014],[76.442882,16.247585],[76.459402,16.244412],[76.476573,16.2508],[76.534434,16.316474],[76.544932,16.322781],[76.552257,16.33629],[76.570079,16.342068],[76.61321,16.346381],[76.6303,16.355414],[76.654877,16.381863],[76.685313,16.390652],[76.736501,16.41531],[76.753022,16.428534],[76.762218,16.434109],[76.773936,16.436347],[76.784272,16.432074],[76.796397,16.424099],[76.809255,16.419501],[76.822276,16.425482],[76.829519,16.430976],[76.846121,16.438178],[76.852631,16.442572],[76.858897,16.451931],[76.867931,16.474677],[76.874522,16.483507],[76.891124,16.489325],[76.933604,16.496405],[76.944021,16.510565],[76.948822,16.51142],[76.959483,16.51085],[76.967296,16.511786],[76.968272,16.514472],[76.967377,16.518826],[76.974376,16.535834],[76.975352,16.54682],[76.978526,16.556912],[76.990001,16.565497],[76.997651,16.550727],[77.006358,16.527126],[77.018077,16.509955],[77.051524,16.518988],[77.070567,16.510565],[77.099864,16.490343],[77.134532,16.481798],[77.148692,16.471991],[77.154389,16.452826],[77.165457,16.441514],[77.259044,16.415351],[77.393972,16.381171],[77.410655,16.379421],[77.473155,16.381171],[77.493256,16.378241],[77.551687,16.353217],[77.571707,16.347927],[77.623953,16.353217],[77.645763,16.351996],[77.73463,16.326606],[77.860362,16.248806],[77.897716,16.219753],[77.911388,16.201443],[77.935802,16.140937],[77.952566,16.122748],[77.989757,16.098497],[78.059093,16.033962],[78.072358,16.024848],[78.116791,16.01085],[78.128347,16.00373],[78.138438,15.990749],[78.148529,15.974189],[78.160574,15.958808],[78.176036,15.949164],[78.192149,15.94949],[78.212169,15.956081],[78.231212,15.966091],[78.244395,15.976426],[78.254161,15.991767],[78.255951,16.005683],[78.251964,16.020575],[78.244395,16.03852],[78.261974,16.035183],[78.280854,16.027615],[78.299815,16.022813],[78.316335,16.02794],[78.332042,16.052069],[78.341563,16.059434],[78.353526,16.05268],[78.378835,16.075873],[78.399994,16.083441],[78.464285,16.085761],[78.499766,16.093777],[78.511485,16.091986],[78.519623,16.086941],[78.532644,16.072089],[78.539561,16.065538],[78.549327,16.060126],[78.559662,16.056708],[78.570404,16.055365],[78.581554,16.056179],[78.629161,16.071112],[78.6456,16.071601],[78.656505,16.067572],[78.684174,16.046332],[78.73406,16.0303],[78.760916,16.027696],[78.791108,16.034532],[78.819021,16.048407],[78.839447,16.066718],[78.845795,16.085476],[78.839122,16.124823],[78.841238,16.14293],[78.846934,16.150743],[78.853445,16.152167],[78.860281,16.149278],[78.874766,16.140326],[78.881847,16.138292],[78.889415,16.138983],[78.897716,16.142768],[78.902599,16.146552],[78.905772,16.150743],[78.907644,16.155626],[78.908946,16.161444],[78.922862,16.189765],[78.947195,16.205837],[78.997162,16.230292]]}},{"type":"Feature","properties":{"name":"Krishna","scalerank":6},"geometry":{"type":"LineString","coordinates":[[79.313406,16.579372],[79.337983,16.585232],[79.406261,16.587226],[79.417735,16.590196],[79.427419,16.596788],[79.435069,16.603461],[79.440359,16.606472],[79.44101,16.609565],[79.477061,16.631781],[79.496349,16.640163],[79.504324,16.641872],[79.516531,16.639838],[79.53297,16.630398],[79.542491,16.628201],[79.550548,16.629706],[79.557384,16.633734],[79.570242,16.644884],[79.574799,16.646837],[79.584972,16.648546],[79.586925,16.651435],[79.587494,16.656806],[79.589366,16.662299],[79.591807,16.666775],[79.59433,16.669135],[79.605724,16.671658],[79.62379,16.66828],[79.634695,16.669135],[79.646251,16.674018],[79.668061,16.686469],[79.679698,16.689032],[79.720876,16.689032],[79.730479,16.693793],[79.745616,16.716498],[79.751964,16.723741],[79.771658,16.727118],[79.7942,16.721788],[79.812592,16.711493],[79.826264,16.692084],[79.861501,16.70661],[79.882335,16.703233],[79.889089,16.691026],[79.909679,16.631293],[79.914561,16.628363],[79.947195,16.628201],[79.9581,16.630439],[79.963471,16.636501],[79.97169,16.654853],[80.025808,16.713202],[80.028819,16.725043],[80.042979,16.738552],[80.046153,16.747626],[80.046641,16.759467],[80.048106,16.76793],[80.052989,16.785224],[80.073334,16.822862],[80.097911,16.820095],[80.120535,16.791327],[80.135671,16.751044],[80.138113,16.732367],[80.135671,16.672227],[80.140391,16.658271],[80.151785,16.646918],[80.175873,16.628201],[80.184825,16.618598],[80.192393,16.612413],[80.272065,16.579779],[80.291921,16.587592],[80.313731,16.586737],[80.358409,16.579779],[80.367117,16.576361],[80.379649,16.56977],[80.390717,16.565538],[80.3956,16.5692],[80.397553,16.579779],[80.403331,16.584093],[80.423595,16.587226],[80.424734,16.586615],[80.44394,16.587226],[80.449962,16.588406],[80.459239,16.592963],[80.465261,16.59337],[80.47047,16.592149],[80.476003,16.589911],[80.486827,16.583319],[80.495616,16.576199],[80.502452,16.5692],[80.509939,16.564236],[80.528575,16.560818],[80.53655,16.555528],[80.55128,16.538357],[80.567475,16.524522],[80.603038,16.505805],[80.620697,16.493964],[80.635753,16.468573],[80.683035,16.436347],[80.706716,16.397325],[80.714773,16.376899],[80.717784,16.35696],[80.759288,16.305447],[80.764578,16.304999],[80.773855,16.312283],[80.779226,16.312201],[80.784272,16.307563],[80.790294,16.295681],[80.792898,16.291775],[80.799408,16.284369],[80.811534,16.267198],[80.817393,16.26378],[80.838878,16.163886],[80.868582,16.107449],[80.882742,16.013699]]}},{"type":"Feature","properties":{"name":"Selenga","scalerank":2},"geometry":{"type":"LineString","coordinates":[[106.584972,52.159166],[106.566905,52.162177],[106.545421,52.168158],[106.52589,52.17829],[106.511729,52.19363],[106.507253,52.213202],[106.508067,52.23074],[106.50294,52.243354],[106.480724,52.248236],[106.470144,52.258897],[106.470307,52.282416],[106.475678,52.305854],[106.48463,52.324978],[106.49822,52.365058],[106.497325,52.383124]]}},{"type":"Feature","properties":{"name":"Selenga","scalerank":2},"geometry":{"type":"LineString","coordinates":[[106.584972,52.159166],[106.584972,52.159247],[106.580007,52.17475],[106.573171,52.212836],[106.564057,52.240302],[106.567393,52.248643],[106.580007,52.261298],[106.591319,52.268581],[106.603526,52.271755],[106.634695,52.27558],[106.695567,52.290595],[106.725515,52.302069],[106.751964,52.316474]]}},{"type":"Feature","properties":{"name":"Selenga","scalerank":2},"geometry":{"type":"LineString","coordinates":[[106.586843,52.158881],[106.584972,52.159166]]}},{"type":"Feature","properties":{"name":"Selenga","scalerank":2},"geometry":{"type":"LineString","coordinates":[[100.699636,49.263129],[100.73585,49.272732],[100.781505,49.272162],[100.823741,49.279608],[100.850108,49.290635],[100.874766,49.29682],[100.954845,49.302924],[101.060557,49.345567],[101.086518,49.358588],[101.0949,49.364854],[101.098074,49.370673],[101.108409,49.380316],[101.173839,49.422431],[101.198741,49.430935],[101.22047,49.429958],[101.265636,49.422431],[101.303966,49.422431],[101.309662,49.425605],[101.31129,49.434353],[101.315522,49.442979],[101.322276,49.450629],[101.33074,49.45661],[101.352957,49.463487],[101.426362,49.463446],[101.444835,49.459174],[101.515717,49.428656],[101.536143,49.42532],[101.543061,49.422431],[101.546804,49.418809],[101.548106,49.414822],[101.548595,49.411078],[101.550548,49.40823],[101.566498,49.39643],[101.57724,49.390408],[101.588145,49.387763],[102.018158,49.399929],[102.066905,49.393093],[102.112315,49.3758],[102.170421,49.345282],[102.191173,49.341091],[102.290457,49.354682],[102.460134,49.345649],[102.509532,49.354682],[102.576264,49.376817],[102.687999,49.394639],[102.711029,49.395819],[102.725597,49.392605],[102.737804,49.382921],[102.748464,49.378445],[102.760509,49.380235],[102.776947,49.389472],[102.781505,49.378119],[102.786632,49.368598],[102.793875,49.360704],[102.804454,49.354682],[102.817882,49.351915],[102.831147,49.353868],[102.841319,49.360622],[102.853526,49.390082],[102.87379,49.396023],[102.898448,49.394355],[103.062022,49.342108],[103.112804,49.334825],[103.211843,49.341091],[103.221446,49.337836],[103.234955,49.323798],[103.242931,49.320583],[103.284272,49.3192],[103.29713,49.320583],[103.3095,49.325507],[103.312022,49.331366],[103.310802,49.336859],[103.311453,49.341091],[103.322358,49.348334],[103.330333,49.350287],[103.397065,49.341091],[103.409679,49.3428],[103.441173,49.354682],[103.547537,49.361518],[103.569347,49.365994],[103.61671,49.387559],[103.887706,49.47248],[103.904552,49.48196],[103.924815,49.488308],[104.273936,49.471137],[104.312511,49.483588],[104.380951,49.526679],[104.424327,49.561062],[104.448171,49.57571],[104.473074,49.581814],[104.482188,49.585801],[104.489513,49.595242],[104.500499,49.613105],[104.510916,49.621934],[104.521983,49.627956],[104.545421,49.63703],[104.62558,49.652777],[104.643891,49.660915],[104.664154,49.67296],[104.692963,49.680854],[104.723725,49.684882],[104.795828,49.684678],[104.817882,49.689643],[104.846446,49.71015],[104.854747,49.710476],[104.864187,49.707343],[104.883393,49.704169],[104.892589,49.69953],[104.897553,49.698432],[104.903819,49.70071],[104.909272,49.705634],[104.914643,49.712714],[104.945079,49.714667],[104.958018,49.71894],[104.963145,49.729438],[104.96933,49.738471],[104.983653,49.745673],[105.011485,49.75373],[105.134695,49.755805],[105.147472,49.762763],[105.167979,49.794623],[105.186046,49.813585],[105.207123,49.823798],[105.231863,49.827948],[105.285818,49.831244],[105.41505,49.858832],[105.4345,49.871405],[105.442312,49.894232],[105.450043,49.906073],[105.468191,49.91946],[105.504405,49.938666],[105.743907,50.020128],[105.77296,50.039089],[105.798595,50.100287],[105.83074,50.122382],[105.869395,50.137315],[105.901541,50.14411],[105.943777,50.143012],[105.964773,50.14529],[106.031668,50.180365],[106.035248,50.185085],[106.045421,50.189561],[106.138601,50.24787],[106.155365,50.253974],[106.147227,50.266221],[106.134939,50.301785],[106.127615,50.312201],[106.120616,50.317816],[106.100841,50.328437],[106.091075,50.335557],[106.083263,50.343329],[106.077403,50.352403],[106.073009,50.363837],[106.073009,50.399441],[106.069835,50.404812],[106.058849,50.415595],[106.064708,50.439276],[106.081554,50.462917],[106.111827,50.477973],[106.131602,50.496772],[106.138276,50.501003],[106.150076,50.502509],[106.189545,50.514024],[106.191824,50.516913],[106.192556,50.521552],[106.1963,50.525824],[106.207042,50.527655],[106.259939,50.528347],[106.272472,50.531317],[106.282156,50.538275],[106.285492,50.553982],[106.271902,50.566107],[106.252208,50.577012],[106.236827,50.589179],[106.236095,50.620714],[106.300548,50.678534],[106.312511,50.713324],[106.300141,50.768134],[106.298839,50.791815],[106.292979,50.813422],[106.268321,50.842719],[106.264659,50.863471],[106.268647,50.874864],[106.282237,50.894843],[106.288503,50.920111],[106.302989,50.934638],[106.306244,50.942654],[106.312266,50.951239],[106.326427,50.95539],[106.354015,50.959662],[106.36378,50.966091],[106.375499,50.981635],[106.380789,50.987006],[106.404796,50.995876],[106.425792,51.000678],[106.433442,51.003852],[106.448253,51.01793],[106.460134,51.021104],[106.637625,51.044135],[106.65919,51.059027],[106.669932,51.076239],[106.677989,51.107611],[106.689871,51.123562],[106.762218,51.182481],[106.789643,51.216661],[106.804779,51.230292],[106.898204,51.270697],[106.920095,51.287909],[106.973237,51.307074],[106.991466,51.316596],[106.985037,51.334581],[106.98821,51.359483],[106.997081,51.384223],[107.008311,51.401638],[107.041026,51.417019],[107.046153,51.422146],[107.051199,51.433214],[107.062999,51.444403],[107.087169,51.459988],[107.127371,51.473741],[107.14739,51.48371],[107.155935,51.497504],[107.168956,51.505927],[107.30364,51.523139],[107.329682,51.532294],[107.340912,51.545966],[107.344005,51.551215],[107.364268,51.572943],[107.368337,51.582628],[107.366222,51.606228],[107.367686,51.617011],[107.40976,51.681098],[107.412364,51.692694],[107.438487,51.700141],[107.454845,51.717597],[107.467865,51.738227],[107.484386,51.754747],[107.52532,51.770819],[107.544932,51.782335],[107.560639,51.815619],[107.572765,51.827501],[107.573253,51.839789],[107.54713,51.857204],[107.525971,51.867499],[107.508393,51.878974],[107.496349,51.893988],[107.49171,51.915229],[107.488699,51.978339],[107.49171,51.994412],[107.497976,52.00434],[107.515391,52.02558],[107.519786,52.035346],[107.518565,52.047716],[107.507498,52.068223],[107.502859,52.088406],[107.493907,52.10224],[107.49171,52.107978],[107.48821,52.110216],[107.472992,52.13349],[107.470714,52.138373],[107.443451,52.150987],[107.417898,52.149604],[107.3921,52.142524],[107.068289,52.126166],[106.949229,52.084662],[106.932872,52.073188],[106.884776,52.06269],[106.87851,52.060004],[106.857188,52.047187],[106.847585,52.042792],[106.793875,52.036444],[106.749522,52.047797],[106.631114,52.110622],[106.597341,52.141791],[106.584972,52.159166]]}},{"type":"Feature","properties":{"name":"Angara","scalerank":6},"geometry":{"type":"LineString","coordinates":[[103.374115,53.107245],[103.365815,53.14407],[103.361501,53.181749],[103.377371,53.221137],[103.40504,53.281073],[103.413178,53.340399],[103.411225,53.386583],[103.393158,53.457953],[103.367768,53.521918],[103.370209,53.563178],[103.380056,53.628689],[103.374604,53.678982],[103.34669,53.710557],[103.308442,53.756863],[103.271007,53.804958],[103.247813,53.853949],[103.231293,53.895575],[103.192312,53.942247],[103.15797,53.982449],[103.108816,54.017401],[103.047455,54.053249],[103.011648,54.101142],[102.99171,54.15001],[103.004242,54.194119],[103.028819,54.238145],[103.072765,54.280951],[103.119558,54.320095],[103.157725,54.348497],[103.201427,54.375922],[103.232921,54.39765],[103.256114,54.423163],[103.259044,54.468614],[103.25351,54.51496],[103.250662,54.551296],[103.249929,54.589464],[103.242442,54.631415],[103.234955,54.656521],[103.196218,54.691474],[103.151785,54.716091],[103.11378,54.732123],[103.082286,54.747138],[103.069835,54.773017],[103.064871,54.812934],[103.08017,54.860907],[103.102143,54.909776],[103.153087,54.951687],[103.215017,54.984239],[103.254975,55.021186],[103.303233,55.074815],[103.335948,55.129462],[103.337983,55.169216],[103.334972,55.21837],[103.333018,55.272244],[103.309255,55.332872],[103.280854,55.385199],[103.256602,55.412665],[103.22755,55.441026],[103.202159,55.476915],[103.184093,55.51557],[103.183849,55.548774],[103.194021,55.591254],[103.208751,55.635525],[103.215017,55.676947],[103.205007,55.718329],[103.190359,55.75141],[103.142833,55.785834],[103.074799,55.822211],[103.031342,55.852891],[103.006602,55.889228],[102.992117,55.924872],[102.999115,55.969916],[103.001069,56.022162],[102.970632,56.071641],[102.919851,56.122585],[102.855072,56.162299],[102.780772,56.185248],[102.677664,56.200792],[102.593028,56.206855],[102.518891,56.208279],[102.44044,56.205268],[102.35849,56.184638],[102.271007,56.165107],[102.198416,56.147406],[102.126231,56.1258],[102.049408,56.112616],[101.97755,56.092637],[101.937755,56.067939],[101.894216,56.054307],[101.848399,56.060655],[101.799327,56.08751],[101.768891,56.124132],[101.762706,56.179063],[101.780935,56.240098],[101.803233,56.290798]]}},{"type":"Feature","properties":{"name":"Angara","scalerank":6},"geometry":{"type":"LineString","coordinates":[[106.497325,52.383124],[106.489838,52.400417],[106.467459,52.416531],[106.417979,52.425482],[106.353608,52.40998],[106.267589,52.385118],[106.154877,52.338324],[106.02296,52.254014],[105.810069,52.042792],[105.682628,51.957221],[105.572032,51.902655],[105.470876,51.86282],[105.252371,51.820868],[105.031342,51.800889],[104.94337,51.811876],[104.894542,51.830186],[104.878347,51.856391],[104.866954,51.870185],[104.865733,51.871527]]}},{"type":"Feature","properties":{"name":"Angara","scalerank":6},"geometry":{"type":"LineString","coordinates":[[104.866954,51.870185],[104.829845,51.908393],[104.816742,51.916287],[104.743907,51.939236],[104.729015,51.947211],[104.588471,52.056016],[104.545502,52.100938],[104.541515,52.106757],[104.539561,52.107245],[104.537364,52.108425],[104.533376,52.110907],[104.530528,52.112372],[104.50823,52.11994],[104.489268,52.122992],[104.484874,52.124579],[104.482188,52.126166],[104.479747,52.128363],[104.469493,52.14114],[104.452566,52.15705],[104.439464,52.174994],[104.410167,52.204779],[104.406179,52.207628],[104.360932,52.224555],[104.350352,52.226508],[104.33253,52.24079],[104.293793,52.263373],[104.280365,52.279731],[104.287852,52.29975],[104.296316,52.315253],[104.295909,52.332953],[104.288829,52.350165],[104.277354,52.364325],[104.256277,52.371202],[104.194428,52.38227],[104.181651,52.395331],[104.171397,52.399115],[104.112804,52.432563],[104.081716,52.472032],[104.062592,52.488105],[103.996104,52.500841],[103.986827,52.504584],[103.978038,52.514187],[103.975108,52.520128],[103.977306,52.544298],[103.978933,52.549425],[103.97934,52.554714],[103.976166,52.562934],[103.945567,52.600775],[103.935313,52.635565],[103.930919,52.644599],[103.920909,52.653266],[103.88087,52.678005],[103.859467,52.687079],[103.844819,52.68948],[103.812429,52.690009],[103.798595,52.693305],[103.77589,52.711127],[103.738292,52.754503],[103.716238,52.762152],[103.716238,52.768378],[103.727794,52.775824],[103.726166,52.78144],[103.719656,52.785753],[103.716238,52.789496],[103.719737,52.79796],[103.728038,52.810736],[103.72991,52.816759],[103.725108,52.848456],[103.716238,52.878241],[103.705577,52.89411],[103.691417,52.909369],[103.660818,52.933458],[103.606863,52.954169],[103.598888,52.963935],[103.575694,52.974148],[103.434581,52.99494],[103.394786,53.006415],[103.382742,53.034125],[103.381114,53.067735],[103.374115,53.107245]]}},{"type":"Feature","properties":{"name":"Ertis","scalerank":2},"geometry":{"type":"LineString","coordinates":[[83.36378,49.643866],[83.374115,49.631415],[83.411388,49.614366],[83.438406,49.588935],[83.4699,49.577338],[83.508556,49.577745],[83.54713,49.571153],[83.582286,49.556505],[83.615164,49.52794],[83.645518,49.495185],[83.683035,49.478583],[83.726166,49.470526],[83.760265,49.460069],[83.785167,49.455878],[83.847667,49.452501],[83.873139,49.446397],[83.897716,49.428494],[83.920421,49.406765],[83.940847,49.391466],[83.965017,49.381903],[84.043549,49.339545],[84.100027,49.294867],[84.155854,49.256374],[84.17864,49.237901],[84.200776,49.210476],[84.218272,49.17829],[84.214447,49.152533],[84.203298,49.132392],[84.161632,49.112982],[84.115245,49.096381],[84.034597,49.082709],[83.989757,49.066921],[83.947683,49.04918],[83.906179,49.038194],[83.845795,49.028144],[83.791026,49.015896],[83.753917,49.004503],[83.683442,48.97724],[83.592703,48.948676],[83.564871,48.94123],[83.53419,48.918891],[83.493256,48.864285],[83.468272,48.837592],[83.449962,48.807156],[83.439382,48.764187],[83.43629,48.731391],[83.445079,48.705186],[83.458588,48.674343],[83.472097,48.633857],[83.477143,48.58869],[83.472341,48.553168],[83.479747,48.516669],[83.493093,48.47956],[83.526866,48.44713],[83.576101,48.421413],[83.60377,48.401231],[83.618093,48.37934],[83.61378,48.360216],[83.55421,48.33043],[83.516775,48.313829],[83.501964,48.298163],[83.48878,48.263739],[83.489675,48.231147],[83.52003,48.196357],[83.572765,48.154161],[83.804861,48.078437],[83.859386,48.041205],[83.90919,48.01142],[84.009776,47.958075],[84.075694,47.91413],[84.135183,47.863715],[84.198334,47.776801],[84.241954,47.745795],[84.260509,47.734931],[84.282807,47.725898],[84.302989,47.726264],[84.339936,47.732123],[84.356863,47.732123]]}},{"type":"Feature","properties":{"name":"Ertis","scalerank":2},"geometry":{"type":"LineString","coordinates":[[79.072846,50.617051],[79.035655,50.61164],[79.017589,50.612006],[78.979503,50.631456],[78.954682,50.63288],[78.901541,50.630154],[78.817963,50.644314],[78.743907,50.672309],[78.710378,50.692491],[78.637462,50.747829],[78.621104,50.754218],[78.599539,50.755968],[78.58074,50.75495],[78.563406,50.756903],[78.545339,50.767279],[78.539806,50.773871],[78.528331,50.791042],[78.521658,50.798651],[78.512625,50.803331],[78.502859,50.804511],[78.493175,50.806952],[78.483897,50.815741],[78.482188,50.827704],[78.454519,50.83747],[78.365245,50.8581],[78.35377,50.864081],[78.343028,50.873725],[78.330577,50.879503],[78.297293,50.881049],[78.282481,50.887722],[78.270437,50.900702],[78.244395,50.939236],[78.242198,50.945176],[78.243175,50.949652],[78.241954,50.95246],[78.233816,50.953477],[78.22755,50.955024],[78.219819,50.959011],[78.212983,50.964219],[78.210216,50.969591],[78.202403,51.002387],[78.183116,51.014106],[78.158376,51.018175],[78.134532,51.02794],[78.1421,51.047716],[78.128917,51.060981],[78.111746,51.073188],[78.107188,51.090033],[78.114187,51.092149],[78.12851,51.101833],[78.136485,51.112372],[78.124522,51.117377],[78.094656,51.115098],[78.082449,51.116563],[78.066173,51.123562],[78.094005,51.154893],[78.096202,51.16706],[78.056651,51.173163],[78.04835,51.176581],[78.035167,51.189317],[78.033132,51.197943],[78.042979,51.20364],[78.056895,51.208197],[78.066173,51.213568],[78.072358,51.235297],[78.063731,51.252753],[78.021251,51.291083],[78.012462,51.294786],[77.982351,51.298529],[77.975108,51.304714],[77.971283,51.313259],[77.963145,51.322821],[77.953624,51.327826],[77.92213,51.336453],[77.886485,51.360622],[77.86378,51.371527],[77.795665,51.453884],[77.775401,51.467882],[77.750906,51.47366],[77.739513,51.474677],[77.718679,51.479356],[77.706554,51.480414],[77.692556,51.485053],[77.687755,51.495551],[77.68629,51.506944],[77.682628,51.514594],[77.665294,51.517401],[77.626557,51.51081],[77.610281,51.518337],[77.600841,51.527371],[77.592214,51.533271],[77.572765,51.542548],[77.567393,51.543647],[77.548595,51.542548],[77.545665,51.544379],[77.542979,51.553168],[77.538585,51.555528],[77.520437,51.55268],[77.500011,51.546658],[77.483409,51.545966],[77.469168,51.576768],[77.452647,51.585313],[77.43629,51.591091],[77.428722,51.600287],[77.420909,51.668484],[77.424734,51.695624],[77.445567,51.723456],[77.449229,51.730089],[77.440522,51.73904],[77.441824,51.747341],[77.440522,51.750515],[77.437999,51.755316],[77.438243,51.759711],[77.445567,51.761583],[77.465831,51.76081],[77.469737,51.761583],[77.468842,51.775824],[77.46046,51.789984],[77.454845,51.803656],[77.462901,51.81623],[77.456065,51.830756],[77.447765,51.836982],[77.421316,51.843573],[77.405935,51.850409],[77.396658,51.857733],[77.38087,51.877712],[77.358165,51.897162],[77.333507,51.908881],[77.277354,51.925482],[77.235444,51.943468],[77.222667,51.946601],[77.177989,51.944403],[77.161876,51.946601],[77.098643,51.970893],[77.069265,51.988145],[77.065684,52.001817],[77.042898,52.037177],[77.035167,52.045925],[77.017182,52.052558],[76.979015,52.048529],[76.965912,52.052761],[76.959727,52.063666],[76.959565,52.074774],[76.961681,52.087714],[76.962494,52.104275],[76.960216,52.110053],[76.955577,52.113593],[76.950857,52.118476],[76.948985,52.127794],[76.953136,52.13227],[76.963145,52.135565],[76.97462,52.137722],[76.983816,52.138373],[76.978526,52.147732],[76.970632,52.154079],[76.960541,52.15766],[76.948985,52.158881],[76.957937,52.174343],[76.962494,52.179307],[76.9546,52.185981],[76.936046,52.197781],[76.929128,52.206651],[76.938975,52.208075],[76.947195,52.211982],[76.953136,52.218451],[76.956391,52.227118],[76.92099,52.236151],[76.914154,52.24079],[76.914561,52.251899],[76.92213,52.258165],[76.930675,52.26085],[76.935313,52.261298],[76.942312,52.274848],[76.935557,52.283962],[76.922455,52.291449],[76.911143,52.29975],[76.89088,52.326443],[76.882498,52.331895],[76.864268,52.335476],[76.848643,52.346259],[76.841807,52.347113],[76.834565,52.347276],[76.82545,52.350653],[76.819021,52.355577],[76.804291,52.371161],[76.771576,52.388983],[76.767507,52.399604],[76.784434,52.412136],[76.758311,52.424262],[76.766856,52.43122],[76.790131,52.436387],[76.808116,52.443183],[76.812022,52.451117],[76.810313,52.459052],[76.80657,52.467597],[76.804291,52.47724],[76.800141,52.489203],[76.791026,52.493598],[76.781749,52.49669],[76.777599,52.504584],[76.778331,52.537421],[76.774913,52.558417],[76.764659,52.577216],[76.743907,52.588162],[76.695323,52.588324],[76.674571,52.597724],[76.708751,52.611396],[76.708751,52.61754],[76.69573,52.625027],[76.680675,52.620225],[76.658783,52.619005],[76.642507,52.623399],[76.644542,52.635565],[76.654307,52.644355],[76.675304,52.659125],[76.68214,52.665961],[76.689708,52.688341],[76.679128,52.701239],[76.663097,52.716132],[76.654796,52.744818],[76.648855,52.751573],[76.61321,52.768378],[76.540538,52.828681],[76.516856,52.837673],[76.492442,52.833564],[76.462413,52.816759],[76.457042,52.821112],[76.453054,52.825954],[76.450287,52.831244],[76.448741,52.837266],[76.463796,52.843817],[76.47698,52.853135],[76.488048,52.864814],[76.497081,52.878241],[76.486257,52.876492],[76.455577,52.864569],[76.446056,52.871161],[76.447195,52.879421],[76.452403,52.889716],[76.455577,52.902452],[76.448741,52.905585],[76.433604,52.905056],[76.417247,52.902371],[76.406993,52.899359],[76.394054,52.892524],[76.392507,52.88821],[76.392996,52.881293],[76.391612,52.874823],[76.3838,52.872016],[76.372569,52.877265],[76.357921,52.900336],[76.349376,52.905585],[76.343191,52.906684],[76.329682,52.911811],[76.321788,52.913031],[76.315522,52.910956],[76.304454,52.901719],[76.29713,52.899359],[76.28476,52.90058],[76.269542,52.905137],[76.2588,52.912665],[76.259939,52.922919],[76.257335,52.928168],[76.241222,52.949978],[76.236339,52.96015],[76.24171,52.968777],[76.242686,52.981024],[76.239675,52.994005],[76.232595,53.00491],[76.222097,53.008897],[76.198985,53.003485],[76.191661,53.00491],[76.175548,53.019884],[76.170909,53.022244],[76.119151,53.022244],[76.107188,53.031317],[76.103119,53.041042],[76.09726,53.049872],[76.079356,53.056342],[76.059825,53.057318],[76.049246,53.052436],[76.034272,53.032172],[75.982514,53.022244],[75.967459,53.023627],[75.927826,53.035915],[75.879161,53.043809],[75.865815,53.050157],[75.872325,53.068549],[75.846772,53.085517],[75.790701,53.111029],[75.783132,53.13699],[75.78655,53.161444],[75.781179,53.179633],[75.733328,53.189154],[75.717377,53.195136],[75.702159,53.202989],[75.691417,53.210883],[75.670828,53.249783],[75.663829,53.255642],[75.596121,53.258816],[75.565196,53.268622],[75.544363,53.28913],[75.563975,53.304877],[75.571381,53.313056],[75.577891,53.32392],[75.515554,53.31863],[75.496511,53.32392],[75.478933,53.334988],[75.483979,53.339423],[75.500499,53.343126],[75.517019,53.351833],[75.526296,53.367133],[75.517019,53.372626],[75.499034,53.374376],[75.482188,53.378485],[75.467296,53.388861],[75.468435,53.395046],[75.496511,53.412665],[75.470307,53.437934],[75.4345,53.484931],[75.349132,53.529364],[75.321381,53.533759],[75.299734,53.54446],[75.263194,53.570339],[75.260671,53.57453],[75.261729,53.57921],[75.26116,53.583035],[75.25294,53.584581],[75.234874,53.583767],[75.225678,53.584499],[75.206635,53.594306],[75.166921,53.604438],[75.18808,53.611274],[75.18808,53.618109],[75.15504,53.617011],[75.139171,53.618964],[75.125987,53.625556],[75.143484,53.633979],[75.141531,53.64704],[75.118582,53.672716],[75.114675,53.681098],[75.112071,53.690212],[75.107188,53.697577],[75.085053,53.703884],[75.064138,53.717963],[75.039236,53.72602],[75.024994,53.738389],[75.014171,53.755194],[75.009858,53.772976],[75.018565,53.787177],[75.034923,53.799913],[75.045502,53.815456],[75.036632,53.837836],[75.066335,53.88935],[75.075776,53.918402],[75.083995,53.929023],[75.084727,53.941962],[75.067556,53.964423],[75.029307,53.983466],[74.993582,53.985622]]}},{"type":"Feature","properties":{"name":"Ertis","scalerank":2},"geometry":{"type":"LineString","coordinates":[[79.072846,50.617051],[79.059255,50.617051]]}},{"type":"Feature","properties":{"name":"Ertis","scalerank":2},"geometry":{"type":"LineString","coordinates":[[83.36378,49.643866],[83.362722,49.650092],[83.362722,49.655056],[83.361257,49.659491],[83.355724,49.664333],[83.358897,49.668158],[83.36378,49.678005],[83.236827,49.671739],[83.208751,49.674872],[83.154552,49.688544],[83.126964,49.691677],[83.064952,49.691677],[83.049815,49.694525],[83.043875,49.701687],[83.040619,49.710639],[83.03419,49.71894],[83.009288,49.726142],[82.986257,49.726508],[82.974864,49.735175],[82.985769,49.767361],[82.975597,49.769599],[82.966889,49.774237],[82.960704,49.78144],[82.958507,49.791287],[82.957449,49.804023],[82.954112,49.80744],[82.947765,49.808702],[82.937999,49.815131],[82.888764,49.863796],[82.813243,49.909491],[82.793956,49.918158],[82.77003,49.921495],[82.727061,49.910468],[82.705089,49.911322],[82.698416,49.915473],[82.691905,49.922553],[82.686697,49.929796],[82.684662,49.934923],[82.679698,49.941596],[82.667572,49.943915],[82.643891,49.944892],[82.606619,49.95661],[82.506602,50.014431],[82.489268,50.02086],[82.482595,50.024278],[82.475515,50.030829],[82.468842,50.038845],[82.462576,50.044786],[82.455089,50.046332],[82.444428,50.041083],[82.421479,50.051703],[82.365896,50.05032],[82.34547,50.058417],[82.317475,50.083767],[82.314138,50.092882],[82.315033,50.116075],[82.311453,50.123969],[82.300548,50.137274],[82.279796,50.154853],[82.273204,50.164618],[82.259044,50.209011],[82.248464,50.227362],[82.224864,50.227078],[82.164154,50.206366],[82.157237,50.205593],[82.151459,50.207628],[82.148448,50.217353],[82.143484,50.219794],[82.132335,50.219591],[82.11964,50.217841],[82.107595,50.214301],[82.099132,50.209011],[82.079519,50.202501],[82.052989,50.206651],[82.005626,50.219794],[81.978038,50.220282],[81.900076,50.212429],[81.891368,50.209296],[81.876231,50.195624],[81.865733,50.192491],[81.854747,50.193956],[81.829519,50.201728],[81.821381,50.205593],[81.774018,50.259589],[81.75587,50.267646],[81.738048,50.262722],[81.725027,50.252794],[81.709565,50.245063],[81.684093,50.246527],[81.645518,50.262274],[81.575287,50.308173],[81.533946,50.328437],[81.510753,50.334174],[81.434093,50.335883],[81.407481,50.332099],[81.355968,50.31684],[81.327891,50.315456],[81.305431,50.321234],[81.266124,50.338975],[81.215017,50.3463],[81.193858,50.355251],[81.155935,50.376899],[81.11614,50.393378],[81.093842,50.397284],[81.067312,50.397325],[81.040538,50.39114],[81.03183,50.393744],[81.016205,50.402899],[81.009369,50.404812],[80.99822,50.402289],[80.964854,50.383653],[80.937755,50.373236],[80.823416,50.354356],[80.787039,50.353705],[80.758881,50.357978],[80.759288,50.376899],[80.739024,50.377631],[80.680186,50.370673],[80.66269,50.374457],[80.629649,50.389716],[80.60849,50.39114],[80.500499,50.360663],[80.465261,50.356391],[80.448334,50.35871],[80.412039,50.368476],[80.293468,50.378607],[80.280528,50.381212],[80.269623,50.387763],[80.230724,50.427191],[80.223074,50.440985],[80.217377,50.459418],[80.194591,50.451606],[80.17213,50.457628],[80.149018,50.468085],[80.111339,50.477566],[80.102794,50.486436],[80.095795,50.496609],[80.087169,50.504096],[80.077403,50.504421],[80.046153,50.486762],[80.018565,50.479804],[79.94044,50.486762],[79.882335,50.465522],[79.867931,50.464423],[79.813487,50.470811],[79.792898,50.479071],[79.774913,50.492011],[79.755382,50.510606],[79.746104,50.515082],[79.736257,50.51378],[79.727306,50.509223],[79.720876,50.504096],[79.708995,50.498481],[79.698253,50.501899],[79.683116,50.514024],[79.681082,50.517401],[79.678233,50.524115],[79.674408,50.530829],[79.669444,50.534532],[79.662527,50.533149],[79.657644,50.52794],[79.653575,50.522569],[79.648936,50.52029],[79.634369,50.519599],[79.628673,50.518622],[79.62794,50.522895],[79.628429,50.538275],[79.619151,50.556342],[79.597341,50.564643],[79.552745,50.569281],[79.534923,50.576036],[79.507416,50.596015],[79.490733,50.603461],[79.481456,50.604071],[79.461518,50.601874],[79.450857,50.603461],[79.442393,50.607978],[79.424815,50.621161],[79.419526,50.623887],[79.401296,50.629747],[79.367442,50.654324],[79.34726,50.658026],[79.342052,50.654975],[79.335216,50.642524],[79.327403,50.637519],[79.316905,50.63585],[79.259776,50.636827],[79.249278,50.639716],[79.244884,50.648139],[79.245128,50.66706],[79.242117,50.675238],[79.234386,50.678534],[79.192963,50.672309],[79.181407,50.674425],[79.158295,50.683458],[79.148692,50.685329],[79.125987,50.676866],[79.126394,50.66059],[79.131765,50.644721],[79.124522,50.637519],[79.10491,50.625922],[79.092703,50.621527],[79.087169,50.627021],[79.082286,50.630723],[79.071381,50.629706],[79.052419,50.623887],[79.057058,50.619493],[79.061615,50.617499],[79.072846,50.617051]]}},{"type":"Feature","properties":{"name":"Ertis","scalerank":2},"geometry":{"type":"LineString","coordinates":[[85.2671,47.994412],[85.233328,47.998969],[85.203868,47.994696],[85.190115,47.99433],[85.17864,47.998969],[85.139415,47.967719],[85.094819,47.957546],[85.049571,47.952908],[85.007904,47.938178],[85.003673,47.933051],[84.999115,47.921088],[84.994395,47.91706],[84.988292,47.91706],[84.981944,47.919623],[84.976654,47.922675],[84.973888,47.923896],[84.940033,47.911729],[84.909109,47.905463],[84.888601,47.89411],[84.808849,47.830146],[84.792735,47.802029],[84.7706,47.796251],[84.7199,47.793565],[84.646414,47.769151],[84.59669,47.760362],[84.574962,47.748236],[84.555593,47.734483],[84.535655,47.724677],[84.490001,47.724677],[84.452403,47.718817],[84.373139,47.72488],[84.356863,47.732123]]}},{"type":"Feature","properties":{"name":"Helmand","scalerank":6},"geometry":{"type":"LineString","coordinates":[[68.489268,34.571641],[68.470714,34.558173],[68.450694,34.548936],[68.370697,34.525417],[68.361746,34.520087],[68.358002,34.512641],[68.354584,34.501085],[68.348888,34.490587],[68.338471,34.486029],[68.319753,34.490017],[68.287364,34.508328],[68.266694,34.513292],[68.211843,34.512966],[68.035655,34.497097],[68.013113,34.492458],[67.995697,34.482611],[67.977794,34.466254],[67.959402,34.453315],[67.939708,34.443712],[67.917979,34.437567],[67.739187,34.410264],[67.677257,34.385932],[67.650401,34.379218],[67.63087,34.365587],[67.619395,34.362494],[67.596772,34.360297],[67.574718,34.355048],[67.530284,34.33515],[67.430675,34.252631],[67.353608,34.216335],[67.331065,34.211697],[67.313487,34.205634],[67.296316,34.191026],[67.266205,34.15705]]}},{"type":"Feature","properties":{"name":"Helmand","scalerank":6},"geometry":{"type":"LineString","coordinates":[[67.266205,34.163194],[67.230072,34.11046],[67.221609,34.101833],[67.216075,34.091335],[67.229991,34.068142],[67.2588,34.033515],[67.261648,34.013617],[67.243337,33.977362],[67.238292,33.954372],[67.168224,33.954291],[67.149506,33.950954],[67.133718,33.939561],[67.091401,33.89289],[67.073416,33.881537],[67.029389,33.865749],[67.01295,33.855333],[66.928966,33.762803],[66.8956,33.738715],[66.875499,33.729926],[66.855235,33.72602],[66.776866,33.725369],[66.768891,33.721625],[66.752859,33.70421],[66.742686,33.695868],[66.731212,33.691514],[66.692312,33.705756],[66.671886,33.708808],[66.65504,33.684109],[66.616466,33.65823],[66.54005,33.62405],[66.51474,33.606879],[66.496674,33.603461],[66.488536,33.598415],[66.465587,33.573757],[66.45753,33.56741],[66.423269,33.546902],[66.412364,33.546088],[66.388194,33.547675],[66.378917,33.543484],[66.360037,33.52851],[66.319916,33.503974],[66.30657,33.492255],[66.297293,33.473944],[66.291026,33.450954],[66.286143,33.406602],[66.273529,33.403388],[66.196707,33.40351],[66.162201,33.388861],[66.054861,33.296942],[66.050222,33.290391],[66.046479,33.280056],[66.052989,33.2567],[66.053315,33.243964],[66.025401,33.230658],[66.011729,33.212104],[65.991303,33.170193],[65.968028,33.139228],[65.950287,33.12226],[65.933604,33.114936],[65.922781,33.106798],[65.895518,33.070176],[65.875255,33.060248],[65.866466,33.060126],[65.842296,33.06505],[65.832612,33.067003],[65.823009,33.067165],[65.81308,33.064236],[65.802989,33.057196],[65.76474,33.016628],[65.751069,33.005683],[65.723074,32.990587],[65.589366,32.942247],[65.576671,32.933376],[65.569347,32.930691],[65.551768,32.931912],[65.545665,32.929958],[65.53948,32.920518],[65.540619,32.914415],[65.544444,32.909369],[65.545665,32.903266],[65.539561,32.885606],[65.538829,32.879014],[65.535737,32.869981],[65.528901,32.864569],[65.521983,32.861192],[65.518972,32.858222],[65.511241,32.852403],[65.495616,32.845038],[65.483165,32.833035],[65.484874,32.813259],[65.478038,32.813259],[65.489757,32.791531],[65.485769,32.77086],[65.464366,32.731309],[65.449229,32.691026],[65.336192,32.52029],[65.319753,32.511583],[65.326671,32.503485],[65.327566,32.496405],[65.32366,32.489366],[65.316661,32.481513],[65.312999,32.473415],[65.314871,32.46601],[65.31837,32.458604],[65.319753,32.450751],[65.314138,32.416205],[65.307628,32.401557],[65.28769,32.390408],[65.277436,32.378201],[65.268647,32.363389],[65.261322,32.33808],[65.251964,32.330837],[65.224132,32.31977],[65.209483,32.323269],[65.195567,32.3192],[65.18214,32.317328],[65.169444,32.327257],[65.153819,32.318468],[65.107432,32.299913],[65.104991,32.325751],[65.090261,32.333116],[65.073741,32.328152],[65.056407,32.303982],[65.011729,32.282253],[64.997569,32.27265],[64.966401,32.206855],[64.953543,32.186957],[64.934988,32.168402],[64.874766,32.128607],[64.84905,32.10163],[64.792084,31.991482],[64.750662,31.937201],[64.744395,31.91946],[64.73585,31.908149],[64.682221,31.881619],[64.624929,31.833319],[64.582286,31.821885],[64.559093,31.809394],[64.43214,31.720811],[64.398529,31.68769],[64.378673,31.672471],[64.353933,31.663113]]}},{"type":"Feature","properties":{"name":"Helmand","scalerank":6},"geometry":{"type":"LineString","coordinates":[[61.604096,31.204413],[61.61435,31.182807],[61.629975,31.143134],[61.636811,31.117743],[61.667003,31.065985],[61.690684,31.038031],[61.717865,31.022895],[61.746349,31.011298],[61.773448,30.994005],[61.792247,30.973456],[61.799815,30.961697],[61.804128,30.949978],[61.807872,30.881659],[61.80185,30.87877],[61.799408,30.871649],[61.797862,30.853705],[61.799327,30.852607],[61.80185,30.847235],[61.803966,30.840033],[61.804128,30.833279],[61.80071,30.829901],[61.794037,30.825873],[61.787201,30.820421],[61.783702,30.812771],[61.785167,30.805609],[61.797862,30.778632],[61.790538,30.771796],[61.819347,30.738308],[61.824718,30.733954],[61.824718,30.709744],[61.819265,30.687812],[61.81837,30.679307],[61.832123,30.559516],[61.814057,30.467475],[61.811534,30.432237],[61.854503,30.357367],[61.860932,30.350653],[61.886729,30.339789],[61.903901,30.327826],[61.916515,30.316921],[61.932384,30.308783],[61.969005,30.3039],[61.996593,30.291368],[62.011648,30.289333],[62.05185,30.291368],[62.09905,30.283067],[62.21575,30.229926],[62.427989,30.169989],[62.474539,30.164984],[62.558849,30.168524],[62.781749,30.234198],[62.821707,30.239691],[62.855072,30.253445],[62.873057,30.25788],[62.958995,30.25788],[62.984793,30.269232],[62.996511,30.271511],[63.0088,30.269721],[63.028331,30.260565],[63.038097,30.25788],[63.062592,30.261664],[63.101329,30.285671],[63.116954,30.291368],[63.134288,30.300645],[63.170177,30.345079],[63.188975,30.360297],[63.23349,30.366523],[63.2553,30.373887],[63.270925,30.401964],[63.301199,30.428168],[63.366303,30.467556],[63.415457,30.505683],[63.432384,30.515326],[63.45574,30.524115],[63.49464,30.533718],[63.515147,30.54267],[63.524099,30.555772],[63.535248,30.56505],[63.58839,30.583686],[63.606537,30.586859],[63.628673,30.581977],[63.675385,30.563585],[63.775076,30.549018],[63.808604,30.537665],[63.847585,30.530951],[63.886729,30.528917],[63.911388,30.53498],[63.924408,30.543809],[63.9546,30.556505],[63.969737,30.566352],[63.979747,30.576199],[64.010509,30.625271],[64.022716,30.65412],[64.024913,30.665351],[64.02825,30.674384],[64.035655,30.675605],[64.044526,30.674425],[64.051687,30.676215],[64.05714,30.683458],[64.063406,30.698432],[64.077159,30.717475],[64.097179,30.770535],[64.101492,30.787462],[64.103282,30.80504],[64.100108,30.819607],[64.10434,30.823432],[64.107351,30.829291],[64.107839,30.836208],[64.103526,30.843533],[64.095714,30.853135],[64.095307,30.859402],[64.098074,30.865302],[64.10198,30.887397],[64.106619,30.90119],[64.114187,30.914374],[64.124034,30.925727],[64.14088,30.950222],[64.16505,31.009833],[64.182628,31.031846],[64.165131,31.068142],[64.163015,31.086493],[64.171967,31.103868],[64.184662,31.122667],[64.187104,31.139757],[64.186453,31.156928],[64.189464,31.175849],[64.210216,31.211371],[64.22405,31.229926],[64.233897,31.237901],[64.271414,31.298774],[64.333507,31.35696],[64.35963,31.390692],[64.374441,31.429145],[64.377045,31.442939],[64.377452,31.448554],[64.367605,31.463894],[64.360362,31.471706],[64.35377,31.474677],[64.34905,31.479926],[64.347179,31.494574],[64.346772,31.624457],[64.350597,31.647244],[64.360769,31.663113]]}},{"type":"Feature","properties":{"name":"Hong","scalerank":6},"geometry":{"type":"LineString","coordinates":[[106.500987,20.299506],[106.492442,20.290229],[106.486827,20.286404],[106.480886,20.284125],[106.47462,20.283149],[106.461681,20.283271],[106.455089,20.284491],[106.449799,20.287218],[106.409434,20.31627],[106.394542,20.332953],[106.386241,20.34044],[106.354503,20.355536],[106.349132,20.364529],[106.334239,20.365587],[106.322765,20.360704],[106.302013,20.341417],[106.29127,20.334174],[106.278087,20.329535],[106.267345,20.331488],[106.263927,20.344062],[106.268077,20.356879],[106.274669,20.367458],[106.279796,20.378445],[106.279307,20.392524],[106.271983,20.406073],[106.261322,20.410956],[106.233653,20.409613],[106.21933,20.413601],[106.213878,20.424343],[106.213878,20.438585],[106.217865,20.461249],[106.217459,20.468533],[106.214447,20.47488],[106.208018,20.480089],[106.201671,20.48253],[106.195323,20.484198],[106.189464,20.486436],[106.184093,20.49079],[106.177419,20.50373],[106.171967,20.532579],[106.167572,20.546332],[106.158214,20.557929],[106.136485,20.575222],[106.129975,20.58869],[106.127615,20.616807],[106.125011,20.625067],[106.112071,20.631537],[106.076182,20.615058],[106.059255,20.616563],[106.053396,20.622341],[106.031261,20.653428],[106.026785,20.663194],[106.024913,20.673651],[106.027192,20.684597],[106.030935,20.693956],[106.032725,20.70185],[106.029877,20.708035],[106.02003,20.712348],[105.990489,20.714138],[105.981049,20.717108],[105.968272,20.731716],[105.964366,20.77086],[105.955984,20.786729],[105.947276,20.791124],[105.928233,20.795844],[105.920014,20.801296],[105.914806,20.809597],[105.91212,20.819403],[105.911143,20.829698],[105.911388,20.839626],[105.916515,20.855902],[105.923595,20.872138],[105.924571,20.886664],[105.910248,20.897773],[105.901134,20.901964],[105.896088,20.907172],[105.89503,20.914333],[105.899343,20.933865],[105.895925,20.938585],[105.890147,20.942654],[105.884532,20.949815],[105.885509,20.966742],[105.89503,20.983954],[105.90089,21.000434],[105.890717,21.015408],[105.859467,21.030585],[105.851085,21.039659],[105.846934,21.049872],[105.841075,21.070828],[105.834076,21.079128],[105.82252,21.085639],[105.748953,21.109198],[105.73821,21.113959],[105.708507,21.136786],[105.669932,21.157538],[105.656342,21.160468],[105.514089,21.167426],[105.50351,21.169501],[105.494233,21.173651],[105.477143,21.185858],[105.465343,21.196723],[105.455577,21.208523],[105.439871,21.235907],[105.433849,21.252509],[105.425873,21.29206],[105.41448,21.307156],[105.394949,21.31155],[105.373546,21.308946],[105.353526,21.301337],[105.348399,21.29206],[105.336192,21.265815],[105.329275,21.260362],[105.312022,21.259345],[105.302989,21.260932],[105.291515,21.266628],[105.268077,21.284003],[105.264171,21.290798],[105.266368,21.299831],[105.275645,21.309027],[105.277843,21.318386],[105.274669,21.333604],[105.258311,21.377305],[105.250499,21.390082],[105.224539,21.405056],[105.214854,21.3935],[105.211681,21.373481],[105.20574,21.36282],[105.200694,21.357733],[105.200857,21.347602],[105.199474,21.339911],[105.188487,21.342312],[105.183116,21.34809],[105.175385,21.37641],[105.158783,21.403998],[105.137136,21.43183],[105.086681,21.480089],[105.057384,21.496527],[105.048839,21.503038],[104.962169,21.603135],[104.953298,21.609687],[104.94337,21.614285],[104.93214,21.616034],[104.922781,21.615302],[104.920095,21.615546],[104.92099,21.620307],[104.92213,21.633409],[104.924897,21.640896],[104.930756,21.643907],[104.935557,21.647813],[104.935151,21.657579],[104.93157,21.665107],[104.926524,21.669745],[104.920828,21.673367],[104.914643,21.678087],[104.905854,21.69127],[104.90032,21.696479],[104.890717,21.698554],[104.88795,21.697455],[104.885916,21.695136],[104.883311,21.692816],[104.877452,21.691718],[104.874034,21.693874],[104.874522,21.703233],[104.870616,21.70539],[104.863048,21.707709],[104.856456,21.713162],[104.846446,21.725898],[104.812266,21.75377],[104.803396,21.763129],[104.804128,21.766466],[104.804779,21.777696],[104.803315,21.786689],[104.798839,21.791856],[104.791515,21.794257],[104.781261,21.794786],[104.7671,21.799587],[104.7553,21.810981],[104.736501,21.835761],[104.645518,21.904568],[104.640391,21.925116],[104.627615,21.923407],[104.624929,21.921983],[104.620535,21.91767],[104.59433,21.938096],[104.587413,21.949327],[104.592459,21.959255],[104.493337,22.039089],[104.490245,22.044623],[104.48642,22.044542],[104.471446,22.06448],[104.469656,22.068468],[104.421479,22.098456],[104.407644,22.109483],[104.384044,22.140489],[104.36964,22.152655],[104.364268,22.159695],[104.359793,22.171495],[104.352957,22.171495],[104.341807,22.16474],[104.33253,22.17532],[104.318858,22.205024],[104.308116,22.215277],[104.271007,22.240424],[104.264578,22.247748],[104.255626,22.261786],[104.249929,22.267768],[104.243663,22.271593],[104.230561,22.276964],[104.222667,22.281358],[104.180756,22.316026],[104.137706,22.36164],[104.126964,22.370185],[104.099132,22.383816],[104.051768,22.42414],[103.988048,22.475775],[103.977061,22.487657],[103.96933,22.500515],[103.959239,22.50727],[103.950613,22.516669],[103.940359,22.524848],[103.925141,22.528428],[103.91684,22.533474],[103.902354,22.558783],[103.894216,22.569403],[103.888194,22.571967],[103.872162,22.573798],[103.866303,22.575629],[103.843842,22.599473],[103.835948,22.602891],[103.829519,22.609402],[103.809255,22.638983],[103.804861,22.647569],[103.793956,22.659613],[103.726085,22.716498],[103.658214,22.793484],[103.646576,22.799262],[103.605398,22.837836],[103.592052,22.847724],[103.590343,22.850165],[103.589936,22.853624],[103.588878,22.857489],[103.585867,22.860704],[103.581065,22.861355],[103.568858,22.859646],[103.564708,22.860704],[103.557546,22.868476],[103.5442,22.888699],[103.519542,22.910509],[103.461843,22.943142],[103.417979,22.977566],[103.390147,22.9914],[103.36085,23.014268],[103.328543,23.032538],[103.287852,23.061632],[103.174327,23.108425],[103.132904,23.117865],[103.09547,23.122097],[103.084402,23.12462],[103.076182,23.130642],[103.064464,23.141913],[103.023448,23.156195],[102.975597,23.186347],[102.948416,23.192979],[102.940684,23.199164],[102.933849,23.206],[102.927257,23.210801],[102.918224,23.212958],[102.912039,23.212022],[102.906261,23.210517],[102.899343,23.210801],[102.891205,23.214138],[102.884532,23.218451],[102.875987,23.222235],[102.862722,23.223822],[102.854584,23.228217],[102.848399,23.247423],[102.836681,23.255316],[102.82545,23.279079],[102.81894,23.284451],[102.779226,23.299872],[102.761974,23.303982],[102.725597,23.306423],[102.714366,23.304145],[102.698009,23.294542],[102.687755,23.292751],[102.685069,23.294542],[102.600841,23.327826],[102.591563,23.337429],[102.586843,23.340684],[102.557221,23.347357],[102.54127,23.354193],[102.506765,23.379584],[102.499278,23.382107],[102.476329,23.377061],[102.466075,23.377387],[102.461843,23.385525],[102.450857,23.394639],[102.425873,23.39704],[102.379242,23.39643],[102.342377,23.405219],[102.307628,23.418809],[102.249522,23.450385],[102.208995,23.464057],[102.168386,23.46894],[102.135753,23.480536],[102.119151,23.514106],[102.10434,23.537869],[102.078298,23.552598],[102.02296,23.576768],[101.996674,23.59809],[101.986257,23.612087],[101.977794,23.642768],[101.967296,23.647528],[101.953705,23.648383],[101.94044,23.651923],[101.930919,23.659491],[101.910167,23.682644],[101.901541,23.699286],[101.891043,23.705756],[101.878429,23.710883],[101.868663,23.716742],[101.830577,23.754259],[101.827891,23.755927],[101.819835,23.759223],[101.816905,23.761094],[101.813487,23.76671],[101.812511,23.777615],[101.810639,23.782253],[101.804291,23.787299],[101.797537,23.790798],[101.79241,23.795925],[101.790131,23.805772],[101.786713,23.814968],[101.778575,23.827582],[101.768565,23.838813],[101.759776,23.843695],[101.750662,23.850898],[101.72877,23.898261],[101.717296,23.913764],[101.698009,23.911933],[101.693289,23.915391],[101.687511,23.923692],[101.682872,23.933865],[101.680919,23.942694],[101.674815,23.957709],[101.577403,24.081895],[101.571056,24.117377],[101.562999,24.126532],[101.551768,24.134101],[101.529389,24.144721],[101.529389,24.152167],[101.533621,24.163642],[101.509776,24.186876],[101.502859,24.20307],[101.500255,24.217719],[101.466319,24.319363],[101.450694,24.348212],[101.445811,24.385118],[101.440684,24.398546],[101.435069,24.401964],[101.409272,24.412869],[101.401378,24.417589],[101.397227,24.428656],[101.394054,24.441107],[101.389171,24.450059],[101.377615,24.462226],[101.318858,24.540961],[101.308116,24.545478],[101.303396,24.525824],[101.298839,24.51557],[101.287852,24.509467],[101.274343,24.507148],[101.262625,24.508409],[101.257335,24.512641],[101.247813,24.528144],[101.241466,24.535102],[101.231212,24.537055],[101.2199,24.535102],[101.210948,24.537624],[101.207286,24.552802],[101.203136,24.558417],[101.184825,24.568061],[101.180675,24.572943],[101.178722,24.584662],[101.174083,24.592068],[101.132253,24.624538],[101.12672,24.635321],[101.120209,24.660427],[101.115245,24.669216],[101.08782,24.696845],[101.041921,24.730048],[100.949474,24.835476],[100.914561,24.901394],[100.90919,24.908759],[100.904307,24.911811],[100.898529,24.913764],[100.893972,24.916693],[100.8921,24.922431],[100.894135,24.928168],[100.89796,24.932929],[100.899832,24.93769],[100.895763,24.943549],[100.866466,24.965603],[100.857921,24.973944],[100.85255,24.982123],[100.844493,25.00019],[100.837413,25.008734],[100.818858,25.025458],[100.808035,25.027411],[100.803233,25.011786],[100.799083,25.00849],[100.780284,25.002143],[100.770763,24.994696],[100.758556,24.990424],[100.744721,24.987413],[100.734386,24.987616],[100.729747,24.992011],[100.720632,25.008572],[100.713878,25.014919],[100.695079,25.019843],[100.650808,25.024359],[100.635671,25.032294],[100.616954,25.051622],[100.598237,25.064643],[100.578624,25.072618],[100.556895,25.076972],[100.521088,25.080146],[100.498627,25.087104],[100.488455,25.100531],[100.405935,25.111151],[100.366628,25.122097],[100.350515,25.132514],[100.344005,25.148708],[100.34075,25.174262],[100.33196,25.195502],[100.302989,25.234646],[100.28297,25.266872],[100.234793,25.385443],[100.225352,25.400702],[100.182872,25.443183]]}},{"type":"Feature","properties":{"name":"Yamuna","scalerank":6},"geometry":{"type":"LineString","coordinates":[[78.339936,30.915147],[78.25058,30.840277],[78.217052,30.819607],[78.131114,30.794135],[78.09547,30.775499],[78.072358,30.737657],[78.063731,30.689561],[78.053722,30.665839],[78.020518,30.64704],[78.009532,30.627305],[77.97169,30.532253],[77.9699,30.521064],[77.9581,30.511054],[77.932221,30.518419],[77.894216,30.538398],[77.885916,30.535671],[77.868175,30.522528],[77.860037,30.51793],[77.838878,30.512559],[77.791596,30.507351],[77.768565,30.498236],[77.688569,30.455268],[77.664968,30.44599],[77.64446,30.442206],[77.623139,30.441189],[77.597748,30.437079],[77.575857,30.428778],[77.565359,30.414903],[77.567475,30.40644],[77.581472,30.388983],[77.586436,30.380723],[77.587901,30.370469],[77.584972,30.325263],[77.570079,30.278266],[77.538178,30.209418],[77.513682,30.177436],[77.484304,30.15294],[77.370128,30.096503],[77.338959,30.069688],[77.323253,30.064399],[77.320323,30.060126],[77.319021,30.054511],[77.317882,30.040473],[77.315033,30.039496],[77.310802,30.040473],[77.305186,30.038153],[77.301036,30.037055],[77.289236,30.038845],[77.284679,30.038153],[77.28004,30.032986],[77.279063,30.027167],[77.279063,30.021674],[77.277354,30.017646],[77.240001,29.983507],[77.229991,29.976671],[77.220876,29.960761],[77.209727,29.9289],[77.180431,29.804307],[77.161876,29.771267],[77.156179,29.76911],[77.148448,29.770046],[77.140554,29.769802],[77.133881,29.764431],[77.132253,29.755886],[77.134939,29.747626],[77.139252,29.740017],[77.141368,29.733425],[77.137462,29.722846],[77.128184,29.714301],[77.106619,29.702338],[77.11378,29.682196],[77.087901,29.658555],[77.093679,29.640937],[77.085704,29.624091],[77.088878,29.611599],[77.095876,29.600857],[77.099864,29.589057],[77.093272,29.581163],[77.078868,29.576361],[77.064708,29.569607],[77.058116,29.555528],[77.060476,29.548611],[77.070323,29.536444],[77.072358,29.52794],[77.070811,29.511176],[77.068777,29.503038],[77.065684,29.50373],[77.077566,29.492255],[77.105235,29.495429],[77.120209,29.483832],[77.107188,29.469306],[77.072765,29.440131],[77.065684,29.424872],[77.076915,29.423936],[77.102631,29.427029],[77.130626,29.426459],[77.148204,29.414984],[77.149913,29.403428],[77.145437,29.395575],[77.138682,29.388739],[77.133881,29.380194],[77.132823,29.37226],[77.133881,29.342637],[77.13795,29.333564],[77.145518,29.32392],[77.149994,29.313341],[77.144786,29.301703],[77.134044,29.289333],[77.130626,29.280626],[77.141368,29.130398],[77.140229,29.124213],[77.137706,29.121039],[77.134939,29.119005],[77.133881,29.1164],[77.135753,29.108507],[77.140147,29.104804],[77.144949,29.102647],[77.148204,29.099677],[77.169444,29.036485],[77.195567,28.997626],[77.189708,28.988227],[77.177664,28.980658],[77.175548,28.963162],[77.20224,28.942491],[77.209727,28.935167],[77.216807,28.923692],[77.220714,28.914415],[77.2199,28.906073],[77.213145,28.897325],[77.202159,28.877061],[77.216726,28.843573],[77.206391,28.821885],[77.198416,28.813096],[77.195567,28.80683],[77.195893,28.794257],[77.197765,28.790961],[77.202403,28.790066],[77.213145,28.790595],[77.216563,28.788275],[77.216807,28.78266],[77.215831,28.776068],[77.216563,28.770697],[77.214854,28.770209],[77.216563,28.749579],[77.219249,28.74494],[77.228282,28.738715],[77.230072,28.732856],[77.229015,28.721055],[77.223888,28.700751],[77.223155,28.693956]]}},{"type":"Feature","properties":{"name":"Yamuna","scalerank":6},"geometry":{"type":"LineString","coordinates":[[77.223155,28.693956],[77.222667,28.688788],[77.222667,28.694932],[77.223155,28.693956]]}},{"type":"Feature","properties":{"name":"Yamuna","scalerank":6},"geometry":{"type":"LineString","coordinates":[[77.223155,28.693956],[77.22991,28.681423],[77.244395,28.660346],[77.250011,28.647162],[77.253184,28.610175],[77.259044,28.592597],[77.289968,28.578884],[77.303233,28.562934],[77.327403,28.519802],[77.335216,28.507921],[77.343435,28.498358],[77.352794,28.491889],[77.363292,28.489529],[77.376964,28.484198],[77.37851,28.47248],[77.375987,28.460761],[77.377208,28.45539],[77.384939,28.457628],[77.402354,28.467353],[77.407644,28.469062],[77.415294,28.465033],[77.417084,28.459784],[77.417491,28.453966],[77.424571,28.441962],[77.425222,28.435655],[77.428233,28.430732],[77.438731,28.428738],[77.456635,28.434638],[77.465831,28.434353],[77.469737,28.424994],[77.468191,28.396755],[77.475678,28.391384],[77.497081,28.393337],[77.471934,28.340522],[77.466401,28.315253],[77.487885,28.299018],[77.489513,28.286444],[77.48878,28.272569],[77.490733,28.263617],[77.503673,28.256781],[77.528901,28.253526],[77.538585,28.243109],[77.532644,28.241238],[77.528331,28.237901],[77.52589,28.232856],[77.524913,28.225775],[77.5206,28.217312],[77.511241,28.213487],[77.501557,28.211697],[77.497081,28.209011],[77.501557,28.196723],[77.528575,28.192979],[77.538585,28.181016],[77.507253,28.170274],[77.494884,28.151923],[77.495616,28.126044],[77.503835,28.092882],[77.469737,28.11282],[77.470714,28.099433],[77.476492,28.07156],[77.468028,28.046902],[77.479747,28.036485],[77.495697,28.028388],[77.503835,28.02029],[77.512299,27.99962],[77.526459,27.974473],[77.529307,27.952582],[77.503835,27.941474],[77.510509,27.91946],[77.519623,27.898261],[77.53297,27.879828],[77.551687,27.866319],[77.565033,27.863105],[77.575857,27.863105],[77.585053,27.859687],[77.593272,27.845893],[77.59433,27.833564],[77.591075,27.820258],[77.5796,27.797431],[77.605479,27.798774],[77.650483,27.811713],[77.668956,27.811103],[77.679291,27.807807],[77.68629,27.804267],[77.689871,27.797309],[77.689464,27.7838],[77.684011,27.784491],[77.67213,27.772284],[77.664561,27.757514],[77.67213,27.750312],[77.676362,27.744452],[77.687266,27.715684],[77.689464,27.704657],[77.687104,27.691352],[77.677338,27.673122],[77.675222,27.663398],[77.678233,27.654975],[77.685476,27.649237],[77.692393,27.642157],[77.69573,27.629584],[77.690359,27.621161],[77.66448,27.614203],[77.655284,27.605048],[77.664806,27.602566],[77.687429,27.602078],[77.69573,27.599433],[77.705658,27.587958],[77.7046,27.578315],[77.698985,27.567898],[77.693614,27.546088],[77.684581,27.532579],[77.682628,27.527167],[77.684581,27.514919],[77.689708,27.508368],[77.6963,27.503363],[77.703136,27.495795],[77.720714,27.436469],[77.72698,27.426866],[77.732514,27.423774],[77.73821,27.416083],[77.742442,27.406277],[77.747081,27.383083],[77.754487,27.380968],[77.771414,27.385932],[77.783946,27.392442],[77.791921,27.391669],[77.798757,27.379706],[77.796886,27.371202],[77.78183,27.352973],[77.77825,27.341864],[77.782644,27.332953],[77.792247,27.323025],[77.802419,27.314805],[77.808604,27.311469],[77.821788,27.309149],[77.827729,27.303005],[77.831635,27.294013],[77.838959,27.283515],[77.860932,27.26614],[77.865733,27.275458],[77.868175,27.293972],[77.884369,27.304023],[77.898448,27.292426],[77.902924,27.26911],[77.90919,27.251329],[77.928396,27.256212],[77.933116,27.266791],[77.933442,27.280585],[77.937104,27.29267],[77.952647,27.297797],[77.959972,27.291042],[77.959239,27.275824],[77.961192,27.259467],[77.976736,27.249376],[77.980561,27.270209],[77.993256,27.273139],[78.008067,27.265937],[78.018484,27.256212],[78.028087,27.237494],[78.031179,27.219346],[78.029307,27.200792],[78.024669,27.180487],[78.045828,27.187201],[78.055186,27.19184],[78.062755,27.197862],[78.074718,27.202094],[78.087006,27.195339],[78.099376,27.185574],[78.11085,27.180487],[78.158702,27.173651],[78.168712,27.178778],[78.17864,27.188788],[78.188894,27.195583],[78.199962,27.191026],[78.210867,27.169135],[78.20696,27.150662],[78.198741,27.132636],[78.197195,27.11225],[78.213878,27.086534],[78.235606,27.083523],[78.24822,27.093288],[78.236908,27.106024],[78.236908,27.11225],[78.251394,27.112128],[78.261241,27.10696],[78.26767,27.097357],[78.272227,27.084296],[78.28419,27.094021],[78.294851,27.116034],[78.306407,27.125271],[78.309011,27.12405],[78.330984,27.124457],[78.333751,27.125271],[78.341563,27.125922],[78.348643,27.127468],[78.354991,27.124579],[78.360362,27.11225],[78.341319,27.109646],[78.322765,27.09752],[78.307628,27.080634],[78.29892,27.063788],[78.310639,27.063259],[78.330089,27.074897],[78.343028,27.07807],[78.357514,27.075873],[78.379975,27.066026],[78.391124,27.063788],[78.411143,27.055976],[78.429861,27.037421],[78.44044,27.015001],[78.435476,26.996161],[78.456635,26.993516],[78.479015,26.981309],[78.497081,26.965277],[78.504405,26.951483],[78.507091,26.940009],[78.513927,26.929389],[78.52296,26.925645],[78.531668,26.934678],[78.527843,26.94005],[78.511241,26.981879],[78.531505,26.976874],[78.555919,26.975653],[78.5595,26.970242],[78.562511,26.946357],[78.583263,26.929063],[78.590587,26.926785],[78.593761,26.937812],[78.591401,26.939236],[78.586925,26.9442],[78.583995,26.950303],[78.586355,26.955146],[78.591726,26.956366],[78.598643,26.956],[78.604747,26.95421],[78.607432,26.951483],[78.609955,26.931708],[78.617198,26.910427],[78.62794,26.893256],[78.641612,26.886298],[78.67571,26.91413],[78.695567,26.921454],[78.703624,26.899929],[78.722341,26.915961],[78.729015,26.919013],[78.730968,26.913601],[78.752371,26.904079],[78.75823,26.899929],[78.761974,26.893866],[78.76946,26.876492],[78.771902,26.872016],[78.793712,26.867947],[78.799327,26.86579],[78.808197,26.85045],[78.815033,26.841742],[78.838878,26.831488],[78.857921,26.80329],[78.871511,26.796942],[78.906505,26.79324],[78.943289,26.783271],[78.938731,26.777899],[78.933442,26.767524],[78.928966,26.762152],[78.948985,26.76203],[78.985362,26.757514],[79.004649,26.762152],[79.002859,26.753852],[78.99879,26.746894],[78.992198,26.740912],[78.98349,26.735419],[78.993663,26.733344],[79.002533,26.728787],[79.009044,26.721503],[79.011485,26.711534],[79.015717,26.700548],[79.034597,26.692084],[79.038829,26.683946],[79.03769,26.671169],[79.038178,26.654364],[79.04599,26.641181],[79.066661,26.639228],[79.066661,26.633083],[79.062022,26.631049],[79.057058,26.627794],[79.052419,26.625596],[79.062022,26.620185],[79.080577,26.602159],[79.083507,26.598253],[79.095225,26.599636],[79.115489,26.604763],[79.127533,26.605089],[79.138601,26.602362],[79.160248,26.59337],[79.172862,26.591417],[79.180268,26.58751],[79.195404,26.569444],[79.203217,26.564154],[79.204031,26.545193],[79.231212,26.53559],[79.292735,26.52322],[79.282156,26.515326],[79.244884,26.502061],[79.261974,26.480414],[79.247651,26.467149],[79.223562,26.456977],[79.210704,26.444363],[79.21933,26.431016],[79.240001,26.433132],[79.264903,26.440009],[79.285818,26.44123],[79.296641,26.434109],[79.302664,26.423774],[79.306895,26.413438],[79.31308,26.406521],[79.324718,26.404364],[79.336843,26.40705],[79.348237,26.4112],[79.374441,26.417589],[79.416026,26.43655],[79.437266,26.44123],[79.462576,26.4383],[79.474213,26.428778],[79.477143,26.414333],[79.477061,26.396552],[79.480235,26.383857],[79.494884,26.364814],[79.498057,26.355292],[79.504161,26.349677],[79.517019,26.353827],[79.528819,26.361029],[79.532237,26.364936],[79.555431,26.360378],[79.556163,26.349189],[79.543956,26.334784],[79.528575,26.320583],[79.52296,26.304999],[79.531993,26.288031],[79.548595,26.272813],[79.566417,26.262519],[79.585541,26.258368],[79.608165,26.256049],[79.626882,26.250922],[79.634695,26.238593],[79.638438,26.219021],[79.648936,26.209662],[79.715017,26.191352],[79.72405,26.186794],[79.741303,26.173122],[79.747976,26.16413],[79.741466,26.160102],[79.738536,26.155788],[79.737315,26.146104],[79.739838,26.136501],[79.753429,26.129421],[79.766368,26.116238],[79.772472,26.11164],[79.794526,26.108995],[79.847097,26.114691],[79.864838,26.108222],[79.886485,26.091579],[79.899913,26.095282],[79.908702,26.111436],[79.922374,26.153388],[79.927419,26.162462],[79.937022,26.166287],[79.949474,26.162665],[79.95574,26.153591],[79.957774,26.141425],[79.958018,26.12873],[79.951671,26.088324],[79.958507,26.072374],[79.984793,26.06391],[80.009207,26.066026],[80.059093,26.076239],[80.080333,26.070665],[80.092784,26.054999],[80.093028,26.037055],[80.085216,26.020535],[80.073416,26.009304],[80.080496,25.998847],[80.088308,25.995063],[80.09726,25.993272],[80.107514,25.988796],[80.128429,25.971869],[80.140636,25.964138],[80.170095,25.954942],[80.193858,25.928046],[80.211192,25.920478],[80.255951,25.929511],[80.276866,25.926337],[80.285737,25.903144],[80.296886,25.891872],[80.321788,25.89643],[80.361501,25.913031],[80.406668,25.914903],[80.446381,25.90587],[80.519135,25.878933],[80.537039,25.869086],[80.545502,25.855333],[80.539968,25.843207],[80.516043,25.837958],[80.46933,25.842353],[80.459076,25.835273],[80.471446,25.810614],[80.49171,25.791327],[80.511322,25.785834],[80.557221,25.789578],[80.567556,25.786241],[80.5678,25.778347],[80.563487,25.7685],[80.560639,25.759467],[80.560557,25.744574],[80.561697,25.738145],[80.567475,25.734483],[80.580577,25.728095],[80.600515,25.721951],[80.649099,25.71365],[80.682872,25.693874],[80.705658,25.6883],[80.730479,25.686469],[80.771983,25.688422],[80.779552,25.689887],[80.786632,25.693305],[80.797944,25.712022],[80.806407,25.72309],[80.817393,25.728095],[80.828868,25.725409],[80.838634,25.71837],[80.84547,25.708441],[80.851166,25.683905],[80.85906,25.681708],[80.882253,25.68712],[80.906342,25.688096],[80.923432,25.685492],[80.933523,25.674343],[80.940522,25.625434],[80.951264,25.614285],[80.968679,25.612901],[81.012787,25.624783],[81.023204,25.625678],[81.026541,25.616889],[81.026866,25.594306],[81.0206,25.586737],[81.00823,25.579169],[80.999115,25.570665],[81.002696,25.560167],[81.009939,25.552191],[81.013438,25.547065],[81.017345,25.542548],[81.026866,25.536322],[81.064871,25.518622],[81.086843,25.511298],[81.17099,25.50019],[81.183849,25.494696],[81.192149,25.474392],[81.184255,25.457831],[81.152843,25.429877],[81.14796,25.411444],[81.157807,25.393012],[81.173106,25.378363],[81.183849,25.371161],[81.224864,25.36164],[81.24407,25.354112],[81.261241,25.329413],[81.282237,25.331732],[81.320404,25.344509],[81.344493,25.342393],[81.36671,25.333767],[81.384776,25.320258],[81.396251,25.303534],[81.383311,25.289984],[81.390636,25.280341],[81.40919,25.273749],[81.452891,25.266059],[81.47226,25.26557],[81.491466,25.268581],[81.51295,25.27558],[81.620128,25.347927],[81.660574,25.358181],[81.704112,25.359442],[81.725597,25.356757],[81.742198,25.347927],[81.760265,25.333848],[81.77825,25.327704],[81.795421,25.329942],[81.810802,25.341091],[81.811697,25.348822],[81.797374,25.366156],[81.793386,25.374579],[81.794932,25.383612],[81.799083,25.390204],[81.810802,25.402208],[81.828298,25.416368],[81.851329,25.42536],[81.87558,25.427069],[81.903087,25.414618]]}},{"type":"Feature","properties":{"name":"Narmada","scalerank":6},"geometry":{"type":"LineString","coordinates":[[81.574229,22.75373],[81.498057,22.757676],[81.461925,22.765163],[81.437755,22.787909],[81.421397,22.826443],[81.407644,22.842637],[81.385916,22.849311],[81.366466,22.851874],[81.314138,22.870429],[81.289561,22.874579],[81.280203,22.877265],[81.271251,22.882148],[81.24879,22.897773],[81.233002,22.900662],[81.190929,22.916612],[81.176524,22.925076],[81.174815,22.929063],[81.175304,22.93476],[81.174734,22.940701],[81.170339,22.945502],[81.162364,22.948269],[81.157644,22.947455],[81.153901,22.945665],[81.149832,22.945502],[81.128347,22.950873],[81.105398,22.952989],[81.084483,22.959581],[81.059581,22.972683],[81.035248,22.981879],[81.016043,22.976874],[81.013113,22.96955],[81.006358,22.935329],[81.000987,22.930447],[80.989024,22.932196],[80.931895,22.952338],[80.911713,22.955593],[80.889089,22.952989],[80.8956,22.970242],[80.900401,22.987901],[80.900401,23.004421],[80.892833,23.017849],[80.851492,23.050401],[80.841889,23.055365],[80.828217,23.050971],[80.817149,23.039496],[80.809825,23.024848],[80.802419,22.995185],[80.79127,22.998847],[80.765554,23.021267],[80.75587,23.01199],[80.737071,23.005398],[80.678966,22.998725],[80.665701,22.994167],[80.642589,22.973456],[80.629405,22.964382],[80.621104,22.965399],[80.610606,22.970404],[80.591238,22.973456],[80.572276,22.970567],[80.538259,22.957139],[80.519135,22.952989],[80.531668,22.928046],[80.533376,22.91824],[80.531505,22.905951],[80.521495,22.886746],[80.519135,22.880683],[80.513927,22.878119],[80.481619,22.853054],[80.476736,22.842353],[80.480072,22.833035],[80.491791,22.815782],[80.498627,22.796088],[80.499766,22.787665],[80.499278,22.774848],[80.495535,22.760118],[80.490896,22.753933],[80.491466,22.748603],[80.510346,22.726101],[80.508393,22.721055],[80.502452,22.715196],[80.499278,22.702216],[80.497162,22.696885],[80.492442,22.69123],[80.481619,22.681749],[80.477794,22.674669],[80.481375,22.669053],[80.487641,22.663682],[80.495942,22.651923],[80.501964,22.645453],[80.506602,22.636501],[80.505463,22.623399],[80.499034,22.613715],[80.45045,22.578966],[80.429291,22.574042],[80.40797,22.575954],[80.389415,22.583075],[80.372651,22.594672],[80.354747,22.611925],[80.340017,22.632514],[80.334076,22.654405],[80.335541,22.687812],[80.333914,22.710964],[80.32724,22.726426],[80.31837,22.729356],[80.295909,22.728217],[80.285737,22.733262],[80.28297,22.741075],[80.279552,22.778266],[80.268891,22.795518],[80.244233,22.801866],[80.216563,22.800564],[80.197032,22.794704],[80.192882,22.789252],[80.190033,22.781358],[80.185557,22.773261],[80.175873,22.767401],[80.16505,22.766181],[80.157156,22.76907],[80.149099,22.772895],[80.138682,22.774848],[80.07545,22.773139],[80.059825,22.774848],[80.031993,22.784491],[80.025808,22.787909],[80.007823,22.817572],[79.930186,22.877265],[79.929291,22.889024],[79.934011,22.89586],[79.940033,22.900173],[79.943858,22.904568],[79.945567,22.915635],[79.943858,22.942084],[79.940196,22.943468],[79.914073,22.977322],[79.910085,22.985907],[79.908295,22.995958],[79.909679,23.007636],[79.91505,23.015163],[79.936615,23.038031],[79.943858,23.048611],[79.946788,23.060085],[79.949636,23.078721],[79.948416,23.096137],[79.94044,23.103827],[79.906261,23.111274],[79.886648,23.113145],[79.854503,23.101142],[79.834076,23.106309],[79.792979,23.128689],[79.79184,23.131212],[79.789236,23.131903],[79.778575,23.130479],[79.769949,23.128119],[79.759939,23.120958],[79.751964,23.117499],[79.743663,23.116726],[79.726085,23.118598],[79.717784,23.117499],[79.709239,23.112616],[79.692393,23.099636],[79.686534,23.096991],[79.668386,23.099148],[79.641775,23.108507],[79.625011,23.110663],[79.604503,23.110867],[79.590912,23.113471],[79.581554,23.121527],[79.573822,23.137966],[79.553966,23.130561],[79.516043,23.136827],[79.494395,23.127387],[79.476085,23.115261],[79.4546,23.105577],[79.431733,23.099229],[79.409923,23.096991],[79.372813,23.104804],[79.348074,23.106757],[79.330496,23.100409],[79.322765,23.095526],[79.311534,23.092108],[79.266775,23.08865],[79.202566,23.073839],[79.158946,23.069037],[79.137787,23.075954],[79.126394,23.075954],[79.121349,23.065985],[79.117768,23.06037],[79.103038,23.027859],[79.100841,23.021267],[79.085704,23.015326],[79.062755,23.013373],[79.038992,23.016221],[79.021658,23.024685],[79.003184,23.038642],[78.983979,23.045762],[78.964122,23.048285],[78.771902,23.041124],[78.759939,23.043036],[78.742686,23.048407],[78.730968,23.048611],[78.72047,23.045762],[78.698741,23.036811],[78.674327,23.032782],[78.655772,23.023383],[78.644949,23.021267],[78.607432,23.021267],[78.49407,23.005723],[78.474864,23.000352],[78.442393,22.980292],[78.435313,22.977118],[78.41627,22.970893],[78.394542,22.959174],[78.392019,22.954535],[78.38795,22.941433],[78.384044,22.938747],[78.370372,22.935004],[78.328705,22.91474],[78.312511,22.904568],[78.306082,22.898017],[78.291515,22.875596],[78.285818,22.863593],[78.273855,22.868598],[78.262706,22.867051],[78.25294,22.863796],[78.244395,22.863593],[78.236095,22.869208],[78.227468,22.878241],[78.221202,22.886583],[78.22047,22.890245],[78.187511,22.888292],[78.17099,22.882514],[78.154877,22.870429],[78.143972,22.857489],[78.135346,22.842719],[78.130056,22.825548],[78.128347,22.805243],[78.120372,22.788764],[78.102631,22.791449],[78.072358,22.808376],[78.062022,22.808173],[78.042979,22.80268],[78.031993,22.80211],[78.020437,22.80622],[78.003917,22.819688],[77.993907,22.822618],[77.982514,22.82156],[77.96282,22.816921],[77.952647,22.815782],[77.946788,22.813788],[77.942475,22.810085],[77.938406,22.808295],[77.93214,22.812079],[77.926524,22.820014],[77.927257,22.825019],[77.929454,22.829617],[77.925385,22.84748],[77.925141,22.855333],[77.921641,22.860541],[77.908621,22.863593],[77.906342,22.860175],[77.884369,22.839708],[77.875662,22.837104],[77.870372,22.84455],[77.867686,22.856391],[77.866954,22.867011],[77.860037,22.873562],[77.844819,22.867377],[77.819021,22.849311],[77.771983,22.785224],[77.761322,22.774848],[77.739024,22.771552],[77.639415,22.731513],[77.622976,22.720974],[77.588878,22.686143],[77.580333,22.680732],[77.554128,22.676866],[77.544932,22.672227],[77.524913,22.657538],[77.457612,22.633734],[77.438731,22.630886],[77.424734,22.626736],[77.359874,22.596055],[77.332937,22.570583],[77.312592,22.559678],[77.294688,22.565701],[77.27239,22.594835],[77.262462,22.596137],[77.223643,22.581081],[77.179861,22.570868],[77.158132,22.569403],[77.140229,22.562812],[77.086029,22.514187],[77.049083,22.501003],[76.964773,22.500108],[76.921641,22.493679],[76.903331,22.483669],[76.872325,22.457384],[76.856049,22.452094],[76.833995,22.448432],[76.816661,22.43891],[76.802989,22.425727],[76.792003,22.41116],[76.783376,22.394884],[76.781749,22.380805],[76.784434,22.345974],[76.778331,22.327257],[76.76295,22.309923],[76.722341,22.281358],[76.688731,22.263536],[76.667735,22.258368],[76.651378,22.263983],[76.635916,22.263699],[76.585948,22.234971],[76.56544,22.226752],[76.543956,22.231024],[76.52589,22.242703],[76.511485,22.254706],[76.500092,22.260321],[76.500662,22.264512],[76.491303,22.273261],[76.480479,22.280829],[76.476573,22.281358],[76.47047,22.293158],[76.468272,22.301052],[76.47047,22.309272],[76.476573,22.322333],[76.463878,22.323432],[76.445323,22.332709],[76.435069,22.336005],[76.422537,22.335964],[76.370942,22.32571],[76.332774,22.308458],[76.311534,22.301866],[76.241628,22.292304],[76.225841,22.284776],[76.202078,22.251003],[76.18808,22.242458],[76.160655,22.240424],[76.11671,22.24494],[76.096772,22.242214],[76.075613,22.229844],[76.065929,22.226426],[76.043386,22.22724],[76.034272,22.22309],[76.017182,22.210395],[75.996755,22.198839],[75.954194,22.187852],[75.817963,22.185818],[75.795828,22.180854],[75.758556,22.162055],[75.739187,22.157904],[75.69044,22.154568],[75.653575,22.171495],[75.63144,22.172797],[75.468354,22.153144],[75.424408,22.140082],[75.404063,22.137397],[75.340261,22.139716],[75.254649,22.124701],[75.232188,22.123114],[75.222097,22.120958],[75.202891,22.111599],[75.191173,22.109483],[75.157237,22.110622],[75.146495,22.109483],[75.136485,22.106147],[75.122162,22.097927],[75.112315,22.095811],[75.067556,22.102607],[75.047293,22.099148],[74.982595,22.075995],[74.960948,22.074652],[74.896983,22.082139],[74.875011,22.079291],[74.83489,22.068549],[74.81129,22.068468],[74.781668,22.076036],[74.769786,22.075995],[74.758718,22.072821],[74.736908,22.063585],[74.725027,22.061632],[74.700206,22.050157],[74.589854,22.022976],[74.567393,22.020697],[74.557872,22.023057],[74.547944,22.028998],[74.540131,22.036729],[74.537039,22.044623],[74.530854,22.049669],[74.517507,22.04796],[74.495372,22.041205],[74.432709,22.039496],[74.413503,22.03498],[74.396007,22.02558],[74.35198,21.986599],[74.342377,21.982123],[74.320567,21.976182],[74.306082,21.969916],[74.294526,21.967882],[74.289968,21.966132],[74.288666,21.96251],[74.288585,21.95657],[74.287852,21.950019],[74.284272,21.945014],[74.26767,21.935981],[74.249034,21.929796],[74.228119,21.926296],[74.204845,21.925116],[74.182709,21.929307],[74.151134,21.947618],[74.128835,21.951768],[74.061046,21.940375],[73.97462,21.90119],[73.964936,21.887803],[73.942556,21.87462],[73.917572,21.86697],[73.899506,21.8699],[73.870942,21.854682],[73.832937,21.843614],[73.792491,21.837104],[73.756114,21.835761],[73.73821,21.837755],[73.717865,21.842231],[73.699636,21.848578],[73.687266,21.856269],[73.683523,21.864773],[73.681244,21.876166],[73.677745,21.886094],[73.669851,21.890408],[73.660248,21.892646],[73.640717,21.902411],[73.628917,21.904608],[73.607026,21.912055],[73.596283,21.928249],[73.588145,21.944444],[73.573985,21.951768],[73.563569,21.95543],[73.552013,21.973171],[73.543224,21.979763],[73.531342,21.981513],[73.524343,21.978583],[73.519054,21.974433],[73.512218,21.972276],[73.501394,21.973009],[73.461843,21.985378],[73.4546,21.986355],[73.443614,21.986599],[73.434662,21.954617],[73.425385,21.93122],[73.412852,21.91767],[73.373627,21.928534],[73.336681,21.88581],[73.303722,21.890408],[73.288178,21.905829],[73.278819,21.923367],[73.268077,21.936469],[73.249034,21.938788],[73.231944,21.929714],[73.227306,21.914578],[73.230235,21.896023],[73.245128,21.844428],[73.239757,21.835028],[73.221121,21.828925],[73.198334,21.830268],[73.182058,21.839626],[73.168224,21.85045],[73.153331,21.856269],[73.13616,21.843858],[73.149099,21.811957],[73.158783,21.776557],[73.131765,21.75377]]}},{"type":"Feature","properties":{"name":"Dadu","scalerank":6},"geometry":{"type":"LineString","coordinates":[[100.070242,33.005683],[100.082937,32.992377],[100.113455,32.968329],[100.169037,32.909735],[100.190929,32.898505],[100.193777,32.887397],[100.193126,32.865058],[100.196788,32.858995],[100.215587,32.849921],[100.251394,32.824327],[100.291515,32.803168],[100.334727,32.786404],[100.371186,32.77912],[100.441987,32.726508],[100.453868,32.714545],[100.458507,32.705634],[100.488455,32.683458],[100.49822,32.669013],[100.501557,32.65587],[100.503429,32.642768],[100.508393,32.628241],[100.515717,32.620388],[100.524994,32.615017],[100.53297,32.608832],[100.536388,32.598171],[100.54184,32.586534],[100.554454,32.576524],[100.569347,32.569444],[100.595714,32.563503],[100.638682,32.539496],[100.654389,32.535753],[100.667572,32.534369],[100.679861,32.530382],[100.69337,32.51907],[100.71046,32.522732],[100.725597,32.512478],[100.740815,32.498603],[100.758556,32.491767],[100.766368,32.487494],[100.789643,32.456977],[100.793386,32.454779],[100.796804,32.455512],[100.799897,32.455349],[100.803233,32.450751],[100.805919,32.442328],[100.805675,32.4383],[100.804128,32.434394],[100.803233,32.426581],[100.805186,32.391669],[100.806651,32.385281],[100.810557,32.37519],[100.802664,32.353298],[100.803233,32.341498],[100.813487,32.336697],[100.828217,32.347357],[100.847585,32.356472],[100.871511,32.347113],[100.862804,32.331488],[100.878835,32.320909],[100.91627,32.310167],[100.925304,32.303819],[100.942882,32.295437],[100.950694,32.289659],[100.960216,32.279853],[100.965587,32.272732],[100.979503,32.24079],[100.983897,32.233018],[101.00644,32.205268],[101.0088,32.199246],[101.009369,32.186957],[101.004975,32.169053],[100.974539,32.108181],[100.970876,32.088446],[100.974539,32.03616],[100.977061,32.023871],[100.982921,32.017849],[100.990733,32.014106],[100.99879,32.008816],[101.004893,31.999579],[101.005463,31.982367],[101.009369,31.970974],[101.023936,31.957343],[101.063894,31.94835],[101.081065,31.939968],[101.16627,31.833848],[101.192149,31.814399],[101.241222,31.802191],[101.272227,31.783474],[101.286143,31.779161],[101.329275,31.78616],[101.344493,31.785997],[101.361257,31.781562],[101.391612,31.768988],[101.405854,31.765489],[101.424815,31.765082],[101.4428,31.768093],[101.455984,31.775702],[101.461192,31.78913],[101.47755,31.802924],[101.513927,31.805121],[101.551524,31.800076],[101.571056,31.792263],[101.587494,31.801581],[101.627452,31.815945],[101.646658,31.819525],[101.649506,31.816107],[101.653901,31.809353],[101.660655,31.805243],[101.670095,31.809882],[101.688894,31.828721],[101.694591,31.833197],[101.725597,31.846625],[101.830577,31.861111],[101.840912,31.852973],[101.857026,31.828803],[101.865245,31.819525],[101.87851,31.812608],[101.903087,31.806464],[101.913097,31.799628],[101.906261,31.799628],[101.933604,31.789659],[102.026378,31.710517],[102.029796,31.704047],[102.030935,31.694119],[102.02825,31.6883],[102.024425,31.685004],[102.02296,31.6824],[102.030772,31.666938],[102.050955,31.646593],[102.050304,31.635199],[102.065929,31.619574],[102.071544,31.601386],[102.078136,31.4713],[102.076752,31.453803],[102.070893,31.442084],[101.997081,31.378607],[101.98878,31.367703],[101.993337,31.351386],[102.007335,31.331],[102.024913,31.313585],[102.040294,31.30622],[102.048757,31.298448],[102.040457,31.2803],[102.016124,31.244167],[102.001069,31.202948],[101.988048,31.188788],[101.943289,31.1789],[101.924083,31.167548],[101.907237,31.151964],[101.892589,31.134874],[101.879975,31.11168],[101.874034,31.083604],[101.872081,31.015082],[101.874441,30.998399],[101.884207,30.962999],[101.885753,30.943142],[101.880382,30.907823],[101.885834,30.894599],[101.906261,30.888495],[101.919932,30.867703],[101.933035,30.820502],[101.944021,30.802517],[101.954194,30.798041],[101.963959,30.797675],[101.971446,30.79446],[101.974539,30.781765],[101.975678,30.769843],[101.979503,30.762803],[101.995616,30.750678],[102.002452,30.74669],[102.016612,30.741482],[102.02296,30.737657],[102.029796,30.728461],[102.040538,30.707058],[102.04713,30.702908],[102.054861,30.699327],[102.055268,30.690863],[102.050304,30.672471],[102.051768,30.660915],[102.055431,30.654405],[102.060069,30.649237],[102.064464,30.641466],[102.067556,30.62462],[102.064952,30.536689],[102.068777,30.523871],[102.098643,30.497423],[102.115896,30.477891],[102.121349,30.462226],[102.119151,30.418647],[102.123057,30.398139],[102.143891,30.354844],[102.169851,30.313422],[102.180431,30.290839],[102.18629,30.267035],[102.187999,30.236762],[102.198985,30.222602],[102.203054,30.213487],[102.192393,30.205349],[102.187592,30.185492],[102.17864,30.166815],[102.172862,30.065009],[102.170665,30.058661],[102.177745,30.050564],[102.208507,30.004014],[102.21339,29.989447],[102.214366,29.982245],[102.214692,29.973253],[102.216807,29.965033],[102.226085,29.961005],[102.228282,29.95246],[102.225678,29.935899],[102.220795,29.920437],[102.218028,29.906358],[102.222179,29.89411],[102.211925,29.872016],[102.209402,29.848944],[102.216075,29.774726],[102.213145,29.763983],[102.204682,29.753852],[102.199718,29.742296],[102.202078,29.711127],[102.197683,29.69892],[102.194591,29.693305],[102.195323,29.681179],[102.194265,29.675076],[102.190929,29.670722],[102.182872,29.664171],[102.180593,29.661404],[102.168956,29.641466],[102.165538,29.628526],[102.170665,29.617011],[102.177257,29.593573],[102.15797,29.543036],[102.174327,29.524237],[102.16684,29.500922],[102.177013,29.482367],[102.195893,29.472927],[102.214692,29.477078],[102.222179,29.469591],[102.220144,29.455146],[102.23585,29.390733],[102.25294,29.352891],[102.261322,29.350531],[102.265229,29.344184],[102.278412,29.294013],[102.283621,29.284613],[102.293793,29.277899],[102.307384,29.272081],[102.319347,29.264919],[102.324474,29.253933],[102.333425,29.256659],[102.41627,29.26671],[102.45574,29.275743],[102.47877,29.277777],[102.501231,29.283026],[102.518891,29.295762],[102.550385,29.325629],[102.566742,29.332302],[102.580333,29.332831],[102.59547,29.335761],[102.615733,29.349473],[102.625418,29.350287],[102.647065,29.330837],[102.656993,29.325629],[102.701427,29.325629],[102.777273,29.316352],[102.807709,29.300849],[102.804454,29.271023],[102.818614,29.257432],[102.833425,29.233181],[102.84962,29.215033],[102.869151,29.219794],[102.878347,29.223822],[102.89088,29.226508],[102.901947,29.230821],[102.906749,29.239936],[102.908946,29.250922],[102.920909,29.27497],[102.927257,29.284613],[102.942556,29.300116],[102.958263,29.303331],[102.999278,29.298285],[103.02003,29.291612],[103.026134,29.257514],[103.043386,29.243028],[103.064545,29.244818],[103.084565,29.259141],[103.099539,29.278388],[103.105398,29.294542],[103.11378,29.303656],[103.132823,29.298367],[103.203054,29.253933],[103.217377,29.250922],[103.23935,29.250515],[103.262218,29.245632],[103.27296,29.24787],[103.278819,29.267401],[103.28712,29.285183],[103.291026,29.290839],[103.305756,29.300889],[103.324718,29.308173],[103.337169,29.306749],[103.33253,29.290839],[103.34669,29.293769],[103.366954,29.311876],[103.380382,29.318793],[103.386974,29.314073],[103.397634,29.309638],[103.410085,29.306423],[103.421316,29.305121],[103.433116,29.307196],[103.457937,29.316514],[103.461681,29.318793],[103.478445,29.30744],[103.493093,29.286485],[103.509288,29.271552],[103.530528,29.277777],[103.582123,29.212673],[103.590261,29.208686],[103.601329,29.207831],[103.638764,29.209784],[103.64503,29.213568],[103.646576,29.236843],[103.645518,29.245144],[103.640066,29.26671],[103.640391,29.277777],[103.645925,29.289008],[103.652761,29.295518],[103.658376,29.302517],[103.660818,29.315009],[103.651541,29.336737],[103.630463,29.340684],[103.592052,29.333075],[103.574229,29.339423],[103.561534,29.354112],[103.553722,29.374335],[103.550955,29.397284],[103.554128,29.420111],[103.562022,29.436225],[103.642833,29.521552],[103.677257,29.545111],[103.716238,29.558946]]}},{"type":"Feature","properties":{"name":"Ertix","scalerank":2},"geometry":{"type":"LineString","coordinates":[[90.325287,47.650173],[90.322032,47.638495],[90.314464,47.63406],[90.305675,47.630723],[90.298106,47.62226],[90.296153,47.612616],[90.298106,47.577908],[90.296804,47.558661],[90.27825,47.455878],[90.27003,47.437812],[90.253429,47.430487],[90.236339,47.428087],[90.223643,47.422309],[90.20045,47.408026],[90.195079,47.405829],[90.188975,47.40412],[90.174571,47.402533],[90.127859,47.404975],[90.10963,47.398953],[90.047455,47.332099],[90.031261,47.320624],[89.992442,47.305487],[89.982839,47.300116],[89.977631,47.292792],[89.96575,47.265977],[89.960867,47.262722],[89.94573,47.24726],[89.942393,47.242051],[89.937918,47.23253],[89.926768,47.226101],[89.90089,47.218207],[89.772716,47.194892],[89.708751,47.173651],[89.694835,47.142442],[89.664806,47.125922],[89.65325,47.122016],[89.635671,47.120307],[89.62794,47.121405],[89.626231,47.116889],[89.626475,47.09809],[89.615896,47.07453],[89.592214,47.066352],[89.566824,47.061225],[89.551362,47.04682],[89.574718,47.043524],[89.574474,47.026394],[89.560802,47.005723],[89.543956,46.992255],[89.517019,46.984239],[89.491791,46.982693],[89.146658,47.012763],[89.112071,47.026394],[89.086843,47.044135],[89.081554,47.04682],[89.056244,47.045437],[89.042898,47.04621],[89.033376,47.05032],[89.018972,47.065212],[89.009532,47.07156],[88.976573,47.078681],[88.948253,47.090155],[88.922374,47.105577],[88.907237,47.122016],[88.845876,47.146186],[88.821544,47.149237],[88.804617,47.153673],[88.731212,47.191596],[88.689464,47.207709],[88.15976,47.286444],[88.151296,47.291327],[88.144054,47.298163],[88.135346,47.304267],[88.122325,47.306952],[87.991466,47.309027],[87.967459,47.315456],[87.946218,47.325507],[87.930186,47.338324],[87.908214,47.351752],[87.883067,47.353705],[87.856944,47.352118],[87.83074,47.355333],[87.742117,47.409532],[87.634369,47.44127],[87.414806,47.465766],[87.362804,47.489854],[87.354503,47.491889],[87.350108,47.497138],[87.333425,47.54206],[87.316417,47.57449],[87.303396,47.584418],[87.294444,47.585761],[87.285492,47.583116],[87.272227,47.581244],[87.231537,47.581244],[87.195079,47.588813],[87.180919,47.58808],[87.171397,47.583604],[87.161876,47.571234],[87.152436,47.567654],[87.145763,47.569403],[87.126964,47.579047],[87.115245,47.581244],[87.091319,47.583075],[87.044688,47.594428],[86.995372,47.612982],[86.977143,47.624945],[86.943614,47.660102],[86.935639,47.666938],[86.924408,47.673774],[86.912364,47.677273],[86.902354,47.674099],[86.897227,47.677314],[86.842377,47.698513],[86.810151,47.715155],[86.796153,47.724677],[86.765554,47.755968],[86.757904,47.761542],[86.741791,47.768419],[86.73406,47.773057],[86.723562,47.784613],[86.704845,47.811306],[86.693777,47.820868],[86.675385,47.82921],[86.654552,47.835883],[86.632498,47.840399],[86.611827,47.841986],[86.590912,47.846259],[86.554861,47.865058],[86.532481,47.869249],[86.523529,47.872504],[86.504324,47.886583],[86.495128,47.889757],[86.48463,47.886542],[86.466401,47.872504],[86.457286,47.869249],[86.418468,47.868109],[86.399506,47.861151],[86.391531,47.845079],[86.382498,47.83572],[86.362641,47.841132],[86.341563,47.854682],[86.330089,47.869249],[86.310802,47.863145],[86.286388,47.864814],[86.270274,47.863349],[86.275401,47.848212],[86.248464,47.841132],[86.217377,47.847235],[86.12558,47.881944],[86.111501,47.889757],[86.087006,47.910468],[86.074229,47.918891],[86.056244,47.923896],[86.023367,47.926459],[86.009532,47.929755],[85.994233,47.938178],[85.967459,47.958686],[85.953868,47.964911],[85.924897,47.966376],[85.90089,47.95836],[85.882498,47.957139],[85.871349,47.979112],[85.848399,47.965603],[85.829275,47.967108],[85.809825,47.974677],[85.765229,47.981879],[85.754649,47.981147],[85.72991,47.966254],[85.720876,47.968817],[85.706147,47.985378],[85.683035,48.002143],[85.67213,48.005886],[85.655691,48.006903],[85.644135,48.00434],[85.6338,48.0008],[85.596609,47.994696],[85.575125,47.986843],[85.554861,47.983344],[85.535655,47.992214],[85.532156,47.999579],[85.52825,48.019599],[85.521983,48.026313],[85.509369,48.027452],[85.498546,48.022406],[85.489838,48.015896],[85.483979,48.012641],[85.457612,48.011013],[85.438243,48.006374],[85.398367,47.992214],[85.37794,47.979112],[85.371755,47.981513],[85.362315,47.989854],[85.34726,47.996202],[85.343842,48.000678],[85.339447,48.000027],[85.326427,47.988715],[85.311697,47.988308],[85.2671,47.994412]]}},{"type":"Feature","properties":{"name":"Xar Moron","scalerank":6},"geometry":{"type":"LineString","coordinates":[[117.208751,42.592149],[117.193614,42.593085],[117.178233,42.597927],[117.166108,42.60696],[117.160167,42.620144],[117.166596,42.63288],[117.193126,42.653591],[117.191742,42.664496],[117.187266,42.679551],[117.200125,42.691759],[117.229747,42.708848],[117.234874,42.721381],[117.236501,42.736518],[117.235932,42.767198],[117.23406,42.781928],[117.22934,42.796902],[117.213634,42.827012],[117.188243,42.873358],[117.180431,42.905097],[117.189464,42.921169],[117.208425,42.935492],[117.229747,42.962104],[117.216807,42.9831],[117.220144,43.005642],[117.235606,43.023627],[117.271495,43.033149],[117.290294,43.042548],[117.301199,43.044623],[117.359467,43.044623],[117.381847,43.051296],[117.420909,43.074408],[117.457286,43.08336],[117.500662,43.103949],[117.571707,43.149482],[117.588878,43.154486],[117.61378,43.157253],[117.681651,43.18183],[117.727794,43.191718],[117.843191,43.202989],[117.867198,43.202338],[117.91269,43.194525],[117.937592,43.195014],[117.94866,43.206081],[117.958263,43.220893],[117.980479,43.234809],[118.00587,43.245551],[118.024099,43.250759],[118.147065,43.259874],[118.167247,43.267035],[118.202403,43.284247],[118.250092,43.295722],[118.298106,43.295111],[118.447032,43.273505],[118.548595,43.274237],[118.59962,43.263739],[118.624766,43.247138],[118.6338,43.243272],[118.647634,43.242987],[118.684988,43.250759],[119.131602,43.217312],[119.181733,43.223456],[119.246023,43.252875],[119.267833,43.256944],[119.483816,43.262071],[119.620616,43.265937],[120.164236,43.380154],[120.341401,43.372504],[120.758474,43.423448]]}},{"type":"Feature","properties":{"name":"Chenab","scalerank":6},"geometry":{"type":"LineString","coordinates":[[77.435557,32.293077],[77.417247,32.299831],[77.374115,32.3074],[77.356456,32.316718],[77.297781,32.368232],[77.133881,32.456977],[77.097911,32.488349],[77.078705,32.500434],[77.055268,32.50491],[77.012706,32.506781],[76.992198,32.512803],[76.975841,32.525173],[76.968191,32.541612],[76.962901,32.57807],[76.955089,32.59455],[76.949474,32.599799],[76.922293,32.615058],[76.905528,32.620429],[76.897553,32.62405],[76.880951,32.635443],[76.875092,32.638699],[76.849701,32.647732],[76.836436,32.650458],[76.808849,32.652859],[76.730479,32.673407],[76.714447,32.680447],[76.646576,32.733751],[76.627371,32.744737],[76.60906,32.750596],[76.477061,32.754462],[76.444347,32.768256],[76.428233,32.799628],[76.428233,32.822862],[76.433035,32.842312],[76.441417,32.858588],[76.452159,32.872178],[76.461518,32.889594],[76.462413,32.908759],[76.457123,32.92768],[76.448741,32.9442],[76.443289,32.949774],[76.437266,32.953721],[76.431895,32.95954],[76.428233,32.970893],[76.428233,32.980292],[76.433604,32.99726],[76.435069,33.009101],[76.433116,33.032904],[76.427013,33.049506],[76.416433,33.062079],[76.354747,33.115912],[76.342459,33.122341],[76.334239,33.124335],[76.323985,33.129014],[76.315196,33.134589],[76.311534,33.139106],[76.307628,33.148871],[76.29835,33.152696],[76.277354,33.155829],[76.245535,33.178982],[76.19866,33.242458],[76.167491,33.265692],[76.136485,33.275458],[76.126475,33.280056],[76.118744,33.286566],[76.103282,33.30329],[76.096202,33.306708],[76.079519,33.310492],[76.042491,33.328559],[76.024099,33.334581],[76.014252,33.335395],[75.998139,33.334174],[75.963878,33.339179],[75.832612,33.377265],[75.770763,33.383002],[75.752371,33.379503],[75.736339,33.36697],[75.727468,33.350857],[75.72519,33.334744],[75.729584,33.319037],[75.740489,33.304063],[75.790619,33.249538],[75.808442,33.216864],[75.811127,33.18126],[75.800141,33.162055],[75.780935,33.156114],[75.758718,33.158637],[75.714122,33.170844],[75.702729,33.170966],[75.690196,33.16767],[75.647472,33.148139],[75.632091,33.143866],[75.599539,33.141425],[75.499929,33.149685],[75.407725,33.136013],[75.385671,33.136501],[75.363536,33.139919],[75.342784,33.146267],[75.324636,33.155829],[75.314871,33.169745],[75.304861,33.190619],[75.292003,33.209581],[75.273367,33.217882],[75.252208,33.221869],[75.233409,33.231757],[75.198416,33.25727],[75.183523,33.26557],[75.16269,33.273057],[75.14267,33.274359],[75.129975,33.263943],[75.128673,33.254096],[75.129649,33.244086],[75.129161,33.234442],[75.123546,33.225775],[75.095876,33.21072],[75.083507,33.201117],[75.078217,33.187283],[75.075857,33.174099],[75.069428,33.165961],[75.059581,33.162543],[75.046641,33.163438],[74.997569,33.177802],[74.980724,33.177924],[74.903575,33.168321],[74.879161,33.175076],[74.847667,33.187567],[74.81837,33.193386],[74.80071,33.17947],[74.800873,33.172878],[74.806163,33.152411],[74.807546,33.143988],[74.793712,33.079169],[74.79184,33.056708],[74.795421,33.035264],[74.807872,33.015896],[74.808523,33.001899],[74.783295,32.936794],[74.782807,32.931912],[74.78419,32.920966],[74.783295,32.916287],[74.779796,32.911973],[74.776785,32.911648],[74.773529,32.911892],[74.760671,32.902859],[74.739675,32.892117],[74.735606,32.885565],[74.72462,32.873155],[74.653087,32.854804],[74.603282,32.818712],[74.580333,32.810126],[74.564708,32.796454],[74.542247,32.790391],[74.533376,32.783067],[74.496104,32.726426],[74.468679,32.701117],[74.377533,32.64407],[74.354503,32.622341],[74.33839,32.611518],[74.31601,32.602566],[74.271658,32.591376],[74.219819,32.564643],[74.207042,32.554999],[74.201752,32.542914],[74.193126,32.53616],[74.154552,32.528428],[74.145925,32.522488],[74.13323,32.500312],[74.103526,32.476833],[74.069347,32.461615],[74.043468,32.464423],[74.010346,32.428778],[73.991303,32.419257],[73.964366,32.416042],[73.921153,32.416856],[73.90504,32.413153],[73.867931,32.392279],[73.85255,32.388495],[73.814057,32.388699],[73.790538,32.38288],[73.778087,32.369208],[73.769135,32.353583],[73.756114,32.341498],[73.737722,32.337958],[73.676687,32.347113],[73.661225,32.339911],[73.62794,32.305243],[73.612234,32.293077],[73.602143,32.290717],[73.580333,32.289333],[73.570567,32.286241],[73.565196,32.280585],[73.552419,32.262763],[73.540619,32.255683],[73.522065,32.241156],[73.512218,32.23786],[73.420421,32.236192],[73.400483,32.227362],[73.384695,32.190009],[73.32545,32.133002],[73.290538,32.107286],[73.283214,32.097276],[73.278901,32.072699],[73.267345,32.061225],[73.227957,32.046698],[73.214122,32.035102],[73.203298,32.017686],[73.196381,31.996649],[73.193858,31.974392],[73.187755,31.94953],[73.172944,31.931993],[73.139171,31.902126],[73.129405,31.883246],[73.118093,31.845526],[73.108165,31.830105],[73.092784,31.819037],[73.073985,31.810858],[73.001394,31.792263],[72.992768,31.78738],[72.975515,31.774929],[72.970876,31.772325],[72.95989,31.763495],[72.933035,31.72252],[72.919444,31.710273],[72.908376,31.708035],[72.879161,31.710273],[72.865652,31.707587],[72.838145,31.698554],[72.804779,31.694444],[72.741954,31.676134],[72.672293,31.671902],[72.655935,31.666205],[72.647716,31.659939],[72.618337,31.645087],[72.608165,31.637641],[72.594005,31.621894],[72.583588,31.614691],[72.573741,31.612006],[72.552989,31.611599],[72.542735,31.607856],[72.536143,31.601508],[72.529389,31.591986],[72.524343,31.582587],[72.522227,31.576524],[72.5171,31.5692],[72.505056,31.563788],[72.480886,31.556342],[72.470225,31.550889],[72.446381,31.531521],[72.388194,31.505561],[72.361339,31.488064],[72.35019,31.460476],[72.342865,31.449164],[72.251231,31.364569],[72.254649,31.309638],[72.253022,31.294053],[72.23406,31.220242],[72.229991,31.215155],[72.210216,31.210273],[72.203136,31.206895],[72.190196,31.19831],[72.138601,31.183295]]}},{"type":"Feature","properties":{"name":"Chenab","scalerank":6},"geometry":{"type":"LineString","coordinates":[[72.138764,31.183295],[72.140391,31.102891],[72.139252,31.094062],[72.132823,31.086778],[72.110037,31.067328],[72.096446,31.059027],[72.090831,31.052314],[72.088145,31.041938],[72.091319,31.023871],[72.087413,31.015082],[72.083425,31.008816],[72.078217,30.994737],[72.073416,30.987494],[72.066987,30.98196],[72.052664,30.97248],[72.045909,30.966986],[72.039643,30.962999],[72.025645,30.958319],[72.018484,30.953396],[72.011648,30.94363],[72.001475,30.919867],[71.99464,30.908962],[71.98585,30.885688],[71.964366,30.871283],[71.942475,30.861029],[71.932628,30.850287],[71.927257,30.832302],[71.913829,30.8192],[71.87794,30.799099],[71.857921,30.772895],[71.850597,30.697862],[71.836925,30.661933],[71.831635,30.657294],[71.809011,30.641466],[71.793875,30.622911],[71.785167,30.616563],[71.771495,30.614122],[71.746511,30.609198],[71.736827,30.59748],[71.729747,30.583848],[71.712901,30.573188],[71.692556,30.573798],[71.668224,30.577094],[71.647716,30.572455],[71.638927,30.548936],[71.629487,30.533474],[71.608328,30.521023],[71.569347,30.50491],[71.559174,30.495225],[71.545502,30.473009],[71.535248,30.463324],[71.527843,30.459174],[71.521007,30.457139],[71.504649,30.456488],[71.493582,30.45421],[71.489838,30.448432],[71.488536,30.440619],[71.48406,30.432237],[71.452729,30.389106],[71.434988,30.372667],[71.40504,30.360297],[71.414073,30.334499],[71.398204,30.324042],[71.375499,30.320665],[71.363862,30.31623],[71.362641,30.291449],[71.358653,30.273505],[71.352306,30.258979],[71.343435,30.244208],[71.335704,30.225938],[71.323009,30.182725],[71.312511,30.165107],[71.308849,30.155544],[71.309988,30.132636],[71.305675,30.123806],[71.297862,30.115749],[71.295421,30.109809],[71.293956,30.103217],[71.288992,30.09337],[71.262706,30.062527],[71.251882,30.044298],[71.245046,29.999538],[71.239268,29.984442],[71.232514,29.971462],[71.226736,29.956163],[71.225597,29.944892],[71.226085,29.93476],[71.225108,29.925157],[71.2199,29.915229],[71.210053,29.910183],[71.196381,29.907253],[71.184174,29.902289],[71.17685,29.88642],[71.173432,29.876003],[71.173839,29.865424],[71.182546,29.860663],[71.187999,29.855292],[71.202159,29.82921],[71.205658,29.819648],[71.206065,29.79328],[71.199229,29.772244],[71.179128,29.736436],[71.175222,29.724799],[71.171641,29.688747],[71.167491,29.680243],[71.153901,29.663886],[71.140636,29.639838],[71.116222,29.620917],[71.087901,29.606024],[71.053803,29.596503],[71.04892,29.587592],[71.048757,29.562364],[71.044688,29.548529],[71.034597,29.539984],[71.021414,29.53498],[71.007742,29.531684],[71.017345,29.516669],[71.023692,29.497748],[71.027192,29.477729],[71.028087,29.459337],[71.03004,29.450507],[71.034272,29.441026],[71.045665,29.424872],[71.043712,29.419786],[71.027761,29.402289],[71.021983,29.393866],[71.017996,29.380398],[71.015636,29.367377],[71.012625,29.314032],[71.003673,29.293321],[70.980398,29.277777],[70.948822,29.266221],[70.946218,29.256415],[70.9463,29.2331],[70.938894,29.219184],[70.921479,29.216417],[70.847585,29.227851],[70.83017,29.224677],[70.822765,29.212673],[70.822683,29.190985],[70.820323,29.173611],[70.812022,29.159369],[70.794851,29.147488],[70.777354,29.156806],[70.757416,29.150499],[70.745942,29.135769],[70.753917,29.119493],[70.747081,29.106472],[70.738292,29.099392],[70.728526,29.09394],[70.719737,29.086005],[70.71339,29.075303],[70.69866,29.037624],[70.694347,29.034532],[70.682384,29.029486],[70.663666,29.028266],[70.639171,29.036811]]}},{"type":"Feature","properties":{"name":"Tom’","scalerank":6},"geometry":{"type":"LineString","coordinates":[[89.771088,53.646064],[89.75172,53.648301],[89.730724,53.639106],[89.669851,53.598415],[89.65325,53.584581],[89.652192,53.579291],[89.653331,53.572089],[89.653738,53.565701],[89.649994,53.562852],[89.627615,53.555732],[89.602794,53.544501],[89.548269,53.527859],[89.521658,53.492011],[89.462983,53.465399],[89.462006,53.447374],[89.428722,53.43948],[89.394786,53.435126],[89.305919,53.434923],[89.294037,53.430365],[89.285167,53.423651],[89.273692,53.418036],[89.261322,53.41413],[89.249766,53.412665],[89.188975,53.429307],[89.124441,53.435899],[89.103608,53.44245],[89.086436,53.453192],[89.071544,53.467882],[89.033214,53.529405],[89.03004,53.532782],[89.027843,53.541815],[89.018565,53.561713],[89.016368,53.573757],[89.018891,53.588243],[89.0171,53.595323],[89.009532,53.604438],[89.003917,53.608018],[88.998953,53.608954],[88.994151,53.60932],[88.989024,53.611274],[88.984874,53.614773],[88.978282,53.622748],[88.951101,53.649237],[88.944753,53.652859],[88.87322,53.670681],[88.845714,53.672716],[88.790538,53.666531],[88.777761,53.668647],[88.750662,53.678046],[88.739268,53.680203],[88.712494,53.677924],[88.613048,53.655097],[88.584727,53.652655],[88.55714,53.656277],[88.533132,53.669623],[88.512706,53.676703],[88.426687,53.680203],[88.381602,53.694444],[88.358002,53.694851],[88.335216,53.683621],[88.324962,53.679958],[88.279877,53.672716],[88.270763,53.670111],[88.235606,53.652859],[88.189708,53.649929],[88.138194,53.660427],[87.969819,53.725653],[87.943451,53.742784],[87.917898,53.753241],[87.904063,53.756374],[87.89267,53.761013],[87.885834,53.762071],[87.878022,53.760321],[87.864838,53.751899],[87.857514,53.749091],[87.833263,53.747016],[87.805186,53.748562],[87.778819,53.754584],[87.740326,53.777411],[87.583914,53.801337],[87.567149,53.807074],[87.47462,53.824164],[87.447683,53.821153],[87.406261,53.796088],[87.388927,53.790066],[87.362885,53.787136],[87.339854,53.779975],[87.303233,53.762071],[87.275808,53.753445],[87.25058,53.754421],[87.180919,53.767035],[87.16684,53.779812],[87.158376,53.797553],[87.146088,53.838568],[87.146251,53.844672],[87.149099,53.853827],[87.15797,53.8699],[87.159923,53.875678],[87.172537,53.892198],[87.201671,53.901679],[87.256114,53.912909],[87.273367,53.923896],[87.285818,53.937812],[87.293875,53.955675],[87.296397,53.97838],[87.305675,53.993842],[87.327159,54.005927],[87.371593,54.022773],[87.440359,54.059149],[87.464366,54.063788],[87.47877,54.072618],[87.484386,54.093614],[87.488292,54.139472],[87.497976,54.1588],[87.524425,54.187527],[87.529796,54.204047],[87.525401,54.226996],[87.514171,54.241156],[87.481456,54.263007],[87.468028,54.277452],[87.459239,54.295844],[87.458914,54.315782],[87.471202,54.335028],[87.492931,54.348578],[87.513927,54.35574],[87.533214,54.365261],[87.549734,54.38585],[87.558686,54.407497],[87.561127,54.426581],[87.555268,54.445014],[87.532725,54.473253],[87.527354,54.483262],[87.523692,54.49433],[87.52239,54.505683],[87.518565,54.517524],[87.509369,54.520128],[87.49822,54.519965],[87.488292,54.523708],[87.475841,54.544379],[87.477143,54.564765],[87.48406,54.585801],[87.488292,54.60871],[87.475515,54.619493],[87.392019,54.632921],[87.380382,54.638495],[87.375499,54.644884],[87.371755,54.651923],[87.364757,54.659613],[87.354015,54.665066],[87.330089,54.671576],[87.320079,54.677029],[87.292898,54.687934],[87.259369,54.687812],[87.19394,54.68004],[87.172862,54.680976],[87.127615,54.687934],[87.085948,54.702989],[87.058686,54.727403],[87.056895,54.762641],[87.089285,54.798204],[87.101736,54.816718],[87.091319,54.824734],[87.046641,54.83157],[87.034679,54.835028],[87.042735,54.842556],[87.05714,54.849636],[87.063731,54.851996],[87.07366,54.860622],[87.091075,54.886176],[87.125662,54.916938],[87.126069,54.929755],[87.125255,54.938096],[87.120209,54.946072],[87.108409,54.957831],[87.099864,54.970893],[87.103933,54.979844],[87.112641,54.987169],[87.118256,54.995429],[87.107514,55.029649],[87.069021,55.035956],[86.981456,55.023383],[86.969493,55.025417],[86.95045,55.034369],[86.940115,55.036404],[86.895518,55.030219],[86.876964,55.025336],[86.856375,55.017198],[86.837413,55.01557],[86.823416,55.030219],[86.839285,55.04328],[86.848399,55.064236],[86.844168,55.083686],[86.797862,55.097927],[86.779714,55.111274],[86.74822,55.140082],[86.727143,55.149237],[86.672537,55.159288],[86.573171,55.160264],[86.475515,55.128363],[86.450206,55.125759],[86.426524,55.11933],[86.382823,55.094062],[86.357351,55.092231],[86.336925,55.103217],[86.330577,55.120795],[86.334972,55.140204],[86.347341,55.157091],[86.357839,55.162299],[86.367605,55.163601],[86.374929,55.166693],[86.377859,55.177558],[86.375255,55.187771],[86.368744,55.198025],[86.360281,55.207465],[86.351085,55.215155],[86.307709,55.23489],[86.289154,55.247016],[86.281668,55.266669],[86.276134,55.288682],[86.26295,55.300157],[86.247081,55.309516],[86.233897,55.325019],[86.230479,55.345323],[86.231049,55.365261],[86.22462,55.380439],[86.200125,55.38642],[86.17213,55.383612],[86.122081,55.372911],[86.097992,55.372829],[86.029226,55.390692],[86.005056,55.393256],[85.988699,55.399766],[85.965017,55.415229],[85.94337,55.433376],[85.932709,55.447862],[85.935476,55.457302],[85.950857,55.478868],[85.953868,55.489447],[85.949311,55.499783],[85.901947,55.536892],[85.62672,55.672797],[85.583263,55.68769],[85.53655,55.697577],[85.42392,55.701361],[85.391775,55.696845],[85.367686,55.685004],[85.346446,55.669745],[85.323985,55.661322],[85.298432,55.658637],[85.268077,55.660183],[85.219168,55.670518],[85.132904,55.70185],[85.0831,55.708564],[85.038097,55.70539],[85.021576,55.708564],[85.011485,55.713731],[84.994151,55.726508],[84.98406,55.729071],[84.971121,55.738227],[84.959076,55.759833],[84.949962,55.784939],[84.945811,55.804755],[84.947358,55.827582],[84.955333,55.849921],[84.969493,55.866889],[85.014659,55.879462],[85.033702,55.894232],[85.044037,55.913926],[85.041515,55.934516],[85.009776,55.961982],[84.963634,55.98904],[84.929128,56.02143],[84.932872,56.064805],[84.945242,56.077908],[84.984955,56.107001],[84.997813,56.112616],[85.002615,56.117947],[85.000987,56.129828],[84.995942,56.142646],[84.990896,56.150499],[84.980724,56.156806],[84.945811,56.167914],[84.893077,56.215033],[84.888194,56.22248],[84.905284,56.227322],[84.926687,56.239325],[84.946544,56.255072],[84.959565,56.270941],[84.968354,56.291327],[84.962576,56.304307],[84.890391,56.351996],[84.878022,56.366645],[84.884939,56.38703],[84.938487,56.401719],[84.965261,56.413642],[84.96339,56.431423],[84.931163,56.456163],[84.915131,56.471747],[84.904877,56.490058],[84.903819,56.499823],[84.905935,56.520575],[84.904877,56.530341],[84.90032,56.541449],[84.893647,56.549994],[84.874278,56.568549],[84.868175,56.575995],[84.860362,56.589057],[84.85377,56.595893],[84.840343,56.60045],[84.788178,56.5987],[84.744151,56.61697],[84.706391,56.651719],[84.634695,56.755479],[84.631277,56.763739],[84.631602,56.773871],[84.635346,56.78323],[84.637787,56.792304],[84.634288,56.801581],[84.615896,56.816474],[84.59669,56.820868],[84.505626,56.817247],[84.486095,56.825019],[84.473562,56.8463],[84.473888,56.853542],[84.479096,56.873969],[84.480398,56.883572],[84.476736,56.893378],[84.468191,56.898749],[84.457042,56.902615],[84.43629,56.910712]]}},{"type":"Feature","properties":{"name":"Maquan","scalerank":2},"geometry":{"type":"LineString","coordinates":[[82.400483,30.411444],[82.417979,30.420762],[82.439057,30.424384],[82.458995,30.42414],[82.472341,30.42239],[82.517019,30.408759],[82.539236,30.398017],[82.557709,30.384141],[82.568614,30.368272],[82.575694,30.362576],[82.589122,30.360297],[82.641368,30.37873],[82.646007,30.381619],[82.651296,30.382514],[82.664154,30.380723],[82.6692,30.378201],[82.674815,30.373806],[82.682872,30.369574],[82.722667,30.365058],[82.75294,30.359442],[82.769216,30.358507],[82.78769,30.360297],[82.834972,30.371405],[82.859304,30.372992],[82.86964,30.36404],[82.893321,30.332343],[82.906668,30.327745],[82.91269,30.316759],[82.917491,30.291368],[82.925385,30.2685],[82.933604,30.25141],[82.945811,30.237372],[82.965343,30.223741],[82.994233,30.21247],[83.037201,30.184678],[83.044444,30.181505],[83.066173,30.180447],[83.074718,30.178575],[83.082042,30.17532],[83.087169,30.168565],[83.090424,30.159451],[83.09547,30.151435],[83.131602,30.141954],[83.149913,30.130886],[83.167735,30.124864],[83.191905,30.134345],[83.198985,30.112331],[83.218028,30.097235],[83.237885,30.086208],[83.247081,30.076361],[83.252371,30.072943],[83.263927,30.072089],[83.276541,30.07335],[83.284679,30.076361],[83.293061,30.076524],[83.305431,30.07038],[83.322765,30.058661],[83.362885,30.049506],[83.382253,30.041531],[83.390554,30.028184],[83.395763,30.004706],[83.40976,29.991523],[83.451915,29.976671],[83.500499,29.947089],[83.537364,29.938503],[83.555431,29.927517],[83.588959,29.89411],[83.60019,29.87991],[83.604503,29.877631],[83.626557,29.871446],[83.706635,29.86225],[83.726573,29.855902],[83.753917,29.842597],[83.760916,29.833319],[83.817475,29.815375],[83.980072,29.736436],[83.968842,29.731269],[83.959972,29.724189],[83.954112,29.714708],[83.952159,29.702338],[83.976329,29.657986],[83.982026,29.650417],[83.989513,29.633124],[83.996593,29.623847],[84.006765,29.615994],[84.034679,29.606147],[84.087169,29.570176],[84.106456,29.565782],[84.166433,29.578884],[84.185557,29.579454],[84.198334,29.577175],[84.205089,29.575141],[84.219737,29.565782],[84.22934,29.547878],[84.237722,29.541449],[84.250418,29.548407],[84.261322,29.548407],[84.308849,29.539903],[84.416108,29.535224],[84.461029,29.525987],[84.493337,29.510565],[84.510509,29.475898],[84.503917,29.432807],[84.48878,29.388251],[84.480398,29.349473],[84.48463,29.343329],[84.50294,29.331855],[84.507091,29.322211],[84.504812,29.314521],[84.500499,29.305772],[84.49879,29.296698],[84.503673,29.287706],[84.524425,29.27619],[84.566173,29.268419],[84.582774,29.257351],[84.59075,29.263861],[84.595876,29.272406],[84.599701,29.2803],[84.603282,29.284613],[84.617931,29.28852],[84.627208,29.28559],[84.635753,29.280544],[84.665701,29.275336],[84.7199,29.257351],[84.776296,29.224433],[84.792003,29.226264],[84.813731,29.234076],[84.837901,29.229356],[84.922455,29.190131],[84.963796,29.186103],[85.001231,29.198554],[85.035248,29.229356],[85.036143,29.233913],[85.03419,29.246039],[85.035248,29.250515],[85.040538,29.254462],[85.045665,29.255235],[85.050548,29.255398],[85.055105,29.257351],[85.071707,29.268866],[85.0831,29.275092],[85.111257,29.284735],[85.144054,29.316514],[85.164968,29.325629],[85.234874,29.319525],[85.250987,29.315009],[85.265066,29.304633],[85.307628,29.28323],[85.322683,29.277777],[85.391694,29.280626],[85.408702,29.274359],[85.423595,29.265326],[85.445323,29.257758],[85.468435,29.252509],[85.487071,29.250515],[85.531668,29.256659],[85.555431,29.256456],[85.573334,29.246772],[85.596609,29.207465],[85.609467,29.191514],[85.630626,29.182196],[85.652924,29.180609],[85.731212,29.192206],[85.763113,29.210232],[85.781993,29.216376],[85.80421,29.214952],[85.8449,29.199652],[85.946381,29.182196],[86.14739,29.178168],[86.158702,29.179389],[86.169526,29.183702],[86.192312,29.197048],[86.224376,29.206244],[86.236095,29.208075],[86.247081,29.197577],[86.259695,29.201972],[86.271495,29.209662],[86.275401,29.213446],[86.35019,29.210557],[86.387462,29.223822],[86.411062,29.218695],[86.4345,29.210232],[86.453624,29.207302],[86.467784,29.21365],[86.478119,29.222357],[86.48821,29.226833],[86.501394,29.220282],[86.509532,29.239203],[86.522227,29.234687],[86.535655,29.221218],[86.546397,29.213446],[86.567149,29.211249],[86.606944,29.201687],[86.625499,29.199815],[86.636648,29.201931],[86.656261,29.210801],[86.666515,29.213446],[86.960541,29.179389],[87.006358,29.185126],[87.027436,29.181098],[87.036388,29.162624],[87.04005,29.158555],[87.048757,29.155219],[87.058849,29.152899],[87.067393,29.152045],[87.079194,29.154242],[87.08546,29.159613],[87.090424,29.166368],[87.098562,29.172471],[87.111501,29.177069],[87.120697,29.176703],[87.155528,29.156846],[87.167247,29.152167],[87.19394,29.145209],[87.219249,29.156846],[87.244884,29.151719],[87.296397,29.130927],[87.409434,29.117865],[87.518972,29.124701],[87.546641,29.130723],[87.604015,29.150458],[87.625418,29.145209],[87.642182,29.150946],[87.660167,29.151557]]}},{"type":"Feature","properties":{"name":"Angara","scalerank":6},"geometry":{"type":"LineString","coordinates":[[102.67392,57.943061],[102.664236,57.923041],[102.666433,57.885321],[102.678396,57.856024],[102.673839,57.825751],[102.62794,57.768622],[102.607595,57.734687],[102.591889,57.705349],[102.583507,57.680854],[102.56837,57.658149],[102.511241,57.62462],[102.475841,57.601996],[102.433116,57.570014],[102.401378,57.538926],[102.384532,57.507921],[102.379487,57.471503],[102.36964,57.428534],[102.363048,57.386908],[102.353526,57.345323],[102.336355,57.299994],[102.331391,57.258409],[102.339366,57.227566],[102.339936,57.197577],[102.335948,57.157416],[102.337413,57.121894],[102.336518,57.094428],[102.333751,57.06977],[102.333263,57.047553],[102.343272,57.039089],[102.353445,57.020779],[102.358165,57.003974],[102.358165,57.00377],[102.358002,57.00373]]}},{"type":"Feature","properties":{"name":"Angara","scalerank":2},"geometry":{"type":"LineString","coordinates":[[101.957774,58.962226],[101.947765,58.973212]]}},{"type":"Feature","properties":{"name":"Angara","scalerank":2},"geometry":{"type":"LineString","coordinates":[[101.957774,58.962226],[101.05714,58.951524],[101.031261,58.945868],[100.992442,58.932807],[100.964447,58.913031],[100.971202,58.88699],[100.979015,58.869412],[100.977631,58.845893],[100.970307,58.823188],[100.960216,58.808173],[100.941498,58.796169],[100.884044,58.771674],[100.833425,58.763251],[100.748057,58.733018],[100.612071,58.712592],[100.586518,58.702908],[100.535085,58.676378],[100.495697,58.669013],[100.46575,58.657579],[100.453868,58.651068],[100.44337,58.642035],[100.430186,58.621202],[100.422781,58.612616],[100.418061,58.582872],[100.433849,58.537462],[100.458751,58.494493],[100.481049,58.472357],[100.470876,58.461371],[100.445323,58.446723],[100.433197,58.437567],[100.424083,58.424262],[100.415945,58.397813],[100.409434,58.386664],[100.382091,58.361436],[100.35377,58.345486],[100.321544,58.337348],[100.282481,58.335801],[100.243582,58.341661],[100.16684,58.364325],[100.038992,58.372829],[100.004405,58.385932],[100.012218,58.414333],[100.013764,58.436713],[99.983653,58.455105],[99.913178,58.479193],[99.829031,58.527655],[99.777924,58.537136],[99.737641,58.551622],[99.717296,58.554877],[99.552338,58.557074],[99.527761,58.561713],[99.478282,58.584825],[99.437999,58.595893],[99.357595,58.651068],[99.333507,58.677029],[99.32366,58.684638],[99.305431,58.69241],[99.228282,58.715399],[99.175792,58.724229],[99.048595,58.725613],[99.017345,58.716661],[98.962169,58.685248],[98.782644,58.655056],[98.700776,58.62698],[98.66505,58.589057],[98.667735,58.538886],[98.660492,58.520046],[98.637625,58.500271],[98.605235,58.48253],[98.570079,58.469753],[98.532725,58.461941],[98.35849,58.462755],[98.276866,58.440497],[97.979747,58.423896],[97.897227,58.437567],[97.876231,58.436347],[97.802664,58.420844],[97.769623,58.407172],[97.687918,58.396674],[97.392182,58.414822],[97.222992,58.443712],[97.136811,58.437567],[97.104503,58.42536],[97.04892,58.396186],[97.013927,58.390448],[96.932058,58.393378],[96.892833,58.402289],[96.859386,58.420844],[96.854503,58.431016],[96.857921,58.45661],[96.852306,58.46894],[96.833018,58.486274],[96.821218,58.494086],[96.807872,58.500271],[96.721934,58.520575],[96.445404,58.554877],[96.40325,58.553778],[96.240733,58.527615],[96.202891,58.51557],[96.164236,58.507758],[96.122569,58.513983],[96.083507,58.537055],[96.068126,58.541205],[96.045095,58.539903],[95.997651,58.531928],[95.973562,58.535753],[95.953298,58.542304],[95.932628,58.546658],[95.91155,58.548529],[95.889903,58.547431],[95.87322,58.54324],[95.841319,58.530341],[95.745942,58.520779],[95.6845,58.525336],[95.663259,58.520779],[95.57545,58.480536],[95.55071,58.462429],[95.517996,58.449001],[95.436453,58.446234],[95.403331,58.431342],[95.394135,58.418891],[95.392589,58.408026],[95.393077,58.396796],[95.389659,58.382921],[95.378917,58.367865],[95.364675,58.359687],[95.347667,58.356309],[95.328136,58.355658],[95.292247,58.349677],[95.236339,58.31977],[95.140554,58.28974],[94.874278,58.156521],[94.8449,58.150214],[94.652599,58.15766],[94.614268,58.154812],[94.472667,58.111151],[94.432546,58.10578],[94.348074,58.109239],[94.273041,58.129706],[94.204682,58.137641],[94.186697,58.146796],[94.153087,58.157009],[94.104015,58.153917],[93.942149,58.117051],[93.861827,58.109239],[93.772065,58.122911],[93.692556,58.126085],[93.624522,58.148139],[93.335216,58.187201],[93.286143,58.185004],[93.214692,58.164578],[93.17921,58.14879],[93.148936,58.129706],[93.133311,58.11286],[93.122488,58.0963],[93.109386,58.08393],[93.086925,58.079617],[93.036713,58.081407],[93.01116,58.085273],[92.990652,58.093288]]}},{"type":"Feature","properties":{"name":"Angara","scalerank":2},"geometry":{"type":"LineString","coordinates":[[102.489024,58.82921],[102.472667,58.834418],[102.420828,58.835395],[102.311046,58.851264],[102.210948,58.887641],[102.182221,58.893378],[102.154307,58.907904],[101.995128,58.939561],[101.96575,58.953559],[101.957774,58.962226]]}},{"type":"Feature","properties":{"name":"Angara","scalerank":2},"geometry":{"type":"LineString","coordinates":[[102.67392,57.943061],[102.687999,57.961615],[102.69337,57.971706],[102.691417,57.980292],[102.686534,57.99197],[102.693614,58.00141],[102.715587,58.017524],[102.811615,58.137763],[102.83546,58.181464],[102.84547,58.22724],[102.831635,58.271348],[102.839122,58.278266],[102.833425,58.288398],[102.834565,58.291327],[102.839122,58.298692],[102.832042,58.310981],[102.833995,58.322537],[102.845307,58.346503],[102.847179,58.362657],[102.845307,58.414333],[102.840912,58.436713],[102.635183,58.747097],[102.598399,58.784776],[102.550385,58.814968],[102.439138,58.847113],[102.397472,58.874091],[102.363373,58.884101],[102.337413,58.901435],[102.290457,58.924831],[102.210541,58.952501],[102.124766,58.964219],[101.957774,58.962226]]}},{"type":"Feature","properties":{"name":"Angara","scalerank":2},"geometry":{"type":"LineString","coordinates":[[101.803233,56.290798],[101.808849,56.297797],[101.82545,56.311062],[101.830577,56.318712],[101.830984,56.331],[101.825857,56.338487],[101.819835,56.343614],[101.816905,56.349148],[101.814138,56.371202],[101.796397,56.421169],[101.795909,56.440294],[101.803233,56.500271],[101.806407,56.509833],[101.821056,56.528591],[101.824311,56.541287],[101.826427,56.630642],[101.821788,56.650499],[101.806895,56.671251],[101.786225,56.684149],[101.73878,56.698065],[101.721202,56.708564],[101.715017,56.717719],[101.707286,56.736396],[101.701427,56.743842],[101.690847,56.750067],[101.667084,56.759223],[101.636974,56.784776],[101.616222,56.796658],[101.571056,56.812201],[101.517589,56.813503],[101.450206,56.807481],[101.393484,56.812364],[101.371755,56.8463],[101.374278,56.858222],[101.382823,56.87698],[101.385509,56.887274],[101.385183,56.899604],[101.379975,56.920762],[101.378673,56.931667],[101.385509,56.953925],[101.403087,56.967719],[101.427419,56.974677],[101.605235,56.994249],[101.658702,57.013943],[101.687104,57.017605],[101.700287,57.015163],[101.777924,56.973334],[101.79127,56.958848],[101.799815,56.955512],[101.865245,56.948757],[101.974864,56.925116],[102.009288,56.91116],[102.049571,56.899929],[102.177419,56.907742],[102.302419,56.891384],[102.331391,56.900336],[102.338634,56.916449],[102.334239,56.931464],[102.326671,56.946479],[102.324474,56.962958],[102.331716,56.974189],[102.343435,56.981024],[102.35434,56.988959],[102.358165,57.003974]]}},{"type":"Feature","properties":{"name":"Chulyshman","scalerank":6},"geometry":{"type":"LineString","coordinates":[[89.656342,50.504503],[89.630056,50.511542],[89.535818,50.531602],[89.469493,50.562445],[89.427826,50.575507],[89.418224,50.584337],[89.396983,50.611396],[89.390391,50.617051],[89.317882,50.629259],[89.290619,50.630154],[89.071544,50.607978],[89.044688,50.60224],[88.998953,50.584499],[88.974701,50.580675],[88.821544,50.601345],[88.784923,50.619818],[88.687999,50.704657],[88.667003,50.718695],[88.633067,50.732001],[88.624115,50.749538],[88.612315,50.788398],[88.574474,50.818386],[88.525971,50.822862],[88.474376,50.82038],[88.426687,50.829372],[88.403331,50.844794],[88.356944,50.861884],[88.324799,50.8699],[88.262787,50.918158],[88.062918,51.013007],[88.044526,51.026068],[88.031342,51.061591],[88.017345,51.077216],[87.999441,51.089667],[87.981619,51.096869],[87.931244,51.101264],[87.904552,51.107367],[87.892996,51.120429],[87.883311,51.124945],[87.805186,51.180284],[87.773204,51.209581],[87.76946,51.216986],[87.764659,51.242051],[87.753022,51.256456],[87.739513,51.267279],[87.728445,51.281806],[87.727957,51.305365],[87.737641,51.332831],[87.749441,51.355333],[87.755789,51.364366]]}},{"type":"Feature","properties":{"name":"Konqi","scalerank":6},"geometry":{"type":"LineString","coordinates":[[89.386974,40.632636],[89.3449,40.631212],[89.331635,40.632636],[89.312104,40.644558],[89.299327,40.648546],[89.260265,40.632148],[89.193777,40.64529],[89.167247,40.643256],[89.142019,40.637763],[89.120535,40.645779],[89.100027,40.658393],[89.077729,40.666815],[89.047862,40.664659],[89.017589,40.656602],[88.988292,40.652126],[88.961681,40.66059],[88.945567,40.656033],[88.919851,40.656684],[88.893647,40.661729],[88.860037,40.678412],[88.821218,40.677802],[88.804128,40.680487],[88.769135,40.701483],[88.745942,40.707628],[88.72519,40.697821],[88.710216,40.695176],[88.579845,40.695746],[88.490326,40.70893],[88.40683,40.737372],[88.324148,40.77619],[88.290701,40.797797],[88.244151,40.836127],[88.218435,40.850938],[87.885916,40.90119],[87.851329,40.885932],[87.810802,40.90351],[87.680105,40.941189],[87.617686,40.977484],[87.594737,40.982123],[87.495616,40.982123],[87.4546,40.972846],[87.415294,40.956488],[87.375011,40.944607],[87.330577,40.948594],[87.314464,40.958604],[87.297374,40.97248],[87.278087,40.982001],[87.236095,40.97663],[87.213634,40.983507],[87.172862,41.002631],[87.146495,41.019599],[87.133556,41.023383],[87.118256,41.016221],[87.108409,41.027208],[87.094737,41.033393],[87.04184,41.038764],[87.034109,41.044745],[87.029307,41.05447],[87.003022,41.094794],[86.987804,41.149237],[86.974213,41.160264],[86.962494,41.164333],[86.937755,41.169745],[86.926524,41.174506],[86.917572,41.182074],[86.905365,41.200059],[86.898529,41.208075],[86.890391,41.212104],[86.868175,41.216986],[86.858165,41.221747],[86.849701,41.230007],[86.837983,41.247626],[86.830333,41.256456],[86.807872,41.269151],[86.785492,41.270941],[86.76295,41.268988],[86.740815,41.270128],[86.685151,41.317003],[86.678152,41.32628],[86.67335,41.338406],[86.64446,41.320258],[86.635346,41.317939],[86.623057,41.312567],[86.606456,41.28913],[86.597992,41.283759],[86.571707,41.278632],[86.540701,41.268907],[86.510916,41.263251],[86.487722,41.270128],[86.471446,41.262274],[86.419444,41.256456],[86.416515,41.2414],[86.411876,41.23489],[86.402354,41.239366],[86.395518,41.241645],[86.376557,41.2414],[86.371593,41.242784]]}},{"type":"Feature","properties":{"name":"Tarim","scalerank":6},"geometry":{"type":"LineString","coordinates":[[80.88795,40.467108],[80.923269,40.474433],[80.938731,40.482978],[80.963878,40.503485],[80.978445,40.512274],[81.072276,40.535753],[81.250987,40.527411],[81.264171,40.529161],[81.280203,40.537055],[81.299083,40.532416],[81.318614,40.544989],[81.379161,40.615587],[81.383556,40.618435],[81.388682,40.61933],[81.399913,40.619005],[81.403819,40.621527],[81.411876,40.647081],[81.412364,40.665107],[81.416596,40.673651],[81.424897,40.679389],[81.446056,40.686143],[81.472911,40.700751],[81.547537,40.721462],[81.571218,40.724799],[81.632904,40.715277],[81.748057,40.721218],[81.766368,40.724636],[81.783702,40.734076],[81.80421,40.752143],[81.811615,40.76081],[81.823009,40.777899],[81.831391,40.786933],[81.842459,40.792792],[81.882823,40.797797],[81.939057,40.836249],[81.954519,40.835028],[81.974701,40.826687],[82.000011,40.83161],[82.06308,40.860541],[82.086355,40.864447],[82.136648,40.865424],[82.159679,40.868842],[82.197195,40.886054],[82.240245,40.899848],[82.273529,40.919867],[82.285655,40.923204],[82.297374,40.917263],[82.307628,40.913764],[82.319916,40.917751],[82.33839,40.926866],[82.356456,40.930284],[82.363536,40.9383],[82.367442,40.947618],[82.376231,40.954779],[82.396495,40.954169],[82.421641,40.948554],[82.442882,40.948554],[82.451915,40.965033],[82.465343,40.974555],[82.548106,40.989569],[82.606619,41.019232],[82.63616,41.025702],[82.655935,41.034735],[82.667572,41.036729],[82.678233,41.034206],[82.712576,41.016221],[82.730072,41.033759],[82.757416,41.023301],[82.782725,41.000067],[82.793956,40.978705],[82.802013,40.975898],[82.848643,40.975287],[82.860362,40.967108],[82.872325,40.955675],[82.886241,40.945583],[82.903412,40.941189],[82.934581,40.941189],[82.937592,40.94005],[82.941905,40.937771],[82.947683,40.935411],[82.955089,40.934353],[82.96933,40.930365],[82.978526,40.921454],[82.985606,40.911933],[82.993175,40.906358],[83.008556,40.906806],[83.024099,40.912787],[83.036143,40.921658],[83.041026,40.930609],[83.04713,40.931586],[83.060557,40.923611],[83.082042,40.906358],[83.091726,40.911078],[83.108897,40.916693],[83.11614,40.920681],[83.122813,40.92768],[83.131847,40.942735],[83.137218,40.948594],[83.153331,40.957831],[83.172862,40.963935],[83.194265,40.967353],[83.216319,40.968451],[83.237397,40.962714],[83.247081,40.961615],[83.259044,40.964464],[83.267996,40.970893],[83.274913,40.977851],[83.281261,40.982123],[83.349539,40.992703],[83.357921,40.978705],[83.376882,40.981309],[83.407237,40.995795],[83.517182,40.999335],[83.535085,40.996283],[83.55128,40.985867],[83.566661,40.982978],[83.584972,40.990749],[83.602957,40.995063],[83.617117,40.982123],[83.636729,40.989325],[83.657725,40.991156],[83.675548,40.995225],[83.685313,41.009467],[83.691417,41.009467],[83.699229,41.000067],[83.707123,41.002631],[83.716319,41.010281],[83.72698,41.016221],[83.72755,41.013699],[83.751475,41.009101],[83.760346,41.009955],[83.765636,41.013048],[83.771576,41.014268],[83.780854,41.009467],[83.776785,41.008002],[83.77296,41.000678],[83.771495,40.990831],[83.774669,40.982123],[83.776866,40.984402],[83.796886,40.982856],[83.829275,40.975369],[83.842214,40.96955],[83.849864,40.961615],[83.856537,40.961615],[83.860362,40.97781],[83.866222,40.984442],[83.925385,40.99787],[83.958995,41.009467],[83.953543,41.010565],[83.938487,41.016221],[83.9546,41.029812],[83.989513,41.039903],[84.000011,41.057237],[83.993744,41.067979],[84.016368,41.089423],[84.014171,41.105658],[84.054698,41.107367],[84.072765,41.111396],[84.088796,41.11933],[84.11321,41.141547],[84.124034,41.146593],[84.135509,41.14586],[84.139171,41.139716],[84.142833,41.136298],[84.154552,41.1435],[84.243582,41.174506],[84.262787,41.178046],[84.287364,41.186794],[84.309581,41.197699],[84.322765,41.208075],[84.335867,41.193142],[84.354747,41.191677],[84.37558,41.19241],[84.394542,41.184149],[84.412527,41.178778],[84.486501,41.195014],[84.671479,41.180732],[84.703868,41.186876],[84.713145,41.187567],[84.72462,41.184923],[84.74879,41.176337],[84.757498,41.174506],[84.893484,41.164374],[84.937755,41.155707],[84.981212,41.140815],[85.021576,41.11933],[85.095876,41.064643],[85.124034,41.050401],[85.236827,41.033637],[85.254405,41.019965],[85.261485,41.009141],[85.27825,41.006537],[85.312755,41.009467],[85.327159,41.006374],[85.352306,40.992703],[85.436615,40.982978],[85.472179,40.974311],[85.501394,40.961615],[85.514171,40.967108],[85.542979,40.971381],[85.556651,40.975287],[85.593761,41.004991],[85.607188,41.009467],[85.631114,41.013536],[85.660655,41.02379],[85.688243,41.037055],[85.706147,41.050401],[85.717459,41.039252],[85.727061,41.035956],[85.734874,41.041571],[85.740326,41.057237],[85.752371,41.055976],[85.891775,41.077704],[85.894135,41.077419],[85.930919,41.07921],[85.964122,41.08515],[86.015391,41.077704],[86.029063,41.079901],[86.04713,41.089667],[86.056244,41.091986],[86.074962,41.088243],[86.100352,41.078681],[86.122569,41.06623],[86.142019,41.043077],[86.165294,41.036729],[86.259207,41.027045],[86.28712,41.028347],[86.320323,41.036322],[86.367442,41.037462],[86.450206,41.050808],[86.48349,41.051337],[86.5088,41.042914],[86.547862,41.055976],[86.562022,41.068183],[86.556651,41.091986],[86.54184,41.102973],[86.493337,41.117296],[86.47405,41.126085],[86.439952,41.152777],[86.431082,41.15644],[86.411143,41.157782],[86.398936,41.160264],[86.377045,41.168036],[86.354584,41.179023],[86.335541,41.194403],[86.323253,41.215522],[86.343761,41.229193],[86.351085,41.221747],[86.363373,41.232489],[86.368175,41.237738],[86.371593,41.242784],[86.371349,41.257595],[86.391124,41.279812],[86.385265,41.289984],[86.370209,41.291815],[86.350352,41.287299],[86.332286,41.27912],[86.323253,41.270128],[86.316987,41.270128],[86.31837,41.289903],[86.321707,41.30154],[86.317393,41.309394],[86.295909,41.317939],[86.279877,41.320095],[86.246104,41.320176],[86.233897,41.324774],[86.241222,41.331],[86.227631,41.333564],[86.225108,41.335028],[86.220795,41.338406],[86.207774,41.327216],[86.19752,41.330675],[86.185802,41.339545],[86.1692,41.344591],[86.150401,41.348212],[86.136648,41.357042],[86.111501,41.37934],[86.096446,41.379706],[86.070811,41.385932],[86.052013,41.387071],[86.056244,41.372504],[86.015391,41.386176],[86.008556,41.372504],[86.012218,41.368232],[86.013601,41.364936],[86.015391,41.352078],[86.000499,41.365587],[85.977061,41.399929],[85.960053,41.407294],[85.934988,41.401435],[85.918061,41.391181],[85.908376,41.391547],[85.905528,41.417182],[85.897472,41.434638],[85.878835,41.45128],[85.857188,41.463731],[85.840343,41.468777],[85.795095,41.509955],[85.787364,41.519843],[85.781993,41.530829],[85.775645,41.56684],[85.774913,41.613715],[85.782156,41.659288],[85.799327,41.69123],[85.826752,41.712917],[85.869721,41.738308],[85.917572,41.752956],[85.960053,41.742499],[85.985932,41.753201],[86.019623,41.755886],[86.114187,41.747748],[86.141205,41.751288],[86.166026,41.761908],[86.189464,41.780626],[86.196869,41.79206],[86.202403,41.815212],[86.207123,41.824408],[86.218028,41.830756],[86.235444,41.835964],[86.253347,41.83808],[86.265147,41.834988],[86.285655,41.823513],[86.339936,41.808214],[86.364757,41.797065],[86.396088,41.803331],[86.464692,41.770331],[86.495128,41.777208],[86.512299,41.769232],[86.524343,41.773546],[86.533621,41.783149],[86.542979,41.79088],[86.557628,41.7956],[86.56544,41.796698],[86.573985,41.797065],[86.586925,41.79503],[86.602061,41.786078],[86.611827,41.784044],[86.627533,41.787218],[86.658621,41.801337],[86.694916,41.80744],[86.729991,41.820665],[86.753429,41.825507]]}},{"type":"Feature","properties":{"name":"Za","scalerank":2},"geometry":{"type":"LineString","coordinates":[[94.083995,33.155829],[94.092784,33.158067],[94.112804,33.167914],[94.136729,33.172227],[94.16505,33.181667],[94.176768,33.183783],[94.221609,33.177802],[94.305431,33.153022],[94.348074,33.149685],[94.447765,33.163275],[94.457286,33.167914],[94.463959,33.178778],[94.46933,33.19127],[94.475027,33.201199],[94.484386,33.207953],[94.497488,33.213202],[94.512136,33.216661],[94.526296,33.217882],[94.579112,33.212185],[94.591075,33.208035],[94.601736,33.199774],[94.615001,33.191962],[94.628184,33.186103],[94.705007,33.176947],[94.723562,33.1789],[94.76588,33.190619],[94.789561,33.187608],[94.860769,33.168158],[94.875662,33.159532],[94.880382,33.148993],[94.891775,33.138739],[94.916596,33.122341],[94.946788,33.095486],[94.958263,33.087592],[94.965261,33.100409],[94.979503,33.096503],[94.996023,33.086453],[95.009369,33.080756],[95.028819,33.078884],[95.049897,33.073432],[95.068777,33.065009],[95.081147,33.054063],[95.085948,33.043036],[95.08546,33.03502],[95.082774,33.027126],[95.081147,33.015896],[95.083263,33.00613],[95.092703,32.986111],[95.094737,32.974311],[95.093191,32.965277],[95.090424,32.961005],[95.089936,32.957343],[95.094737,32.950385],[95.10434,32.941596],[95.11435,32.936835],[95.125011,32.937364],[95.135753,32.9442],[95.2046,32.911322],[95.217703,32.895819],[95.23463,32.909003],[95.252452,32.907253],[95.287201,32.888943],[95.350108,32.879421],[95.398448,32.853624],[95.438569,32.849392],[95.523448,32.854804],[95.557709,32.847968],[95.588959,32.830268],[95.61378,32.805854],[95.629242,32.77912],[95.64796,32.726996],[95.65032,32.714545],[95.660167,32.714952],[95.718435,32.689765],[95.735037,32.692694],[95.781342,32.661566],[95.807384,32.662421],[95.817475,32.647081],[95.871674,32.599921],[95.934093,32.556749],[95.959727,32.545111],[95.985444,32.538357],[96.003429,32.542914],[96.021088,32.555772],[96.042247,32.562364],[96.163829,32.57453],[96.181082,32.570583],[96.187022,32.563341],[96.195242,32.550076],[96.201182,32.542914],[96.209483,32.537299],[96.229096,32.531277],[96.239268,32.525906],[96.244721,32.519721],[96.2553,32.502875],[96.259776,32.497911],[96.272472,32.4949],[96.29892,32.4949],[96.311046,32.488308],[96.337576,32.451483],[96.362071,32.433783],[96.366791,32.436835],[96.370209,32.44245],[96.375906,32.443915],[96.3921,32.434597],[96.414154,32.418158],[96.428396,32.402452],[96.420909,32.395535],[96.415701,32.384304],[96.424571,32.359158],[96.445404,32.31977],[96.454275,32.294623],[96.458507,32.286241],[96.467296,32.278103],[96.488862,32.263739],[96.493175,32.255561],[96.496186,32.238308],[96.512218,32.197577],[96.519949,32.183214],[96.533132,32.166083],[96.548595,32.155626],[96.567882,32.150499],[96.592459,32.149115],[96.601166,32.146999],[96.615652,32.137559],[96.62672,32.135443],[96.632335,32.133328],[96.641612,32.123887],[96.647227,32.121772],[96.653087,32.123155],[96.658214,32.126166],[96.664073,32.128607],[96.671397,32.128607],[96.681163,32.124945],[96.686697,32.120632],[96.693451,32.116645],[96.705496,32.114325],[96.712901,32.115302],[96.733165,32.120551],[96.742686,32.121772],[96.759288,32.11225],[96.769054,32.06505],[96.780528,32.046698],[96.792735,32.044257],[96.822846,32.048774],[96.835216,32.046698],[96.84669,32.036566],[96.847992,32.026801],[96.844493,32.015815],[96.842052,32.002021],[96.851329,31.976101],[96.873057,31.966498],[96.898204,31.963446],[96.917735,31.957343],[96.941335,31.965522]]}},{"type":"Feature","properties":{"name":"Xiliao","scalerank":6},"geometry":{"type":"LineString","coordinates":[[120.758474,43.423448],[120.775076,43.431667],[120.803396,43.457465],[120.819753,43.468288],[120.97462,43.516628],[121.019054,43.524482],[121.118175,43.524482],[121.127859,43.526557],[121.147634,43.535997],[121.159272,43.538153],[121.360362,43.534003],[121.408783,43.524482],[121.43214,43.51557],[121.47169,43.493964],[121.495128,43.489691],[121.50058,43.48668],[121.505463,43.480048],[121.511974,43.473497],[121.522472,43.470486],[121.574636,43.470486],[121.772634,43.442491],[121.873464,43.444932],[121.919363,43.45307],[121.963796,43.470486],[121.995046,43.490546],[122.014578,43.500067],[122.036388,43.503974],[122.053315,43.509589],[122.107839,43.544949],[122.17628,43.568671],[122.19394,43.582831],[122.25172,43.641181],[122.361501,43.7237],[122.378429,43.720282],[122.468272,43.741482],[122.540294,43.77086],[122.586192,43.7803],[122.632498,43.784491],[122.652192,43.790391],[122.687592,43.815253],[122.711029,43.819281],[122.722341,43.816433],[122.745128,43.807074],[122.7588,43.805609],[122.771007,43.808173],[122.789968,43.817247],[122.79713,43.819281],[122.944428,43.803982],[122.962413,43.7956],[122.981619,43.78144],[122.988455,43.778835],[122.996593,43.777655],[123.00351,43.774929],[123.006602,43.767768],[123.006277,43.757025],[123.007091,43.75198],[123.009369,43.747341],[123.01767,43.737087],[123.024913,43.731269],[123.033702,43.727607],[123.142507,43.703192],[123.209483,43.674831],[123.231944,43.668484],[123.226085,43.653835],[123.23463,43.648505],[123.248627,43.646308],[123.259776,43.641181],[123.266612,43.648017],[123.280284,43.642117],[123.291596,43.642768],[123.302419,43.646023],[123.314382,43.648017],[123.372813,43.641181],[123.380626,43.637966],[123.3956,43.623847],[123.418386,43.618191],[123.451671,43.599555],[123.489675,43.591376],[123.500011,43.586534],[123.509532,43.57746],[123.510753,43.571845],[123.50823,43.565701],[123.506114,43.554877],[123.510916,43.536811],[123.523204,43.51793],[123.553966,43.483466]]}},{"type":"Feature","properties":{"name":"Songhua","scalerank":6},"geometry":{"type":"LineString","coordinates":[[132.517833,47.70661],[132.514415,47.693874],[132.511322,47.688096],[132.506602,47.683458],[132.499522,47.680365],[132.49171,47.679511],[132.475841,47.679755],[132.470144,47.678982],[132.464773,47.677191],[132.460134,47.674018],[132.45696,47.669053],[132.455577,47.660956],[132.457937,47.654364],[132.466238,47.641425],[132.467296,47.636908],[132.467052,47.631903],[132.465912,47.626776],[132.462494,47.618232],[132.451264,47.60102],[132.379487,47.520128],[132.351003,47.500556],[132.322195,47.473822],[132.313406,47.467312],[132.080496,47.371446],[132.062999,47.36046],[132.050792,47.349433],[132.040294,47.336737],[132.036062,47.329372],[132.034597,47.325548],[132.03004,47.30744],[132.008718,47.269232],[132.000092,47.259874],[131.988862,47.253607],[131.976329,47.250067],[131.963471,47.248725],[131.791515,47.261746],[131.780365,47.260769],[131.726573,47.245307],[131.624278,47.233832],[131.531668,47.245307],[131.466889,47.245144],[131.453624,47.242499],[131.320567,47.188585],[131.300304,47.185492],[131.149913,47.206244],[131.131602,47.205146],[131.066742,47.188585],[131.05421,47.188178],[131.041596,47.189643],[131.029389,47.193061],[130.996755,47.208197],[130.985362,47.211697],[130.972179,47.212714],[130.959402,47.211005],[130.907156,47.196885],[130.853282,47.18891],[130.829112,47.180487],[130.806244,47.168321],[130.784679,47.152899],[130.774343,47.1435],[130.765391,47.133572],[130.744233,47.10045],[130.689138,47.044135],[130.678722,47.035956],[130.667003,47.029486],[130.654307,47.024848],[130.641368,47.022528],[130.589122,47.01907],[130.559255,47.009467],[130.544851,47.001573],[130.533946,46.991563],[130.531261,46.986884],[130.529796,46.981757],[130.529307,46.946804],[130.527843,46.938503],[130.526785,46.934638],[130.524913,46.931586],[130.519949,46.925849],[130.518077,46.922878],[130.516775,46.92003],[130.515229,46.913275],[130.512299,46.905382],[130.508311,46.898139],[130.503429,46.891384],[130.497813,46.885199],[130.488373,46.877061],[130.478038,46.870185],[130.455577,46.859809],[130.405854,46.850938],[130.347992,46.833523],[130.339285,46.833564],[130.330089,46.837226]]}},{"type":"Feature","properties":{"name":"Songhua","scalerank":6},"geometry":{"type":"LineString","coordinates":[[124.674571,45.450466],[124.722341,45.450466],[124.73463,45.453721],[124.755463,45.468085],[124.767345,45.470893],[124.771902,45.467597],[124.776134,45.460557],[124.780365,45.450466],[124.785574,45.450019],[124.796479,45.451117],[124.82545,45.445176],[124.84905,45.442979],[124.861095,45.444281],[124.872162,45.448513],[124.8803,45.456],[124.883393,45.467231],[124.882416,45.470323],[124.879975,45.472113],[124.877859,45.474718],[124.87672,45.480577],[124.878673,45.488349],[124.882823,45.492743],[124.887543,45.495551],[124.890229,45.498236],[124.894542,45.518663],[124.897553,45.527167],[124.903901,45.532416],[124.915294,45.532742],[124.926362,45.527615],[124.934662,45.518866],[124.93808,45.508165],[124.950857,45.494818],[124.979747,45.493435],[125.027599,45.498236],[125.041433,45.492865],[125.044037,45.488471],[125.042084,45.482245],[125.04184,45.470893],[125.043468,45.451443],[125.047293,45.444892],[125.058604,45.433132],[125.073741,45.423041],[125.079682,45.416571],[125.082042,45.405463],[125.081635,45.389838],[125.082612,45.386013],[125.088634,45.38935],[125.103119,45.395209],[125.232514,45.413682],[125.24879,45.413398],[125.2671,45.408881],[125.27589,45.404731],[125.280528,45.401475],[125.285492,45.400336],[125.295014,45.402045],[125.30071,45.406562],[125.302419,45.412665],[125.30714,45.416856],[125.321707,45.415635],[125.355968,45.40058],[125.374522,45.398383],[125.397472,45.408881],[125.411062,45.424913],[125.422374,45.46129],[125.43214,45.477118],[125.451101,45.484809],[125.473562,45.481024],[125.497488,45.4737],[125.521007,45.470893],[125.542898,45.475898],[125.603526,45.504462],[125.618663,45.508083],[125.658132,45.504462],[125.667654,45.505968],[125.687266,45.511908],[125.699148,45.511908],[125.722992,45.517646],[125.79835,45.511908],[125.810802,45.509304],[125.832612,45.498847],[125.842459,45.498236],[125.850352,45.504828],[125.870372,45.539252],[125.886974,45.556505],[125.898367,45.563666],[125.923106,45.56977],[125.926768,45.577826],[125.925141,45.597235],[125.930919,45.622178],[125.9463,45.628485],[125.968354,45.62873],[125.993907,45.635443],[125.986339,45.643988],[125.966807,45.649604],[125.959727,45.6553],[125.959239,45.668728],[125.971202,45.674872],[125.986908,45.676459],[125.997325,45.676378],[126.003022,45.680691],[126.015229,45.699408],[126.024343,45.703721],[126.038097,45.703437],[126.046641,45.701768],[126.069021,45.690701],[126.109467,45.679307],[126.151134,45.681464],[126.240245,45.696845],[126.355724,45.695746],[126.358897,45.69835],[126.377208,45.717231],[126.385265,45.723497],[126.395274,45.727729],[126.461192,45.74018],[126.483979,45.750312],[126.493663,45.768581],[126.504242,45.767646],[126.556407,45.753974],[126.576101,45.751532],[126.593028,45.756659],[126.637625,45.785671],[126.670909,45.79503],[126.684988,45.801134],[126.6928,45.813544],[126.691905,45.83039],[126.685802,45.844062],[126.683197,45.857856],[126.6928,45.875067],[126.708995,45.883734],[126.729096,45.889838],[126.743175,45.898708],[126.741222,45.915961],[126.786143,45.925482],[126.820567,45.948269],[126.852631,45.975369],[126.890717,45.997911],[126.935313,46.013292],[126.983002,46.024034],[127.031179,46.026882],[127.076427,46.018378],[127.165701,45.981472],[127.188894,45.976589],[127.274994,45.978054],[127.326752,45.969265],[127.353038,45.960476],[127.36435,45.947333],[127.369884,45.924669],[127.384369,45.91828],[127.484467,45.926378],[127.51116,45.934027],[127.528331,45.950751],[127.529307,45.957546],[127.526866,45.963406],[127.523692,45.968817],[127.522065,45.974311],[127.524018,45.98074],[127.533132,45.991278],[127.535655,45.997911],[127.535737,46.020372],[127.539236,46.030463],[127.549327,46.038845],[127.574636,46.040798],[127.666026,46.011542],[127.692312,46.008246],[127.697358,46.003974],[127.706391,45.991726],[127.711681,45.982245],[127.714692,45.974229],[127.718679,45.966254],[127.72755,45.956895],[127.753917,45.968695],[127.763927,45.959988],[127.770112,45.944648],[127.785818,45.936469],[127.797781,45.934434],[127.825043,45.925401],[127.837413,45.923407],[127.892019,45.929633],[127.917654,45.925849],[127.943126,45.919257],[127.967865,45.91706],[128.013438,45.936103],[128.037608,45.93655],[128.061941,45.93122],[128.083751,45.923407],[128.128347,45.916124],[128.173839,45.924587],[128.288259,45.975653],[128.309662,45.979315],[128.36142,45.978054],[128.385753,45.974392],[128.44752,45.943915],[128.575857,45.909532],[128.590831,45.902289],[128.622,45.916205],[128.639171,45.921413],[128.655772,45.923407],[128.67335,45.92768],[128.706147,45.946479],[128.717377,45.950751],[128.730398,45.953559],[128.758311,45.96662],[128.77589,45.970567],[128.81894,45.972683],[128.841238,45.970649],[128.858409,45.964382],[128.878022,45.940497],[128.888438,45.913357],[128.904389,45.891059],[128.970144,45.874701],[128.981944,45.875067],[128.990896,45.878607],[129.007416,45.89057],[129.016043,45.895535],[129.03419,45.899522],[129.073985,45.902777],[129.090587,45.909735],[129.090587,45.902289],[129.165701,45.943793],[129.19866,45.970893],[129.254405,46.037299],[129.271983,46.053168],[129.286632,46.060004],[129.298839,46.070909],[129.323985,46.141913],[129.354991,46.204657],[129.375662,46.22956],[129.389903,46.254096],[129.395925,46.259223],[129.433849,46.27912],[129.456554,46.299994],[129.467865,46.305732],[129.503184,46.311103],[129.531749,46.329698],[129.546397,46.334784],[129.55714,46.343695],[129.564057,46.368476],[129.561697,46.397773],[129.564057,46.409451],[129.569021,46.420111],[129.582042,46.439399],[129.604096,46.465155],[129.637543,46.495917],[129.652843,46.506293],[129.69337,46.521796],[129.782644,46.543972],[129.824718,46.566474],[129.848399,46.587917],[129.858979,46.594346],[129.888682,46.606228],[129.896251,46.611151],[129.904796,46.621649],[129.910167,46.62995],[129.912852,46.63935],[129.915619,46.666205],[129.921316,46.67475],[129.963878,46.708441],[129.968842,46.717312],[129.969737,46.728339],[129.967865,46.752631],[129.971934,46.762274],[129.990326,46.774115],[130.010916,46.775417],[130.057546,46.765692],[130.083507,46.763373],[130.09547,46.7685],[130.098562,46.781562],[130.098562,46.803534],[130.107026,46.82453],[130.127615,46.832465],[130.152599,46.831855],[130.199148,46.820258],[130.217214,46.818671],[130.233328,46.82392],[130.252452,46.837714],[130.27296,46.849229],[130.29127,46.849433],[130.33196,46.834581]]}},{"type":"Feature","properties":{"name":"Min","scalerank":6},"geometry":{"type":"LineString","coordinates":[[103.716238,29.558946],[103.741222,29.561347],[103.755056,29.556342],[103.763194,29.544013],[103.788992,29.46247],[103.790538,29.438544],[103.793956,29.421332],[103.812266,29.371772],[103.822276,29.356309],[103.842865,29.344102],[103.860606,29.338162],[103.870209,29.328437],[103.866303,29.305121],[103.860037,29.298448],[103.852061,29.294786],[103.847992,29.289578],[103.852631,29.277777],[103.859467,29.272081],[103.867442,29.271837],[103.876557,29.272773],[103.887543,29.271023],[103.902924,29.263251],[103.952403,29.226264],[103.962901,29.209093],[103.970144,29.168728],[103.979991,29.15119],[104.004812,29.12169],[104.021007,29.115994],[104.043956,29.12698],[104.058849,29.112006],[104.069916,29.096137],[104.084483,29.083686],[104.121511,29.077216],[104.130789,29.073757],[104.138276,29.06863],[104.144786,29.062323],[104.157237,29.048774],[104.16505,29.042589],[104.174815,29.037624],[104.217052,29.030626],[104.235362,29.023464],[104.243093,29.006863],[104.246755,29.0008],[104.266124,28.992214],[104.274099,28.98668],[104.285737,28.974311],[104.285737,28.971137],[104.273204,28.92182],[104.274343,28.902289],[104.287852,28.883653],[104.307546,28.86994],[104.382335,28.832302],[104.424897,28.816596],[104.454112,28.79682],[104.472667,28.791449],[104.492279,28.791938],[104.511241,28.798041],[104.533621,28.819403],[104.547537,28.827338],[104.561534,28.821885],[104.599294,28.784369]]}},{"type":"Feature","properties":{"name":"Lancang","scalerank":2},"geometry":{"type":"LineString","coordinates":[[96.941335,31.965522],[96.959483,31.952094],[96.974701,31.932481],[96.989757,31.922553],[96.994884,31.913682],[96.992117,31.870673],[96.992931,31.854926],[96.999115,31.845974],[97.01588,31.834174],[97.020763,31.826972],[97.014578,31.799994],[97.013276,31.78913],[97.017589,31.767117],[97.028738,31.752387],[97.061697,31.723944],[97.072195,31.710761],[97.08074,31.694607],[97.086843,31.675157],[97.089122,31.611274],[97.093191,31.600653],[97.102794,31.59752],[97.114024,31.596991],[97.123139,31.594265],[97.128022,31.58751],[97.135753,31.568874],[97.143647,31.559434],[97.167979,31.548855],[97.180105,31.540961],[97.188487,31.522325],[97.202647,31.504218],[97.20574,31.494574],[97.203868,31.482733],[97.194591,31.462592],[97.191498,31.449571],[97.208018,31.392401],[97.216075,31.378241],[97.219005,31.371283],[97.220714,31.35989],[97.220714,31.348009],[97.219493,31.339708],[97.211843,31.328396],[97.203868,31.325466],[97.195242,31.324774],[97.185313,31.320502],[97.161062,31.289171],[97.157237,31.281684],[97.159597,31.270128],[97.169444,31.2508],[97.174327,31.230577],[97.180675,31.221218],[97.195242,31.206895],[97.200206,31.196397],[97.198334,31.185492],[97.193858,31.174994],[97.191498,31.165961],[97.192149,31.129665],[97.198171,31.085232],[97.215424,31.047675],[97.250092,31.031846],[97.269216,31.028103],[97.289073,31.018988],[97.321788,30.997097],[97.36142,30.952948],[97.376964,30.943142],[97.372,30.933173],[97.370209,30.902167],[97.357595,30.870714],[97.355968,30.857123],[97.357432,30.794298],[97.362804,30.771796],[97.37851,30.731879],[97.399099,30.701483],[97.427338,30.677191],[97.482188,30.645372],[97.524099,30.603868],[97.554617,30.583116],[97.557628,30.581814],[97.629405,30.452419],[97.66448,30.405829],[97.670665,30.400092],[97.678722,30.395046],[97.713471,30.388943],[97.723074,30.384141],[97.781749,30.332343],[97.810069,30.299913],[97.827891,30.284288],[97.846202,30.277696],[97.852306,30.27558],[97.862885,30.269965],[97.872976,30.262397],[97.877371,30.254177],[97.879487,30.239529],[97.885265,30.234931],[97.893972,30.233832],[97.904063,30.229926],[97.936941,30.205512],[97.947765,30.18891],[97.951752,30.165107],[97.965831,30.155829],[97.975515,30.14765],[97.979747,30.137478],[97.981375,30.131537],[97.985362,30.128363],[97.990896,30.127143],[97.996755,30.126899],[98.001557,30.123969],[97.999766,30.117377],[97.993337,30.107042],[98.004975,30.063096],[98.015717,30.041327],[98.030935,30.031928],[98.042979,30.021267],[98.051768,29.997178],[98.061615,29.956163],[98.073822,29.940863],[98.089936,29.924831],[98.104096,29.906195],[98.110037,29.883612],[98.113292,29.875434],[98.134288,29.849718],[98.138601,29.840684],[98.140391,29.819892],[98.144216,29.812201],[98.161713,29.807074],[98.210053,29.804267],[98.2199,29.794786],[98.225108,29.781806],[98.260834,29.723456],[98.339285,29.638861],[98.348155,29.623358],[98.34962,29.599921],[98.343435,29.572699],[98.343435,29.565782],[98.346202,29.554551],[98.36142,29.51378],[98.397472,29.453884],[98.404226,29.445095],[98.409597,29.435614],[98.411632,29.424872],[98.416026,29.417182],[98.434662,29.408311],[98.439057,29.397284],[98.436941,29.386664],[98.433197,29.375515],[98.431407,29.365017],[98.435313,29.356309],[98.443614,29.351996],[98.473155,29.342637],[98.479015,29.327094],[98.492686,29.31037],[98.53769,29.269232],[98.547944,29.256619],[98.568858,29.223212],[98.614024,29.167914],[98.631602,29.159532],[98.628347,29.140163],[98.610362,29.103095],[98.604991,29.08336],[98.584076,29.045193],[98.583018,29.023953],[98.592784,29.008409],[98.607514,28.996283],[98.620535,28.982774],[98.624034,28.963162],[98.634288,28.944159],[98.638113,28.930487],[98.638438,28.878607],[98.641531,28.870917],[98.654307,28.855048],[98.654796,28.850165],[98.652761,28.844916],[98.651378,28.835883],[98.652843,28.825507],[98.656505,28.818956],[98.660818,28.813178],[98.66505,28.804796],[98.677826,28.756944],[98.680186,28.724392],[98.685476,28.708604],[98.702729,28.670925],[98.774913,28.572089],[98.780935,28.555854],[98.790538,28.514594],[98.799083,28.499783],[98.812266,28.483954],[98.834483,28.441759],[98.850597,28.401475],[98.862397,28.357042],[98.864268,28.335557],[98.860932,28.319851],[98.846446,28.285753],[98.843028,28.270453],[98.8449,28.250312],[98.850108,28.225043],[98.857921,28.200954],[98.884776,28.150662],[98.90683,28.128852],[98.912608,28.119574],[98.914561,28.096259],[98.901947,28.053982],[98.898448,28.033962],[98.901134,28.011013],[98.908621,27.993516],[98.932546,27.96129],[99.018972,27.883816],[99.034923,27.852078],[99.036388,27.84044],[99.034923,27.817939],[99.037364,27.812079],[99.042003,27.808132],[99.048595,27.804958],[99.048269,27.797471],[99.043061,27.786404],[99.04184,27.780382],[99.044688,27.772162],[99.050792,27.765408],[99.054861,27.759385],[99.047293,27.743476],[99.05071,27.719306],[99.048595,27.708075],[99.038585,27.698106],[99.027192,27.694119],[99.016205,27.691962],[99.007498,27.687567],[99.003673,27.681098],[98.99879,27.669501],[98.997569,27.658393],[99.004242,27.653428],[99.008067,27.648708],[99.011322,27.637559],[99.014415,27.615587],[99.017589,27.60578],[99.031749,27.596503],[99.034923,27.585232],[99.030935,27.571641],[99.022472,27.56623],[99.013194,27.563503],[99.007498,27.557888],[99.009532,27.548285],[99.028087,27.516303],[99.031993,27.504747],[99.037608,27.480048],[99.04184,27.468533],[99.065929,27.437201],[99.069591,27.423774],[99.072846,27.416775],[99.087006,27.401801],[99.090261,27.396796],[99.090587,27.370551],[99.093354,27.358344],[99.100108,27.348415],[99.10849,27.330349],[99.110281,27.302843],[99.10255,27.276882],[99.082612,27.263007],[99.088959,27.24254],[99.098237,27.22488],[99.112641,27.21247],[99.134288,27.207831],[99.146658,27.197699],[99.17213,27.132676],[99.165457,27.11754],[99.16505,27.102322],[99.166433,27.086697],[99.165294,27.070624],[99.16269,27.064765],[99.154796,27.052802],[99.151541,27.043972],[99.149994,27.026801],[99.150401,27.017198],[99.151541,27.009792],[99.177013,26.952745],[99.18629,26.92239],[99.185639,26.886298],[99.183197,26.878038],[99.170095,26.848456],[99.163829,26.839626],[99.161794,26.837917],[99.157319,26.836005],[99.15919,26.831855],[99.165294,26.824815],[99.140554,26.771674],[99.13795,26.755927],[99.141205,26.748114],[99.154063,26.736599],[99.158376,26.728624],[99.159597,26.719265],[99.130463,26.625596],[99.136648,26.607123],[99.126231,26.587104],[99.111339,26.566718],[99.103933,26.547065],[99.110037,26.526475],[99.138438,26.501899],[99.144786,26.482204],[99.142345,26.474636],[99.132416,26.457587],[99.130463,26.447455],[99.142507,26.421413],[99.144786,26.409939],[99.141043,26.400255],[99.133718,26.392035],[99.129405,26.384141],[99.140391,26.36579],[99.143647,26.352607],[99.144949,26.339789],[99.144786,26.331366],[99.14267,26.324571],[99.134044,26.307074],[99.130463,26.296658],[99.13795,26.186794],[99.130626,26.07335],[99.13795,26.029731],[99.148855,26.005642],[99.151541,25.994981],[99.152761,25.908311],[99.156668,25.886542],[99.165294,25.865831],[99.167898,25.864081],[99.171397,25.863471],[99.175548,25.86225],[99.178803,25.858425],[99.183604,25.842475],[99.1963,25.816596],[99.202403,25.807156],[99.209972,25.803168],[99.217459,25.794501],[99.254649,25.734931],[99.267182,25.692247],[99.274425,25.649604],[99.281261,25.629706],[99.297374,25.616889],[99.336518,25.597724],[99.343272,25.591864],[99.350108,25.584093],[99.355235,25.57628],[99.357595,25.570421],[99.356456,25.558173],[99.351573,25.550645],[99.346446,25.545356],[99.344005,25.53974],[99.33782,25.515815],[99.336518,25.505235],[99.33839,25.499945],[99.347179,25.483466],[99.35019,25.47488],[99.35255,25.456366],[99.351329,25.43891],[99.344493,25.425564],[99.329845,25.419623],[99.313406,25.42475],[99.302745,25.433661],[99.297293,25.432969],[99.294526,25.399848],[99.289968,25.38935],[99.288666,25.3817],[99.292003,25.373562],[99.306651,25.359565],[99.309825,25.354763],[99.313731,25.338446],[99.323741,25.323065],[99.367442,25.27851],[99.413503,25.212185],[99.435557,25.199286],[99.472748,25.16531],[99.480561,25.155829],[99.48878,25.139472],[99.508311,25.133368],[99.530935,25.134101],[99.548839,25.138454],[99.558523,25.129096],[99.579112,25.117784],[99.60255,25.108262],[99.620942,25.104315],[99.635346,25.098904],[99.648367,25.085395],[99.730724,24.977647],[99.74114,24.956977],[99.745209,24.914089],[99.754893,24.892035],[99.765636,24.884345],[99.8095,24.862413],[99.826915,24.857856],[99.83546,24.849799],[99.864757,24.795762],[99.892589,24.77143],[99.926524,24.755805],[99.965587,24.746527],[100.076671,24.733425],[100.101003,24.719062],[100.116222,24.670966],[100.128998,24.67475],[100.142996,24.688666],[100.156749,24.707221],[100.163178,24.718126],[100.168956,24.723822],[100.17628,24.72838],[100.189708,24.732774],[100.210216,24.745917],[100.22934,24.751166],[100.281505,24.757392],[100.306244,24.76793],[100.323416,24.76911],[100.372081,24.750922],[100.381847,24.74494],[100.392507,24.735785],[100.417084,24.719265],[100.426524,24.707058],[100.423595,24.703192],[100.418956,24.693427],[100.433523,24.690741],[100.437104,24.681464],[100.433197,24.655544],[100.439708,24.646593],[100.467865,24.626899],[100.474294,24.614285],[100.47877,24.607937],[100.500662,24.587592],[100.508393,24.576117],[100.511241,24.561591],[100.510753,24.53559],[100.515229,24.522732],[100.524343,24.516547],[100.535818,24.514675],[100.545828,24.510606],[100.55714,24.476182],[100.557058,24.465277],[100.546641,24.460639],[100.527354,24.448432],[100.516775,24.420111],[100.515229,24.388007],[100.522716,24.364447],[100.517833,24.350409],[100.516531,24.27143],[100.528819,24.206732],[100.530935,24.162706],[100.519542,24.122585],[100.493907,24.091986],[100.453868,24.076443],[100.412852,24.076443],[100.403087,24.073269],[100.381847,24.062771],[100.381847,24.051703],[100.392345,23.980251],[100.406668,23.935614],[100.407481,23.915961],[100.395518,23.894843],[100.379487,23.882758],[100.339692,23.85989],[100.323416,23.843695],[100.28948,23.764838],[100.271983,23.754259],[100.255382,23.740668],[100.199962,23.668647],[100.197195,23.660671],[100.179454,23.631415],[100.138601,23.47309],[100.134044,23.467353],[100.120209,23.454169],[100.117442,23.449246],[100.104421,23.411689],[100.074311,23.360867],[100.070242,23.346788],[100.072276,23.329698],[100.081391,23.293321],[100.083263,23.27143],[100.077403,23.25377],[100.050548,23.22724],[100.042979,23.212429],[100.095876,23.17121],[100.114024,23.165229],[100.120046,23.155097],[100.142996,23.071316],[100.146658,23.065212],[100.161388,23.060736],[100.181895,23.04975],[100.18629,23.044867],[100.192963,23.030707],[100.208588,23.013739],[100.226736,23.002997],[100.240896,23.007636],[100.248464,23.007636],[100.257091,22.970771],[100.261974,22.959174],[100.269054,22.949652],[100.274343,22.948269],[100.296153,22.959174],[100.29184,22.915554],[100.300873,22.878852],[100.354991,22.790961],[100.361827,22.776801],[100.365489,22.746161],[100.370128,22.72663],[100.371186,22.716498],[100.362804,22.68244],[100.364513,22.67182],[100.368337,22.670437],[100.392345,22.657538],[100.402273,22.649766],[100.437755,22.612006],[100.512706,22.551703],[100.533295,22.53974],[100.553396,22.534613],[100.567882,22.526923],[100.572683,22.50906],[100.570567,22.473212],[100.574962,22.450954],[100.574718,22.437567],[100.566824,22.431586],[100.564057,22.425401],[100.573171,22.411933],[100.585053,22.398871],[100.590912,22.393744],[100.595144,22.386542],[100.625092,22.363349],[100.646658,22.326606],[100.659272,22.314887],[100.639659,22.309394],[100.631358,22.306098],[100.625092,22.301866],[100.61378,22.288398],[100.609304,22.27851],[100.615245,22.273953],[100.637625,22.262478],[100.660818,22.259101],[100.671153,22.255927],[100.679454,22.251532],[100.699474,22.237087],[100.702566,22.231391],[100.709972,22.209052],[100.713878,22.174913],[100.717052,22.168647],[100.731212,22.151435],[100.734386,22.140489],[100.731212,22.132758],[100.724294,22.125108],[100.71933,22.117377],[100.720714,22.109483],[100.730968,22.10871],[100.757253,22.098904],[100.777924,22.087592],[100.762625,22.071723],[100.771414,22.048774],[100.795909,22.013861],[100.803966,22.010362],[100.820811,22.009304],[100.830577,22.007025],[100.855724,21.989529],[100.867279,21.983466],[100.870372,21.975653],[100.871511,21.955512],[100.874522,21.943793],[100.881765,21.937445],[100.89088,21.932644],[100.899506,21.925116],[100.905935,21.913601],[100.910085,21.900824],[100.912527,21.873318],[100.917898,21.860948],[100.929861,21.853583],[100.941905,21.849229],[100.947276,21.846259],[101.029796,21.849392],[101.067393,21.828925],[101.070811,21.822537],[101.06837,21.808417],[101.068858,21.794379],[101.081065,21.78795],[101.108002,21.791449],[101.173839,21.815253],[101.181244,21.796942],[101.163097,21.784044],[101.118663,21.766872],[101.118663,21.760037],[101.124522,21.744412],[101.127371,21.695339],[101.135916,21.684923],[101.148855,21.676947],[101.161143,21.658555],[101.168468,21.638007],[101.166433,21.623481],[101.173595,21.612128],[101.167247,21.600409],[101.157481,21.586453],[101.153901,21.568223],[101.158702,21.552843],[101.160818,21.534857],[101.15683,21.519884],[101.142833,21.513617],[101.003184,21.406195],[100.909679,21.360297],[100.895763,21.355984],[100.862071,21.323513],[100.851085,21.315009],[100.814138,21.300401],[100.791596,21.297553],[100.772227,21.30447],[100.764659,21.309394],[100.756358,21.312608],[100.747488,21.31448],[100.738048,21.315009],[100.725108,21.311876],[100.72169,21.3039],[100.722179,21.292914],[100.720714,21.280829],[100.689138,21.159532],[100.637218,21.069892],[100.625092,21.054267],[100.606456,21.044135],[100.561534,21.035264],[100.543061,21.027615],[100.555593,21.000067],[100.556895,20.992255],[100.551687,20.985541],[100.53297,20.97366],[100.528819,20.968614],[100.526785,20.94713],[100.517345,20.906521],[100.515229,20.886746],[100.533946,20.874091],[100.622569,20.888739],[100.651785,20.883002],[100.651785,20.876776],[100.626231,20.853705],[100.598562,20.833686],[100.568614,20.817979],[100.536388,20.807888],[100.513113,20.807237],[100.47047,20.818468],[100.383393,20.831895],[100.364513,20.828396],[100.350841,20.815497],[100.341726,20.799669],[100.329275,20.7862],[100.289806,20.775214],[100.274343,20.762234],[100.248464,20.732204],[100.221446,20.709784],[100.210948,20.697577],[100.206716,20.680976],[100.202078,20.668077],[100.179698,20.638373],[100.172537,20.622341],[100.172537,20.609239],[100.15976,20.582872],[100.148855,20.548285],[100.136322,20.459418],[100.127045,20.428046],[100.124929,20.406602],[100.120697,20.388983],[100.11085,20.375067],[100.099294,20.362413],[100.09669,20.348578],[100.097179,20.33515],[100.098888,20.317979],[100.096934,20.283393],[100.10255,20.26378],[100.116222,20.248236],[100.134288,20.239285],[100.152192,20.239325],[100.16741,20.253852],[100.166921,20.292792],[100.175955,20.300808],[100.17921,20.30268],[100.201427,20.310492],[100.206716,20.311347],[100.208914,20.313178],[100.22047,20.349189],[100.240001,20.372992],[100.27003,20.392035],[100.306082,20.399848],[100.344005,20.390163],[100.363862,20.369167],[100.421397,20.250312],[100.447032,20.218207],[100.451752,20.210476],[100.45696,20.196601],[100.460704,20.190945],[100.468354,20.185899],[100.485281,20.178982],[100.488455,20.173529],[100.496023,20.165107],[100.512462,20.155463],[100.528819,20.14997],[100.536388,20.153673],[100.54184,20.166938],[100.554698,20.170356],[100.570404,20.167996],[100.584239,20.163601],[100.594493,20.128363],[100.584239,20.012763],[100.593028,19.819403],[100.601573,19.802843],[100.621674,19.810411],[100.631928,19.815945],[100.641775,19.816474],[100.655528,19.813544],[100.668875,19.81505],[100.678233,19.818793],[100.748546,19.858018],[100.779552,19.884874],[100.792084,19.891059],[100.805919,19.892035],[100.927989,19.873318],[100.974539,19.859565],[101.009369,19.834052],[101.013113,19.841132],[101.019542,19.850165],[101.02239,19.85574],[101.029796,19.85574],[101.043224,19.840888],[101.059581,19.845893],[101.084402,19.86876],[101.109386,19.885688],[101.118663,19.889268],[101.131358,19.888739],[101.142019,19.883857],[101.150401,19.878241],[101.169526,19.869005],[101.23463,19.827826],[101.257904,19.821357],[101.5595,19.823513],[101.596934,19.831366],[101.618907,19.85574],[101.606863,19.863145],[101.619395,19.874457],[101.641124,19.884792],[101.656342,19.889268],[101.666515,19.895087],[101.695811,19.922309],[101.707612,19.930854],[101.748057,19.941189],[101.829275,19.948065],[101.865245,19.957546],[101.898692,19.979356],[101.950206,20.034206],[101.974539,20.053738],[101.992198,20.059597],[102.04713,20.053738],[102.063569,20.058173],[102.119151,20.088487],[102.15797,20.092231],[102.190684,20.080675],[102.216807,20.057481],[102.23585,20.026435],[102.246511,19.988105],[102.240896,19.958808],[102.222341,19.935818],[102.194265,19.916571],[102.184988,19.91238],[102.16741,19.906765],[102.160167,19.902899],[102.141531,19.879259],[102.136241,19.875596],[102.127208,19.873481],[102.117686,19.864081],[102.10849,19.861925],[102.085948,19.860216],[102.045421,19.851996],[102.038829,19.848822],[102.029796,19.841498],[102.023855,19.832058],[102.011648,19.805935],[102.00587,19.800482],[101.993175,19.794379],[101.893565,19.705634],[101.885753,19.687201],[101.87672,19.679389],[101.835541,19.657986],[101.824311,19.649685],[101.814952,19.615017],[101.816742,19.481513],[101.820893,19.467149],[101.829112,19.454128],[101.841319,19.440863],[101.856944,19.43122],[101.896414,19.414374],[101.906261,19.403266],[101.899425,19.393419],[101.866222,19.360297],[101.858409,19.344916],[101.853282,19.325466],[101.830333,19.292304],[101.824311,19.27912],[101.823985,19.260199],[101.830577,19.200954],[101.828705,19.180772],[101.820323,19.147284],[101.808604,19.032579],[101.804861,19.021267],[101.803152,19.010565],[101.806895,19.002021],[101.812266,18.99433],[101.814952,18.985053],[101.816905,18.964423],[101.815929,18.94127],[101.805675,18.904161],[101.803233,18.885606],[101.808849,18.870307],[101.851003,18.826687],[101.861746,18.793402],[101.85434,18.763373],[101.824311,18.703721],[101.819591,18.682685],[101.815115,18.640815],[101.810639,18.621853],[101.779307,18.568874],[101.763764,18.549587],[101.742605,18.502265],[101.732188,18.491482],[101.729991,18.488471],[101.707612,18.471015],[101.696056,18.466742],[101.683197,18.464423],[101.670665,18.465359],[101.65976,18.471015],[101.644542,18.457628],[101.626394,18.421169],[101.615164,18.405544],[101.593028,18.390937],[101.577729,18.385077],[101.574229,18.375759],[101.573416,18.364447],[101.571056,18.354926],[101.561534,18.341335],[101.546967,18.325385],[101.529877,18.312079],[101.512462,18.306505],[101.490489,18.303046],[101.481212,18.293809],[101.476166,18.280707],[101.467377,18.26557],[101.420828,18.214708],[101.40325,18.182196],[101.399099,18.141425],[101.404307,18.127794],[101.422944,18.096381],[101.427013,18.084011],[101.433197,18.012315],[101.430919,17.982611],[101.424571,17.954657],[101.423595,17.9289],[101.444835,17.894884],[101.449474,17.884833],[101.456391,17.877387],[101.471202,17.874538],[101.495372,17.879096],[101.504242,17.875841],[101.509044,17.860867],[101.515717,17.860867],[101.523204,17.866645],[101.537364,17.873603],[101.551199,17.87519],[101.557384,17.864569],[101.554698,17.857123],[101.536794,17.826728],[101.536794,17.820502],[101.543468,17.815538],[101.550222,17.81391],[101.557058,17.815538],[101.563569,17.820502]]}},{"type":"Feature","properties":{"name":"Yarlung","scalerank":2},"geometry":{"type":"LineString","coordinates":[[87.660167,29.151557],[87.67628,29.154242],[87.687511,29.166287],[87.668224,29.200222],[87.668061,29.2178],[87.683849,29.237657],[87.693126,29.244086],[87.710378,29.252305],[87.717865,29.258165],[87.726736,29.269558],[87.742117,29.302273],[87.776296,29.333767],[87.817963,29.347602],[87.906668,29.364325],[87.964285,29.395046],[87.985037,29.399034],[88.041433,29.387519],[88.090017,29.383653],[88.105235,29.378241],[88.129242,29.354071],[88.149018,29.34044],[88.168875,29.337104],[88.186697,29.341376],[88.201427,29.350653],[88.205333,29.357123],[88.208263,29.365424],[88.212576,29.373114],[88.221283,29.377956],[88.234304,29.377997],[88.241628,29.373074],[88.248464,29.367214],[88.259776,29.364325],[88.270925,29.365424],[88.290538,29.370063],[88.30071,29.371161],[88.306733,29.367947],[88.318289,29.35163],[88.324962,29.344428],[88.342703,29.335517],[88.362641,29.331326],[88.403087,29.330146],[88.425304,29.335761],[88.4699,29.359565],[88.495616,29.364325],[88.557872,29.352607],[88.63087,29.350653],[88.832042,29.344428],[88.843354,29.339545],[88.851736,29.334296],[88.860606,29.334093],[88.872976,29.344428],[88.91212,29.328884],[88.946056,29.351752],[88.979421,29.381212],[89.016368,29.385443],[89.022878,29.380154],[89.047374,29.354071],[89.055593,29.349433],[89.066498,29.346503],[89.122813,29.342882],[89.133067,29.344428],[89.142507,29.349473],[89.157319,29.364325],[89.167247,29.371161],[89.187104,29.360948],[89.204682,29.357123],[89.246349,29.357489],[89.255789,29.360663],[89.274506,29.374823],[89.280528,29.377956],[89.36435,29.364081],[89.396576,29.354438],[89.430919,29.348009],[89.475678,29.350653],[89.544363,29.368679],[89.567882,29.371161],[89.661225,29.371161],[89.694591,29.363796],[89.764415,29.32571],[89.811534,29.322699],[89.927989,29.340115],[89.990245,29.364325],[90.013927,29.36754],[90.074962,29.357489],[90.138194,29.35989],[90.286062,29.336249],[90.325287,29.322699],[90.380626,29.293769],[90.397472,29.289171],[90.401866,29.285468],[90.418061,29.266425],[90.421641,29.258165],[90.427338,29.253119],[90.44044,29.25495],[90.462576,29.261908],[90.54599,29.273708],[90.582449,29.284776],[90.70045,29.348904],[90.740326,29.3546],[90.757335,29.319648],[90.764659,29.295681],[90.780935,29.297227],[90.808442,29.316474],[90.819021,29.320868],[90.839285,29.340115],[90.84962,29.344428],[90.890554,29.344428],[90.906342,29.340115],[90.937592,29.320868],[90.959727,29.316474],[90.969493,29.320095],[90.97991,29.32685],[90.990326,29.330878],[91.000418,29.326483],[91.008067,29.321112],[91.017507,29.318386],[91.038015,29.316474],[91.086355,29.330837],[91.114757,29.335395],[91.127371,29.325303],[91.138601,29.318427],[91.287852,29.291531],[91.302745,29.284695],[91.321707,29.285183],[91.357351,29.293809],[91.376882,29.296169],[91.436046,29.290554],[91.451752,29.291938],[91.511322,29.303982],[91.570079,29.305203],[91.649913,29.28852],[91.663259,29.28738],[91.670665,29.288153],[91.691742,29.293647],[91.708588,29.294623],[91.769054,29.288601],[91.783132,29.290595],[91.836925,29.305447],[91.865652,29.307807],[91.894542,29.306586],[91.922862,29.301622],[91.949718,29.293077],[91.951182,29.28913],[91.953868,29.287218],[91.956635,29.285956],[91.959402,29.283474],[91.96046,29.281033],[91.961681,29.275702],[91.962901,29.273057],[91.97519,29.264594],[91.992931,29.261054],[92.011241,29.262071],[92.025401,29.267605],[92.028901,29.271918],[92.03476,29.284288],[92.038585,29.289171],[92.048269,29.295681],[92.059093,29.299628],[92.07073,29.301622],[92.128917,29.304796],[92.1456,29.303412],[92.19337,29.278876],[92.271088,29.252061],[92.345144,29.237413],[92.356944,29.236843],[92.370372,29.242214],[92.39088,29.265652],[92.398204,29.271023],[92.42213,29.269355],[92.450287,29.263983],[92.473725,29.254421],[92.483653,29.239936],[92.487722,29.224189],[92.523936,29.164089],[92.525076,29.158881],[92.529714,29.156765],[92.545665,29.154893],[92.556407,29.155544],[92.580577,29.160712],[92.593435,29.16116],[92.584076,29.141547],[92.581147,29.131171],[92.583507,29.123236],[92.59433,29.117255],[92.60198,29.121202],[92.608165,29.128852],[92.614513,29.133816],[92.637706,29.138129],[92.663666,29.140163],[92.688406,29.136094],[92.707286,29.12226],[92.715912,29.10871],[92.721121,29.103095],[92.729421,29.098212],[92.73642,29.096015],[92.870372,29.097032],[92.888927,29.092637],[92.89796,29.082831],[92.906342,29.07864],[92.919932,29.068427],[92.928315,29.063585],[92.938731,29.059597],[92.959565,29.055203],[92.995128,29.053575],[93.019623,29.056586],[93.042572,29.064561],[93.062022,29.078803],[93.07366,29.093207],[93.088878,29.117987],[93.096772,29.126003],[93.106212,29.129462],[93.116303,29.125108],[93.121593,29.116034],[93.121755,29.105333],[93.120372,29.094265],[93.121023,29.083767],[93.12379,29.076483],[93.127859,29.069851],[93.14088,29.052558],[93.145925,29.042344],[93.149018,29.037665],[93.15919,29.031195],[93.171479,29.030585],[93.184581,29.031928],[93.196788,29.031358],[93.20753,29.026313],[93.224864,29.012519],[93.234467,29.00963],[93.283295,29.004177],[93.29892,29.00491],[93.316742,29.010118],[93.332937,29.018744],[93.347667,29.029893],[93.393484,29.083767],[93.404389,29.105007],[93.411143,29.114691],[93.4192,29.122016],[93.43629,29.134141],[93.443126,29.142198],[93.461355,29.175076],[93.474539,29.185858],[93.490652,29.189643],[93.508067,29.189154],[93.55714,29.182196],[93.590343,29.183702],[93.606212,29.18183],[93.616466,29.182888],[93.621349,29.182196],[93.626394,29.177354],[93.628184,29.163886],[93.631847,29.16116],[93.654552,29.163153],[93.687266,29.169704],[93.703868,29.167914],[93.713796,29.163642],[93.722179,29.158759],[93.730968,29.155585],[93.742442,29.156684],[93.766694,29.166571],[93.778412,29.169501],[93.792247,29.167914],[93.823009,29.156114],[93.834239,29.154608],[93.848888,29.155707],[93.864757,29.159247],[93.879405,29.165473],[93.89088,29.174628],[93.90032,29.186632],[93.905284,29.19184],[93.911876,29.195828],[93.930756,29.200873],[93.969249,29.204779],[93.988048,29.210313],[94.016043,29.2237],[94.026296,29.225938],[94.060964,29.228339],[94.078868,29.227647],[94.095307,29.224921],[94.118256,29.216742],[94.126231,29.214952],[94.161143,29.214545],[94.179617,29.217149],[94.194835,29.221869],[94.355968,29.309516]]}},{"type":"Feature","properties":{"name":"Irtysh","scalerank":2},"geometry":{"type":"LineString","coordinates":[[68.861339,61.124457],[68.870209,61.117377],[68.880056,61.111599],[68.90089,61.103461],[68.935313,61.100287],[68.946218,61.097113],[68.950694,61.094062],[68.954356,61.089911],[68.979421,61.038886],[68.985769,61.029486],[68.993907,61.024766],[68.99822,61.017524],[69.006928,61.009589],[69.017019,61.003485],[69.02532,61.00141],[69.042735,60.9914],[69.060476,60.984198],[69.079112,60.980089],[69.158376,60.980089],[69.177826,60.975409],[69.221934,60.956366],[69.23821,60.954454],[69.300141,60.96247],[69.321218,60.960639],[69.369558,60.939399],[69.386811,60.936632],[69.405365,60.940131],[69.443858,60.951768],[69.462413,60.950507],[69.474213,60.94127],[69.480398,60.926785],[69.489268,60.896064],[69.501069,60.882351],[69.516694,60.873358],[69.550222,60.85871],[69.563487,60.847927],[69.572032,60.835273],[69.585867,60.80622],[69.59669,60.79328],[69.638764,60.766181],[69.649506,60.752021],[69.65504,60.736192],[69.658783,60.719672],[69.664643,60.703315],[69.676036,60.690131],[69.691335,60.682237],[69.759369,60.670966],[69.776134,60.670233],[69.826427,60.676215],[69.837901,60.675076],[69.848399,60.67239],[69.860362,60.667833],[69.869558,60.660834],[69.871755,60.650824],[69.865733,60.640652],[69.854503,60.63227],[69.830333,60.621202],[69.821707,60.614203],[69.819347,60.604804],[69.818126,60.59455],[69.812755,60.584744],[69.796804,60.573676],[69.778575,60.56448],[69.762462,60.553168],[69.753347,60.535834],[69.75644,60.515652],[69.77003,60.498603],[69.802013,60.469591],[69.812104,60.454372],[69.816905,60.43891],[69.814545,60.423651],[69.802989,60.408759],[69.776947,60.388373],[69.766856,60.375352],[69.765066,60.360053],[69.774913,60.350165],[69.793468,60.346381],[69.828705,60.345038],[69.838145,60.341986],[69.844656,60.336493],[69.875662,60.278144],[69.882823,60.254991],[69.883556,60.232611],[69.865815,60.232489],[69.831065,60.240831],[69.813487,60.242499],[69.805675,60.241156],[69.799734,60.237982],[69.795095,60.232856],[69.785085,60.210761],[69.780528,60.205024],[69.752208,60.184353],[69.744884,60.180691],[69.717377,60.17121],[69.705089,60.16474],[69.694347,60.154608],[69.688487,60.145819],[69.683523,60.135525],[69.680268,60.124579],[69.679617,60.114081],[69.682872,60.103949],[69.690033,60.097235],[69.699718,60.093451],[69.710378,60.091986],[69.726166,60.093573],[69.740245,60.098578],[69.767833,60.112006],[69.774018,60.114325],[69.779389,60.115424],[69.784272,60.115302],[69.788829,60.11404],[69.802419,60.106513],[69.80364,60.102362],[69.812918,60.097764],[69.839692,60.079047],[69.895925,60.051093],[69.912608,60.038642],[69.920095,60.024482],[69.920014,60.006863],[69.910411,59.972968],[69.901134,59.955634],[69.889089,59.944525],[69.858165,59.926215],[69.849864,59.911241],[69.859955,59.895697],[69.910737,59.856391],[69.918712,59.846991],[69.921967,59.837022],[69.919037,59.829169],[69.912039,59.824897],[69.903087,59.823106],[69.894786,59.822781],[69.879893,59.823839],[69.811941,59.841498],[69.799327,59.843207],[69.78712,59.841864],[69.771251,59.828681],[69.766205,59.806993],[69.764659,59.761746],[69.747569,59.741278],[69.717296,59.737576],[69.587332,59.757188],[69.552745,59.753485],[69.523204,59.73782],[69.481944,59.686794],[69.465017,59.672716],[69.440033,59.66238],[69.334239,59.649522],[69.311941,59.642768],[69.294526,59.629828],[69.286388,59.607856],[69.284109,59.586005],[69.278901,59.567003],[69.267589,59.552314],[69.246593,59.543158],[69.218761,59.541327],[69.124278,59.561347],[69.088796,59.564032],[69.086355,59.553656],[69.086192,59.544135],[69.089936,59.524604],[69.090343,59.512274],[69.086192,59.502468],[69.042572,59.460273],[69.032725,59.452826],[69.020925,59.447374],[69.009288,59.445339],[68.997325,59.445909],[68.947358,59.456651],[68.910167,59.458848],[68.897227,59.456977],[68.888764,59.450873],[68.893565,59.434597],[68.939057,59.40705],[68.942393,59.385199],[68.937022,59.378933],[68.886729,59.350043],[68.879324,59.343329],[68.87322,59.334744],[68.869151,59.324652],[68.860281,59.294013],[68.85491,59.288398],[68.847097,59.285264],[68.824799,59.27912],[68.813894,59.274522],[68.803315,59.268622],[68.793875,59.261054],[68.805105,59.25495],[68.814545,59.247138],[68.821056,59.237128],[68.823334,59.224473],[68.82073,59.212673],[68.81601,59.200385],[68.813243,59.1883],[68.815929,59.176785],[68.840017,59.167344],[68.907725,59.176052],[68.922862,59.161241],[68.916921,59.150499],[68.901785,59.144355],[68.871023,59.137885],[68.856537,59.130194],[68.846446,59.119249],[68.841726,59.105577],[68.843354,59.089382],[68.879893,59.043402],[68.892345,59.019477],[68.877208,59.005561],[68.767182,59.034857],[68.745616,59.026557],[68.749929,59.014268],[68.765147,59.002143],[68.796316,58.985948],[68.84547,58.968085],[68.85906,58.958319],[68.866466,58.945258],[68.862641,58.93537],[68.851329,58.929145],[68.836925,58.926947],[68.766856,58.933214],[68.743337,58.929755],[68.728933,58.922553],[68.724132,58.913438],[68.727631,58.902899],[68.748627,58.881456],[68.756765,58.870958],[68.756602,58.861884],[68.742768,58.856228],[68.686941,58.856798],[68.676768,58.850124],[68.682546,58.838406],[68.698822,58.826728],[68.730398,58.809882],[68.741466,58.801093],[68.749034,58.790635],[68.750092,58.779364],[68.742117,58.767605],[68.727061,58.758124],[68.708507,58.751247],[68.689057,58.747748],[68.671397,58.748481],[68.655528,58.755072],[68.628022,58.778632],[68.613536,58.788642],[68.60019,58.793321],[68.585053,58.795233],[68.574962,58.790839],[68.576589,58.776964],[68.591807,58.750352],[68.59547,58.736925],[68.592784,58.720526],[68.586192,58.706488],[68.559093,58.668321],[68.551687,58.654324],[68.549408,58.641466],[68.554291,58.630235],[68.567149,58.620714],[68.581391,58.61404],[68.590587,58.607733],[68.593842,58.59866],[68.587413,58.567328],[68.591563,58.556464],[68.61378,58.537543],[68.622162,58.524604],[68.619558,58.512885],[68.608897,58.503933],[68.594005,58.49905],[68.578054,58.498806],[68.435151,58.517157],[68.421886,58.514757],[68.410411,58.50727],[68.398936,58.494656],[68.386322,58.483425],[68.342784,58.465766],[68.332042,58.454413],[68.331472,58.440863],[68.341726,58.411933],[68.343842,58.397528],[68.341726,58.384101],[68.335867,58.371609],[68.327159,58.359809],[68.301768,58.344346],[68.271088,58.343126],[68.208995,58.354112],[68.177989,58.354315],[68.162608,58.350287],[68.151378,58.341376],[68.14796,58.327745],[68.153412,58.31448],[68.163829,58.303087],[68.175222,58.295193],[68.224864,58.282009],[68.236339,58.273017],[68.23878,58.261054],[68.235037,58.247423],[68.224864,58.221869],[68.222179,58.166124]]}},{"type":"Feature","properties":{"name":"Irtysh","scalerank":2},"geometry":{"type":"LineString","coordinates":[[73.721934,54.693793],[73.693451,54.70539],[73.63323,54.718126],[73.608409,54.73196],[73.597097,54.746894],[73.580658,54.780463],[73.563731,54.797431],[73.520518,54.825263],[73.477957,54.842556],[73.431895,54.84752],[73.378673,54.838324],[73.357351,54.837714],[73.326264,54.842108],[73.303396,54.852403],[73.30714,54.869452],[73.314952,54.877753],[73.322358,54.888251],[73.328054,54.899522],[73.333425,54.925401],[73.340831,54.933539],[73.350027,54.939643],[73.358328,54.948188],[73.360281,54.995225],[73.308523,55.012559],[73.187022,55.023383],[73.165945,55.035183],[73.150971,55.049628],[73.1421,55.06741],[73.139171,55.088813],[73.141368,55.114936],[73.147553,55.131781],[73.17335,55.160509],[73.195242,55.20657],[73.176768,55.240668],[73.134288,55.258612],[73.083995,55.25613],[73.010265,55.237331],[72.98463,55.235622],[72.980072,55.246894],[72.990896,55.271918],[73.016205,55.311347],[73.032725,55.324286],[73.053315,55.335232],[73.076671,55.342637],[73.132253,55.347846],[73.154714,55.355251],[73.229747,55.41474],[73.271983,55.438503],[73.317882,55.456651],[73.41741,55.477729],[73.439138,55.485663],[73.457286,55.499376],[73.468191,55.540717],[73.473643,55.545478],[73.499604,55.560167],[73.553722,55.583197],[73.725841,55.626085],[73.770112,55.643134],[73.823985,55.650092],[73.845876,55.659491],[73.885834,55.688096],[73.932384,55.710517],[73.98585,55.724066],[74.04241,55.730007],[74.225108,55.722846],[74.238699,55.724962],[74.266043,55.734402],[74.280284,55.736518],[74.329519,55.734931],[74.345225,55.736518],[74.367198,55.744249],[74.391856,55.759141],[74.411876,55.778876],[74.427989,55.822333],[74.446788,55.838568],[74.578298,55.903388],[74.617198,55.930935],[74.74879,56.076728],[74.756765,56.08161],[74.759776,56.089423],[74.773448,56.099311],[74.776459,56.109565],[74.770518,56.11697],[74.756602,56.12226],[74.728608,56.126899],[74.705496,56.122829],[74.677826,56.114447],[74.649913,56.11046],[74.625662,56.119452],[74.616954,56.134955],[74.626475,56.145575],[74.645925,56.151638],[74.694347,56.154853],[74.708588,56.160102],[74.714122,56.171576],[74.715017,56.191474],[74.711925,56.202501],[74.703868,56.210273],[74.6928,56.214871],[74.666026,56.216986],[74.663015,56.219835],[74.665131,56.225898],[74.666596,56.236151],[74.677257,56.247504],[74.68157,56.2567],[74.677257,56.267198],[74.653087,56.298204],[74.677419,56.315863],[74.698985,56.307318],[74.732026,56.267198],[74.75644,56.258246],[74.781668,56.269314],[74.795828,56.291327],[74.78712,56.315294],[74.767507,56.324042],[74.737397,56.333116],[74.710948,56.344509],[74.701427,56.359687],[74.715831,56.371405],[74.77239,56.383124],[74.790701,56.400662],[74.769786,56.412299],[74.713878,56.409613],[74.690929,56.417751],[74.677419,56.435126],[74.673839,56.45307],[74.677664,56.4713],[74.699718,56.511786],[74.704682,56.529079],[74.694916,56.540554],[74.663585,56.544704],[74.649343,56.551825],[74.659923,56.568915],[74.676768,56.589179],[74.680919,56.606065],[74.66155,56.614814],[74.605235,56.602729],[74.581065,56.609483],[74.5713,56.6317],[74.586843,56.648464],[74.608897,56.663601],[74.618744,56.68122],[74.612804,56.689805],[74.599864,56.695421],[74.571056,56.702338],[74.526134,56.722195],[74.523448,56.728542],[74.530854,56.740546],[74.544688,56.74787],[74.560557,56.74018],[74.570893,56.732733],[74.583995,56.7296],[74.596609,56.73078],[74.605235,56.736436],[74.603038,56.749335],[74.566661,56.776638],[74.557384,56.794501],[74.560964,56.804267],[74.5678,56.812608],[74.571869,56.820583],[74.567393,56.828925],[74.557546,56.837958],[74.510183,56.902859],[74.490652,56.916571],[74.464366,56.921983],[74.40032,56.919745],[74.369395,56.924994],[74.35198,56.941921],[74.365245,56.945014],[74.394949,56.945502],[74.407237,56.948757],[74.415701,56.957099],[74.416433,56.966254],[74.409923,56.97366],[74.396983,56.97663],[74.368663,56.980048],[74.353608,56.979438],[74.342052,56.972968],[74.33074,56.968573],[74.31837,56.974677],[74.306651,56.984198],[74.297374,56.989691],[74.272472,56.986355],[74.247976,56.978054],[74.229096,56.978217],[74.22169,57.000556],[74.206147,57.016669],[74.131277,57.024115],[74.104991,57.031277],[74.093028,57.050645],[74.102957,57.066107],[74.142833,57.096137],[74.154226,57.118232],[74.143077,57.131212],[74.013764,57.178005],[73.984874,57.181464],[73.957937,57.178738],[73.878998,57.160997],[73.839692,57.160102],[73.820567,57.162624],[73.803966,57.168484],[73.793956,57.176215],[73.778575,57.195176],[73.769786,57.201972],[73.738048,57.221259],[73.698741,57.224636],[73.656993,57.223578],[73.618337,57.229926],[73.634776,57.242987],[73.689057,57.24197],[73.700776,57.25377],[73.686453,57.266181],[73.652924,57.271064],[73.590912,57.27086],[73.484467,57.284491],[73.474864,57.28144],[73.455333,57.267768],[73.443614,57.264675],[73.428396,57.268866],[73.421641,57.278022],[73.422374,57.287177],[73.429861,57.291327],[73.44101,57.294989],[73.445079,57.303412],[73.442393,57.31269],[73.433442,57.319281],[73.422455,57.319159],[73.372813,57.302314],[73.359955,57.299913],[73.346934,57.301093],[73.333751,57.308661],[73.313894,57.339789],[73.305756,57.342556],[73.286062,57.35574],[73.275808,57.360216],[73.260509,57.361436],[73.196056,57.347439],[73.184825,57.349555],[73.17335,57.360216],[73.173106,57.367499],[73.17628,57.377631],[73.176199,57.389228],[73.166515,57.40119],[73.145274,57.388983],[73.125418,57.381944],[73.11085,57.387234],[73.104991,57.411729],[73.089936,57.419216],[73.018321,57.438666],[72.995128,57.442206],[72.983653,57.438422],[72.975108,57.432196],[72.966075,57.427517],[72.953624,57.428534],[72.939952,57.436062],[72.941417,57.443427],[72.948985,57.452704],[72.953624,57.466091],[72.947765,57.474433],[72.934011,57.477729],[72.919037,57.476874],[72.90919,57.472846],[72.890717,57.441921],[72.885265,57.435329],[72.856537,57.427436],[72.838878,57.438178],[72.824636,57.454291],[72.806163,57.462673],[72.791108,57.464789],[72.762462,57.474189],[72.74879,57.476264],[72.703705,57.473253],[72.61435,57.495673],[72.587006,57.497423],[72.561941,57.486762],[72.548432,57.486274],[72.542735,57.500556],[72.508556,57.531562],[72.491791,57.542792],[72.470795,57.55036],[72.446707,57.551785],[72.419851,57.544542],[72.419851,57.538398],[72.427338,57.53498],[72.434011,57.530219],[72.446381,57.51789],[72.423269,57.513251],[72.39446,57.521308],[72.371755,57.535264],[72.367931,57.548285],[72.380951,57.570258],[72.371104,57.578396],[72.348643,57.57746],[72.292003,57.568223],[72.196707,57.572537],[72.185964,57.569281],[72.171641,57.555203],[72.15919,57.552069],[72.108979,57.558214],[72.063731,57.558783],[72.053966,57.561225],[72.016694,57.57807],[72.006847,57.579291],[71.990815,57.579291],[71.963959,57.572211],[71.948741,57.57038],[71.936046,57.575954],[71.922781,57.583686],[71.905772,57.586941],[71.810557,57.581407],[71.795095,57.588446],[71.806163,57.610419],[71.815684,57.617133],[71.823416,57.619493],[71.828868,57.624213],[71.83074,57.637641],[71.823334,57.646552],[71.80657,57.647732],[71.774913,57.641425],[71.72755,57.620429],[71.698416,57.615424],[71.685476,57.630561],[71.689871,57.641669],[71.6963,57.651801],[71.695811,57.659125],[71.678966,57.661933],[71.647878,57.660427],[71.617931,57.655097],[71.564057,57.636664],[71.533214,57.630927],[71.511485,57.637641],[71.506928,57.647732],[71.5088,57.658271],[71.512706,57.668891],[71.514903,57.678982],[71.5088,57.6883],[71.49464,57.695258],[71.467052,57.702826],[71.452159,57.704372],[71.424571,57.701443],[71.411713,57.702826],[71.398529,57.70954],[71.376964,57.726182],[71.363862,57.72956],[71.33196,57.727403],[71.305756,57.721706],[71.254161,57.702826],[71.227631,57.696601],[71.192149,57.693223],[71.157644,57.695502],[71.134288,57.706244],[71.108897,57.739081],[71.092865,57.749783],[71.069835,57.750596],[71.049327,57.744412],[71.033946,57.737738],[71.017507,57.734158],[70.99407,57.737006],[70.98642,57.740058],[70.970632,57.748847],[70.96339,57.750596],[70.957123,57.75434],[70.961925,57.762234],[70.9699,57.769232],[70.978933,57.77204],[70.989838,57.779649],[70.995535,57.788194],[70.98406,57.792263],[70.892182,57.79328],[70.872081,57.786444],[70.855479,57.751085],[70.836436,57.749945],[70.814708,57.757595],[70.783295,57.778144],[70.766124,57.785915],[70.746186,57.790635],[70.723155,57.792263],[70.711436,57.798651],[70.704112,57.81269],[70.694347,57.826768],[70.675304,57.833197],[70.65919,57.840644],[70.643565,57.853542],[70.629161,57.857774],[70.61671,57.839423],[70.624115,57.818874],[70.61085,57.808661],[70.592214,57.809516],[70.58253,57.822333],[70.579031,57.841498],[70.569265,57.855902],[70.555105,57.864814],[70.499929,57.871853],[70.485281,57.870185],[70.466401,57.86046],[70.44752,57.843573],[70.438894,57.841173],[70.425548,57.846869],[70.420014,57.851996],[70.418224,57.858466],[70.420095,57.865912],[70.425548,57.874132],[70.404714,57.889024],[70.386241,57.907091],[70.383881,57.92239],[70.436127,57.933905],[70.430675,57.944648],[70.406993,57.954535],[70.377045,57.956732],[70.320811,57.94245],[70.293224,57.94245],[70.281505,57.96015],[70.271983,57.984442],[70.249034,57.988349],[70.221772,57.980577],[70.198985,57.969753],[70.163097,57.94538],[70.151134,57.943061],[70.138438,57.94949],[70.138927,57.959296],[70.142996,57.970282],[70.140636,57.980292],[70.121104,57.993679],[70.092784,58.005439],[70.061941,58.012397],[70.034597,58.011339],[70.023936,58.005642],[70.016124,57.997748],[70.007091,57.9914],[69.992931,57.990261],[69.982839,57.993679],[69.972911,57.999823],[69.956391,58.014472],[69.934581,58.018581],[69.849539,57.983995],[69.7671,57.98904],[69.730886,57.982774],[69.733409,57.956732],[69.705333,57.950141],[69.681244,57.955593],[69.658214,57.964871],[69.495372,57.985867],[69.479096,57.990261],[69.472179,58.0008],[69.476329,58.011908],[69.482595,58.021674],[69.482026,58.028591],[69.408376,58.033637],[69.379975,58.030097],[69.362885,58.017524],[69.372,58.01199],[69.375092,58.004421],[69.372162,57.996649],[69.362885,57.990261],[69.350841,57.989447],[69.326752,58.0008],[69.311615,58.003933],[69.298432,58.0008],[69.274099,57.987128],[69.260509,57.983995],[69.246593,57.987372],[69.23585,57.995795],[69.208018,58.033637],[69.201752,58.040351],[69.192149,58.045478],[69.175548,58.048529],[69.164561,58.045722],[69.154389,58.041083],[69.115001,58.033637],[69.092052,58.021348],[69.048269,57.990261],[69.034434,57.98371],[69.023692,57.982856],[68.999766,57.990261],[68.981619,58.002712],[68.968516,58.006781],[68.942963,57.995958],[68.928233,57.997626],[68.906749,58.003933],[68.904226,58.008612],[68.920014,58.031114],[68.924083,58.038642],[68.896902,58.048651],[68.791921,58.001899],[68.753347,58.02497],[68.755951,58.030585],[68.763276,58.037665],[68.768077,58.045966],[68.763276,58.055447],[68.719493,58.081326],[68.711192,58.084988],[68.685476,58.088568],[68.663585,58.097968],[68.635671,58.103054],[68.542979,58.14289],[68.525483,58.146593],[68.50294,58.147895],[68.484955,58.143622],[68.456554,58.124823],[68.441173,58.120551],[68.424327,58.126166],[68.396251,58.152899],[68.382823,58.162136],[68.361095,58.167507],[68.336843,58.169379],[68.314382,58.166815],[68.27825,58.148505],[68.261241,58.152126],[68.244395,58.161404],[68.225841,58.168402]]}},{"type":"Feature","properties":{"name":"Irtysh","scalerank":2},"geometry":{"type":"LineString","coordinates":[[73.721934,54.693793],[73.728282,54.693793]]}},{"type":"Feature","properties":{"name":"Irtysh","scalerank":2},"geometry":{"type":"LineString","coordinates":[[74.993582,53.985622],[74.93629,53.989081],[74.893158,54.00849],[74.915294,54.009955],[74.930675,54.0185],[74.932384,54.028998],[74.913666,54.036444],[74.928803,54.075629],[74.934825,54.084825],[74.917979,54.102484],[74.900808,54.115058],[74.880951,54.122626],[74.832449,54.12995],[74.813487,54.141913],[74.783295,54.173651],[74.681895,54.256944],[74.660574,54.297187],[74.645274,54.344062],[74.633881,54.362616],[74.615164,54.382432],[74.59547,54.394843],[74.572846,54.400946],[74.447358,54.414415],[74.430593,54.423448],[74.422537,54.430772],[74.405365,54.442206],[74.396983,54.451036],[74.381114,54.479071],[74.372488,54.488308],[74.340912,54.511664],[74.301199,54.533962],[74.257498,54.550605],[74.214854,54.557196],[74.120697,54.556993],[74.072765,54.56269],[74.029796,54.577704],[73.967784,54.626085],[73.904552,54.646348],[73.888927,54.656195],[73.874441,54.662624],[73.783946,54.676215],[73.721934,54.693793]]}},{"type":"Feature","properties":{"name":"Mekong","scalerank":2},"geometry":{"type":"LineString","coordinates":[[103.090343,18.13703],[103.088634,18.135037],[103.109874,18.141954],[103.126475,18.152045],[103.138194,18.166856],[103.144786,18.188178],[103.150645,18.221706],[103.156993,18.237169],[103.167898,18.249945],[103.17628,18.255072],[103.184825,18.257921],[103.214773,18.262478],[103.236339,18.270209],[103.273041,18.276231],[103.286143,18.280544],[103.295014,18.28795],[103.29599,18.297065],[103.29005,18.305365],[103.24822,18.332831],[103.239757,18.336208],[103.237722,18.341742],[103.235037,18.345486],[103.233165,18.349473],[103.23349,18.356024],[103.243663,18.380316],[103.260509,18.400417],[103.282156,18.415717],[103.30657,18.425849],[103.386241,18.441677],[103.396251,18.441596],[103.451101,18.425482],[103.469656,18.422187],[103.474294,18.422309],[103.48878,18.424628],[103.497325,18.423936],[103.522878,18.417914],[103.548432,18.415595],[103.606619,18.40058],[103.621023,18.390937],[103.629649,18.383409],[103.638194,18.378201],[103.695242,18.35338],[103.708751,18.349921],[103.766694,18.346869],[103.784272,18.344102],[103.800955,18.338446],[103.816905,18.330593],[103.831716,18.320868],[103.841807,18.309272],[103.848399,18.296576],[103.857432,18.286648],[103.873546,18.283474],[103.88087,18.284613],[103.885509,18.287177],[103.889252,18.291327],[103.893321,18.297431],[103.90976,18.315497],[103.929128,18.327745],[103.950857,18.333197],[103.975027,18.330878],[103.999766,18.318671],[104.018321,18.299343],[104.068126,18.215603],[104.110606,18.114814],[104.122,18.095486],[104.135265,18.079901],[104.197765,18.025743],[104.21046,18.008857],[104.254812,17.915147],[104.263927,17.884833],[104.269949,17.874213],[104.277843,17.864854],[104.287201,17.856879],[104.352306,17.819525],[104.367442,17.800727],[104.389903,17.757392],[104.404552,17.740098],[104.408621,17.733913],[104.411388,17.727566],[104.417491,17.707831],[104.421886,17.699978],[104.451671,17.666124],[104.480886,17.64057],[104.63616,17.56269],[104.654552,17.55622],[104.70224,17.527533],[104.714285,17.515448],[104.733897,17.487128],[104.749278,17.458319],[104.756358,17.450141],[104.764415,17.444648],[104.781261,17.435411],[104.788585,17.429226],[104.792247,17.423692],[104.81601,17.372992],[104.81894,17.361274],[104.819835,17.349066],[104.81601,17.30032],[104.817963,17.240424],[104.813975,17.1942],[104.8095,17.17182],[104.744884,17.02501],[104.740001,17.002753],[104.749278,16.910956],[104.752859,16.90001],[104.762543,16.879218],[104.766043,16.868354],[104.766775,16.856309],[104.765066,16.844835],[104.757904,16.82213],[104.755951,16.810004],[104.756602,16.798651],[104.778087,16.71601],[104.778575,16.705105],[104.777273,16.6942],[104.763194,16.656928],[104.752859,16.615017],[104.748057,16.572089],[104.749034,16.549506],[104.754242,16.52912],[104.76474,16.511542],[104.782319,16.497341],[104.838634,16.467882],[104.855072,16.454291],[104.868582,16.438666],[104.879242,16.422065],[104.887299,16.40412],[104.896658,16.372911],[104.901378,16.362616],[104.907725,16.353583],[104.91684,16.345771],[104.943777,16.331],[104.951752,16.324571],[104.971283,16.304511],[104.979015,16.298855],[105.007091,16.283759],[105.015147,16.276882],[105.025971,16.257839],[105.029307,16.236151],[105.028575,16.191677],[105.032319,16.165473],[105.042247,16.141669],[105.057872,16.121365],[105.078868,16.105658],[105.237071,16.050971],[105.247081,16.049343],[105.288259,16.047634],[105.404552,16.018988],[105.414154,16.015448],[105.421641,16.010077],[105.423432,16.002387],[105.417735,15.99494],[105.406993,15.989081],[105.38616,15.980984],[105.362234,15.955024],[105.360362,15.919542],[105.372081,15.882351],[105.411713,15.799994],[105.422455,15.784044],[105.435313,15.771837],[105.447765,15.765082],[105.462006,15.763007],[105.503184,15.766384],[105.524994,15.763699],[105.568126,15.749579],[105.612641,15.721706],[105.640717,15.682196],[105.650483,15.634833],[105.640391,15.583523],[105.615896,15.52143],[105.611827,15.49962],[105.609955,15.457343],[105.604015,15.439399],[105.587983,15.424018],[105.552419,15.402167],[105.50587,15.387763],[105.485932,15.375067],[105.477061,15.353054],[105.482921,15.334744],[105.49879,15.324815],[105.519054,15.321234],[105.538178,15.321723],[105.593354,15.331855],[105.613862,15.329413],[105.632498,15.320136],[105.648204,15.305854],[105.659679,15.28852],[105.662527,15.279649],[105.66505,15.252387],[105.6692,15.240546],[105.675548,15.229763],[105.766694,15.132921]]}},{"type":"Feature","properties":{"name":"Mekong","scalerank":2},"geometry":{"type":"LineString","coordinates":[[101.563569,17.820502],[101.570242,17.829128],[101.574799,17.839952],[101.57724,17.853095],[101.57724,17.868272],[101.600027,17.85456],[101.61085,17.865749],[101.619395,17.884833],[101.635834,17.894965],[101.72877,17.91238],[101.732351,17.932196],[101.756602,17.997992],[101.765391,18.040473],[101.773529,18.058783],[101.790131,18.073757],[101.796397,18.073757],[101.805675,18.062567],[101.8449,18.052314],[101.883556,18.031073],[101.903819,18.037299],[102.070893,18.208686],[102.078136,18.214057],[102.153331,18.210313],[102.171641,18.200507],[102.178152,18.186225],[102.181651,18.16946],[102.191173,18.152289],[102.221446,18.131781],[102.22519,18.128363],[102.232839,18.124376],[102.256358,18.094265],[102.306407,18.051622],[102.336192,18.037218],[102.366222,18.039008],[102.384858,18.016221],[102.412039,17.994412],[102.445079,17.977891],[102.481619,17.9713],[102.567312,17.971015],[102.599294,17.95539],[102.611908,17.915473],[102.595225,17.850287],[102.5949,17.84101],[102.608897,17.837226],[102.660248,17.813056],[102.682546,17.810329],[102.682546,17.817572],[102.673106,17.831895],[102.667084,17.850287],[102.672781,17.865546],[102.686534,17.873643],[102.721772,17.881944],[102.737071,17.890652],[102.773529,17.922919],[102.831635,17.953396],[102.837576,17.963935],[102.852306,17.972235],[102.938406,18.009101],[102.9546,18.012315],[102.972585,18.007921],[103.003429,17.988715],[103.02003,17.984402],[103.037608,17.990912],[103.049083,18.005154],[103.057872,18.019477],[103.067882,18.025946],[103.072765,18.035753],[103.064464,18.094265],[103.065929,18.112494],[103.071056,18.125759],[103.079682,18.135037],[103.092296,18.141425]]}},{"type":"Feature","properties":{"name":"Mekong","scalerank":2},"geometry":{"type":"LineString","coordinates":[[105.781749,15.120551],[105.781505,15.121405],[105.781179,15.122138],[105.780772,15.122748],[105.780203,15.123318],[105.798839,15.111762],[105.8178,15.103135],[105.833914,15.091905],[105.844249,15.072537],[105.850108,15.050808],[105.855072,15.041205],[105.862885,15.032782],[105.890066,15.012966],[105.896983,15.003607],[105.903087,14.981228],[105.896251,14.911892],[105.904307,14.867214],[105.901947,14.834784],[105.903087,14.824042],[105.907481,14.813829],[105.928396,14.788601],[105.933686,14.777777],[105.935476,14.766466],[105.934581,14.75491],[105.931895,14.743191],[105.928152,14.732245],[105.923106,14.721951],[105.916921,14.71247],[105.88323,14.680854],[105.87672,14.671088],[105.873139,14.659451],[105.872488,14.647528],[105.874034,14.623399],[105.873057,14.610704],[105.870209,14.598904],[105.85255,14.55211],[105.849213,14.527777],[105.851329,14.47781],[105.879893,14.35517],[105.880056,14.322211],[105.869884,14.291124],[105.841807,14.230658],[105.837494,14.213324],[105.835948,14.195502],[105.840017,14.172878],[105.840261,14.165391],[105.83782,14.157742],[105.824474,14.137397],[105.820811,14.12934],[105.818126,14.120673],[105.816417,14.11168],[105.815929,14.102891],[105.819347,14.086941],[105.827078,14.07099],[105.837576,14.056993],[105.857595,14.041531],[105.86321,14.035509],[105.872813,14.021023],[105.879405,14.013861],[105.887136,14.010037],[105.920095,14.004503],[105.933523,14.00019],[105.946056,13.99372],[105.968272,13.976508],[105.973074,13.971747],[105.976329,13.966132],[105.977957,13.958035],[105.976573,13.950629],[105.971446,13.935818],[105.97226,13.919745],[105.980479,13.908026],[105.991466,13.897773],[106.000662,13.885932],[106.003347,13.876492],[106.001475,13.868354],[105.98585,13.844428],[105.982351,13.835273],[105.975027,13.797431],[105.97519,13.778632],[105.981293,13.761908],[105.99464,13.749579],[105.995616,13.745551],[106.007091,13.738634],[106.0171,13.727322],[106.031668,13.702094],[106.036713,13.686306],[106.036794,13.671251],[106.032644,13.656602],[106.021007,13.633897],[106.01946,13.625922],[106.017833,13.608995],[106.016368,13.602566],[106.013764,13.597032],[106.006847,13.586534],[105.944265,13.513943],[105.936046,13.496202],[105.929128,13.466661],[105.92571,13.457221],[105.907725,13.423611],[105.904877,13.40644],[105.912364,13.38821],[105.949311,13.350124],[105.956391,13.332587],[105.961029,13.269314],[105.967784,13.248562],[105.981375,13.229275],[106.032156,13.183173],[106.037852,13.174587],[106.042735,13.164903],[106.045909,13.154731],[106.04713,13.144477],[106.04599,13.135077],[106.038097,13.107774],[106.037201,13.085517],[106.0442,13.044379],[106.043061,13.03502],[106.039236,13.02558],[106.0206,12.997423],[106.016612,12.986436],[106.015066,12.945095],[106.011322,12.93183],[106.006765,12.924669],[105.989268,12.907823],[105.983409,12.899726],[105.97462,12.880398],[105.964692,12.851182],[105.960134,12.830634],[105.958914,12.809678],[105.960948,12.788886],[105.965831,12.775092],[105.97405,12.763617],[105.993744,12.74254],[106.002615,12.728542],[106.007335,12.713568],[106.016775,12.598212],[106.014903,12.582831],[106.000011,12.53738],[105.998057,12.523261],[106.000011,12.509467],[106.006928,12.495307],[106.025076,12.468573],[106.032481,12.454617],[106.037527,12.438747],[106.049734,12.345526],[106.048106,12.331122],[106.043956,12.316596],[106.03712,12.301215],[106.027599,12.286648],[106.015636,12.274237],[106.001069,12.265692],[105.983328,12.261746],[105.927826,12.265163],[105.827159,12.254177],[105.808849,12.25495],[105.604096,12.30032],[105.58782,12.299872],[105.572032,12.294053],[105.558442,12.282742],[105.54835,12.26793],[105.541433,12.251166],[105.537201,12.233954],[105.534923,12.207465],[105.536388,12.194281],[105.540131,12.181586],[105.552664,12.162665],[105.55714,12.152615],[105.556651,12.141669],[105.552989,12.135362],[105.541921,12.125027],[105.537608,12.118964],[105.531505,12.097357],[105.529226,12.075751],[105.523692,12.055732],[105.508393,12.038764],[105.488862,12.026801],[105.480479,12.019477],[105.474539,12.009467],[105.472097,11.998358],[105.470225,11.96365],[105.467377,11.953396],[105.463308,11.943793],[105.45753,11.935085],[105.450287,11.927191],[105.430919,11.914578],[105.410492,11.910834],[105.38974,11.91474],[105.346609,11.934882],[105.32545,11.936713],[105.279389,11.928656],[105.254812,11.929145],[105.208018,11.941474],[105.183523,11.940253],[105.173839,11.937079],[105.164236,11.932644],[105.155528,11.926703],[105.148529,11.919257],[105.143972,11.910102],[105.135916,11.87995],[105.121674,11.859646],[105.100841,11.849962],[105.076589,11.84748],[105.027843,11.850165],[105.016124,11.849189],[105.004405,11.845811],[104.993256,11.839464],[104.984386,11.83039],[104.980398,11.819281],[104.983816,11.806952],[104.99407,11.797675],[105.007498,11.789578],[105.018321,11.780341],[105.02003,11.767768],[105.014659,11.758409],[104.959972,11.708279],[104.95224,11.697943],[104.946788,11.685004],[104.947032,11.673611],[104.953624,11.649237],[104.955007,11.63585],[104.952403,11.594997]]}},{"type":"Feature","properties":{"name":"Mekong","scalerank":2},"geometry":{"type":"LineString","coordinates":[[104.950043,11.592556],[104.951182,11.590481]]}},{"type":"Feature","properties":{"name":"Mekong","scalerank":2},"geometry":{"type":"LineString","coordinates":[[104.951182,11.590888],[104.951182,11.590481]]}},{"type":"Feature","properties":{"name":"Mekong","scalerank":2},"geometry":{"type":"LineString","coordinates":[[104.951182,11.590481],[104.956554,11.580675],[104.964366,11.570014],[104.973725,11.561062],[104.985444,11.554145],[105.043793,11.538764],[105.066824,11.527208],[105.088308,11.512763],[105.111095,11.501003],[105.134858,11.491726],[105.157725,11.479519],[105.250418,11.408759],[105.258067,11.397528],[105.263194,11.384101],[105.268321,11.341335],[105.289073,11.260525],[105.290294,11.233018],[105.28183,11.210273],[105.249278,11.175482],[105.236339,11.154893],[105.221934,11.104071],[105.199148,11.05036],[105.193614,11.022284],[105.194021,10.99433]]}},{"type":"Feature","properties":{"name":"Mekong","scalerank":2},"geometry":{"type":"LineString","coordinates":[[104.951182,11.590481],[104.950857,11.587958],[104.949229,11.581895],[104.949229,11.579372],[104.950043,11.576931],[104.953136,11.572781],[104.9546,11.57038],[104.956472,11.564643],[104.956716,11.558783],[104.955496,11.553046],[104.952647,11.547675],[104.9428,11.536322],[104.94044,11.531602],[104.939464,11.526557],[104.940115,11.510443],[104.943289,11.494452],[104.951427,11.48074],[104.963471,11.470771],[104.97934,11.465888],[105.019135,11.464952],[105.037364,11.459499],[105.050385,11.444037],[105.052257,11.43476],[105.049571,11.426825],[105.043875,11.419989],[105.028087,11.407091],[105.020763,11.399115],[105.015636,11.389716],[105.013682,11.378526],[105.019216,11.359727],[105.046641,11.33279],[105.056651,11.316352],[105.057872,11.299018],[105.043956,11.245185],[105.042979,11.23432],[105.042979,11.224677],[105.045665,11.215603],[105.052257,11.20657],[105.064871,11.19363],[105.068777,11.18655],[105.071218,11.176581],[105.071218,11.051093],[105.064382,11.0067],[105.063975,10.995144]]}},{"type":"Feature","properties":{"name":"Dihang","scalerank":2},"geometry":{"type":"LineString","coordinates":[[94.355968,29.309516],[94.416515,29.353787],[94.424815,29.362331],[94.445404,29.392686],[94.462901,29.411933],[94.482595,29.428494],[94.502452,29.438666],[94.540701,29.448269],[94.552419,29.454535],[94.573416,29.476345],[94.582286,29.481798],[94.596283,29.486029],[94.627859,29.489529],[94.654552,29.48904],[94.663666,29.486355],[94.671967,29.481716],[94.680756,29.474799],[94.706554,29.464138],[94.730561,29.469591],[94.754405,29.480292],[94.78004,29.485134],[94.794932,29.484565],[94.806895,29.486151],[94.817312,29.491767],[94.835867,29.511257],[94.843435,29.517279],[94.861746,29.528266],[94.875255,29.540554],[94.924083,29.609565],[94.92628,29.621934],[94.913178,29.627265],[94.885916,29.633083],[94.890147,29.646267],[94.916596,29.668809],[94.911388,29.68419],[94.898692,29.690131],[94.891694,29.697211],[94.903575,29.71601],[94.954845,29.756944],[94.968679,29.758124],[94.996186,29.763617],[95.066335,29.76557],[95.084972,29.763739],[95.105886,29.758653],[95.116222,29.758612],[95.124522,29.764228],[95.127208,29.773546],[95.124115,29.782294],[95.117686,29.789618],[95.099701,29.801093],[95.093842,29.806505],[95.092459,29.813666],[95.107595,29.8581],[95.113048,29.867865],[95.128835,29.880194],[95.150971,29.889024],[95.174897,29.893581],[95.195079,29.89293],[95.206554,29.874091],[95.224132,29.866523],[95.245046,29.865994],[95.275808,29.868476],[95.286388,29.866889],[95.296479,29.863145],[95.303966,29.856798],[95.306895,29.850287],[95.307546,29.843533],[95.305919,29.836941],[95.302257,29.830919],[95.298269,29.82807],[95.287039,29.821845],[95.28419,29.818549],[95.288259,29.811225],[95.299408,29.805121],[95.369151,29.784451],[95.384044,29.771104],[95.386241,29.744412],[95.379975,29.72366],[95.379893,29.717149],[95.382253,29.711249],[95.390717,29.701199],[95.394216,29.695665],[95.396495,29.687812],[95.396414,29.680284],[95.392833,29.657294],[95.393891,29.635077],[95.388682,29.607245],[95.388194,29.594916],[95.393158,29.579779],[95.402192,29.562771],[95.406179,29.557685],[95.42213,29.543565],[95.425955,29.537177],[95.427989,29.529405],[95.428722,29.505561],[95.430919,29.498603],[95.437266,29.485622],[95.439138,29.478787],[95.437266,29.463813],[95.428722,29.450995],[95.31601,29.337266],[95.312511,29.330186],[95.254649,29.288398],[95.242198,29.284613],[95.214854,29.282497],[95.201752,29.278835],[95.154714,29.252265],[95.112315,29.218573],[95.101329,29.211941],[95.064708,29.196316],[95.053966,29.188341],[95.047781,29.18004],[95.044444,29.17654],[95.039154,29.173896],[95.032319,29.173041],[95.017589,29.174425],[95.010509,29.173896],[95.000906,29.16824],[95.000255,29.159735],[95.002859,29.149522],[95.00294,29.138861],[94.997569,29.130439],[94.969819,29.110663],[94.934662,29.07213],[94.916596,29.058905],[94.908702,29.051052],[94.904796,29.041205],[94.905284,29.0362],[94.906749,29.031602],[94.907237,29.026719],[94.904796,29.020941],[94.900645,29.016791],[94.86964,28.997585],[94.86321,28.992011],[94.857188,28.984646],[94.843272,28.96129],[94.837576,28.955634],[94.831147,28.950466],[94.816905,28.942572],[94.805675,28.939765],[94.796153,28.938503],[94.788503,28.934597],[94.783214,28.924018],[94.779714,28.89997],[94.778819,28.875434],[94.773448,28.854438],[94.774669,28.845567],[94.784679,28.841824],[94.785492,28.832546],[94.788097,28.826931],[94.793468,28.824083],[94.899994,28.824571],[94.915457,28.82099],[94.924083,28.811632],[94.924327,28.806423],[94.92213,28.803656],[94.918712,28.801703],[94.915619,28.798774],[94.913585,28.7956],[94.912527,28.793036],[94.912039,28.789862],[94.914073,28.773953],[94.916921,28.763007],[94.921316,28.752509],[94.92685,28.742987],[94.937755,28.733344],[94.965343,28.721015],[94.975597,28.712226],[94.977957,28.70539],[94.976736,28.690009],[94.977306,28.682725],[94.982514,28.675401],[94.990245,28.67536],[94.996755,28.678778],[94.999115,28.681952],[95.021495,28.631374],[95.031993,28.616034],[95.079031,28.567206],[95.097992,28.539374],[95.103526,28.507351],[95.099213,28.488471],[95.093679,28.472235],[95.090424,28.455756],[95.096202,28.418036],[95.092459,28.405788],[95.013438,28.326768],[94.999766,28.309353],[94.992931,28.286444],[94.988699,28.259385],[94.989513,28.250556],[94.992931,28.243109],[94.998139,28.237169],[95.010265,28.226386],[95.019054,28.214545],[95.024913,28.201728],[95.031993,28.173651],[95.037201,28.171658],[95.051768,28.161241],[95.06601,28.15587],[95.098888,28.149359],[95.129893,28.148057],[95.145274,28.150336],[95.160085,28.1553],[95.17335,28.163601],[95.182546,28.170844],[95.190847,28.175727],[95.200125,28.178331],[95.212169,28.178494],[95.22698,28.176622],[95.241466,28.173163],[95.255056,28.168036],[95.268158,28.160956],[95.275971,28.155341],[95.281342,28.149359],[95.284923,28.142157],[95.28948,28.123155],[95.293468,28.114529],[95.305756,28.097683],[95.316173,28.088731],[95.329031,28.081651],[95.355479,28.071153],[95.37672,28.065741],[95.384044,28.062608],[95.393077,28.054389],[95.397472,28.044949],[95.398204,28.03205],[95.396495,28.002956]]}},{"type":"Feature","properties":{"name":"Brahmaputra","scalerank":2},"geometry":{"type":"LineString","coordinates":[[95.396495,28.002956],[95.401541,27.971991],[95.418956,27.941718],[95.441335,27.915554],[95.461518,27.896796],[95.47169,27.871365],[95.459483,27.843858],[95.437266,27.824815],[95.417003,27.824774],[95.403331,27.809353],[95.38323,27.793809],[95.360281,27.781806],[95.33839,27.776964],[95.330333,27.772406],[95.293468,27.742784],[95.254405,27.730333],[95.217703,27.725287],[95.149425,27.701239],[95.108165,27.696601],[95.098155,27.691352],[95.090831,27.679267],[95.085541,27.653428],[95.081147,27.640448],[95.093435,27.650906],[95.104096,27.666775],[95.116954,27.68122],[95.135753,27.687567],[95.144135,27.680487],[95.148367,27.663764],[95.147065,27.644395],[95.139415,27.629584],[95.102468,27.60989],[95.024913,27.606757],[94.992442,27.599433],[94.954845,27.574652],[94.94394,27.569403],[94.933116,27.569648],[94.92335,27.571641],[94.916596,27.57156],[94.906342,27.561876],[94.88087,27.528591],[94.875662,27.520046],[94.868175,27.502997],[94.850678,27.501044],[94.831391,27.503485],[94.817556,27.499538],[94.761811,27.458319],[94.752208,27.448594],[94.76946,27.435004],[94.757823,27.419257],[94.721446,27.396796],[94.703136,27.382432],[94.66684,27.363796],[94.649832,27.351833],[94.654796,27.349148],[94.664806,27.341498],[94.670095,27.338731],[94.667003,27.334825],[94.665538,27.331407],[94.66448,27.327989],[94.662852,27.32449],[94.646495,27.328152],[94.631847,27.316107],[94.620616,27.29621],[94.615001,27.276679],[94.622813,27.287462],[94.634532,27.29918],[94.648448,27.308417],[94.662852,27.311469],[94.681407,27.305691],[94.684255,27.294949],[94.676687,27.282009],[94.662852,27.269884],[94.658376,27.269599],[94.654307,27.272406],[94.648367,27.273057],[94.631847,27.260606],[94.61964,27.253607],[94.615001,27.249376],[94.60849,27.23725],[94.601329,27.194159],[94.592865,27.199815],[94.587901,27.207587],[94.586355,27.217353],[94.587576,27.228868],[94.571056,27.218085],[94.565359,27.197048],[94.566498,27.150092],[94.565684,27.139838],[94.560313,27.115587],[94.554779,27.101386],[94.542003,27.09988],[94.518891,27.106024],[94.500906,27.096869],[94.471446,27.069525],[94.4546,27.063788],[94.448416,27.059394],[94.445404,27.049018],[94.444347,27.026882],[94.440684,27.016669],[94.432221,27.007758],[94.417003,26.996161],[94.406261,26.985134],[94.399832,26.980536],[94.389171,26.975653],[94.359386,26.969916],[94.351492,26.965155],[94.325287,26.938788],[94.308116,26.927598],[94.286632,26.920437],[94.264578,26.919013],[94.20753,26.927273],[94.196869,26.92418],[94.184255,26.916571],[94.173757,26.906602],[94.169444,26.896552],[94.164643,26.896674],[94.155284,26.883246],[94.147716,26.86872],[94.148936,26.86579],[94.143565,26.862372],[94.121593,26.852159],[94.121186,26.855414],[94.121593,26.86579],[94.114757,26.858344],[94.113292,26.869452],[94.119395,26.883246],[94.135183,26.906806],[94.113455,26.912421],[94.093435,26.901923],[94.076427,26.88703],[94.063487,26.879462],[94.044363,26.875841],[94.0088,26.858466],[93.991222,26.852159],[93.945567,26.841579],[93.927013,26.831651],[93.906505,26.813992],[93.877533,26.778673],[93.863373,26.765937],[93.841075,26.755927],[93.763764,26.739529],[93.751557,26.732042],[93.656668,26.714952],[93.635916,26.718085],[93.61671,26.724799],[93.59905,26.734239],[93.583588,26.746039],[93.567963,26.75198],[93.5053,26.755927],[93.462576,26.766954],[93.439952,26.768093],[93.415701,26.762152],[93.410818,26.759589],[93.406668,26.756049],[93.377452,26.723456],[93.368337,26.718451],[93.357595,26.718451],[93.346202,26.723009],[93.325776,26.734931],[93.313243,26.739773],[93.300222,26.741767],[93.28712,26.740912],[93.274343,26.737128],[93.248057,26.724433],[93.183116,26.674018],[93.141612,26.654568],[93.119151,26.647488],[93.10434,26.649766],[93.086681,26.656195],[93.062511,26.654608],[93.018565,26.646064],[92.898448,26.65351],[92.884207,26.650987],[92.880626,26.644477],[92.879975,26.635443],[92.874522,26.625596],[92.85377,26.612006],[92.833751,26.608344],[92.732595,26.613593],[92.710704,26.611355],[92.67628,26.600206],[92.657156,26.590847],[92.648692,26.581244],[92.644542,26.5692],[92.623139,26.53323],[92.614513,26.52322],[92.594737,26.517524],[92.508067,26.515733],[92.478933,26.519477],[92.429698,26.534695],[92.401541,26.5362],[92.391205,26.53323],[92.353282,26.515733],[92.325125,26.508165],[92.313894,26.502712],[92.302013,26.492133],[92.292735,26.487576],[92.255056,26.474799],[92.249522,26.473944],[92.24464,26.471544],[92.240652,26.468044],[92.237071,26.463568],[92.234386,26.458319],[92.232432,26.452704],[92.230968,26.446885],[92.230235,26.44123],[92.22462,26.44123],[92.202647,26.454617],[92.172781,26.442939],[92.124441,26.403388],[92.110362,26.394843],[92.075776,26.380154],[92.065847,26.372382],[92.063406,26.358751],[92.069265,26.326117],[92.065847,26.309638],[92.056895,26.30329],[92.040701,26.297146],[92.022472,26.292304],[92.007823,26.290391],[91.997081,26.287055],[91.970795,26.272081],[91.952891,26.268663],[91.933523,26.269558],[91.924734,26.268012],[91.915701,26.262885],[91.911876,26.258979],[91.902599,26.246161],[91.897553,26.24197],[91.891205,26.238796],[91.884369,26.236599],[91.878022,26.235378],[91.869884,26.235867],[91.854096,26.239691],[91.846121,26.239325],[91.692393,26.171942],[91.665294,26.166449],[91.619395,26.171332],[91.606944,26.1706],[91.595144,26.16706],[91.542084,26.144843],[91.529063,26.141059],[91.498139,26.139757],[91.39088,26.170437],[91.37558,26.172146],[91.360444,26.171576],[91.329845,26.164008],[91.316417,26.162177],[91.302826,26.162665],[91.288178,26.165595],[91.275076,26.170478],[91.250418,26.183214],[91.198253,26.202826],[91.135509,26.213568],[91.119721,26.211859],[91.062104,26.186835],[91.029552,26.179999],[90.963796,26.17414],[90.932872,26.162543],[90.902843,26.142646],[90.887462,26.134955],[90.869151,26.130886],[90.84962,26.130439],[90.839692,26.1317],[90.831065,26.134711],[90.825125,26.139024],[90.813975,26.149197],[90.807384,26.15351],[90.7942,26.157986],[90.752452,26.160183],[90.739513,26.162787],[90.728282,26.167548],[90.706391,26.180121],[90.682058,26.190009],[90.583018,26.205146],[90.506847,26.228705],[90.490001,26.228868],[90.473888,26.224555],[90.459972,26.214871],[90.434255,26.178249],[90.421479,26.168402],[90.402924,26.161444],[90.364513,26.154568],[90.346121,26.148301],[90.308442,26.125067],[90.294037,26.119737],[90.242442,26.11282],[90.226329,26.106472],[90.1963,26.084499],[90.176768,26.077216],[90.135753,26.067654],[90.045421,26.034044],[89.97519,26.018988],[89.954194,26.010688],[89.936615,25.99433],[89.904063,25.941962],[89.889659,25.926459],[89.859386,25.902167],[89.846446,25.888739],[89.836436,25.871405],[89.812999,25.815741],[89.744884,25.709499],[89.736827,25.69184],[89.722585,25.630927],[89.7046,25.592963],[89.697765,25.572943],[89.697032,25.550727],[89.70696,25.506212],[89.707612,25.483344],[89.698416,25.438788],[89.699229,25.417344],[89.697276,25.399278],[89.691417,25.382025],[89.675385,25.348944],[89.670909,25.324327],[89.678315,25.305243],[89.690929,25.287177],[89.700776,25.265733],[89.702647,25.241767],[89.696707,25.219916],[89.685069,25.200141],[89.662527,25.173367],[89.65797,25.163845],[89.649994,25.130683],[89.626231,25.074774],[89.612722,24.959825],[89.612722,24.94835],[89.614268,24.937079],[89.618093,24.926215],[89.624278,24.915839],[89.647472,24.889838],[89.658132,24.8699],[89.665294,24.848334],[89.670665,24.802924],[89.673595,24.791531],[89.679291,24.780707],[89.7046,24.750556],[89.715831,24.726426],[89.731537,24.651719],[89.759858,24.586982],[89.767996,24.549587],[89.768972,24.53087],[89.767345,24.511176],[89.759288,24.479844],[89.758311,24.442572],[89.749034,24.370551],[89.749034,24.360785],[89.7553,24.322455],[89.754649,24.283271],[89.751475,24.268256],[89.749034,24.26081],[89.734793,24.232733],[89.733165,24.22366],[89.734874,24.216498],[89.741222,24.201199],[89.743175,24.193183],[89.743337,24.183783],[89.739675,24.156684],[89.740326,24.131293],[89.739675,24.122992],[89.734793,24.105984],[89.701671,24.035509],[89.696788,24.016059],[89.695811,23.997016],[89.700287,23.958116],[89.726085,23.884467],[89.744395,23.858669],[89.785655,23.796739],[89.803722,23.779812],[89.843272,23.756049],[89.855072,23.746609],[89.908621,23.67414],[89.920095,23.665229],[89.934011,23.659776],[89.969005,23.652167],[89.985037,23.644355],[90.142589,23.544501],[90.170339,23.520453],[90.19337,23.506903],[90.212901,23.495469],[90.225352,23.483018],[90.235281,23.474392],[90.250092,23.461982]]}},{"type":"Feature","properties":{"name":"Brahmaputra","scalerank":2},"geometry":{"type":"LineString","coordinates":[[89.755463,24.274441],[89.75644,24.272895],[89.75823,24.271511],[89.763927,24.268012],[89.765717,24.264268],[89.792572,24.237576],[89.803722,24.2296],[89.806651,24.226589],[89.807628,24.221218],[89.808116,24.199327],[89.826101,24.195136],[89.829845,24.185981],[89.827891,24.176825],[89.828868,24.172634],[89.832286,24.166124],[89.828298,24.151801],[89.826427,24.137559],[89.835704,24.131049],[89.8838,24.131049],[89.907156,24.089464],[89.913259,24.08747],[89.922781,24.086778],[89.931244,24.085069],[89.935069,24.079861],[89.936453,24.071804],[89.940033,24.065741],[89.961436,24.039618],[89.970307,24.034857],[89.996349,24.035468],[90.026296,24.030707],[90.038503,24.03087],[90.050955,24.035468],[90.044932,24.021796],[90.066417,24.015082],[90.083507,24.013048],[90.094737,24.005968],[90.103282,23.967719],[90.114675,23.955919],[90.146658,23.939276],[90.148936,23.936713],[90.151296,23.932644],[90.154714,23.928412],[90.160248,23.925605],[90.166108,23.925889],[90.169037,23.932644],[90.174571,23.933051],[90.194591,23.925971],[90.205007,23.920844],[90.212169,23.915635],[90.22698,23.898017],[90.238292,23.880398],[90.246023,23.86046],[90.250418,23.836249],[90.240896,23.797431],[90.222992,23.757188],[90.220225,23.729356],[90.256602,23.727607],[90.276541,23.737413],[90.290701,23.749701],[90.302664,23.756659],[90.315115,23.750556],[90.347179,23.715766],[90.35963,23.706488],[90.378022,23.697821],[90.405284,23.693793],[90.421641,23.686062],[90.466889,23.643866],[90.476329,23.631415],[90.457042,23.625515],[90.458018,23.608507],[90.476329,23.582953]]}},{"type":"Feature","properties":{"name":"Ganges","scalerank":3},"geometry":{"type":"LineString","coordinates":[[79.84075,30.888495],[79.820323,30.856757],[79.813731,30.840155],[79.813487,30.819607],[79.818451,30.802924],[79.83489,30.768907],[79.84075,30.750678],[79.840261,30.744696],[79.837901,30.740017],[79.836925,30.733954],[79.84075,30.723985],[79.849213,30.714626],[79.868907,30.700751],[79.874929,30.689236],[79.856537,30.684882],[79.847097,30.675564],[79.833914,30.648261],[79.824799,30.637234],[79.807384,30.626654],[79.796397,30.61754],[79.779307,30.595486],[79.753835,30.546576],[79.738292,30.524115],[79.715343,30.508165],[79.684988,30.500108],[79.654714,30.501654],[79.631602,30.514512],[79.593272,30.550645],[79.568777,30.56684],[79.545909,30.573188],[79.522553,30.563992],[79.436046,30.482367],[79.409434,30.439073],[79.388927,30.42239],[79.340831,30.409939],[79.3213,30.398057],[79.31308,30.372097],[79.31308,30.371161],[79.306733,30.345974],[79.290701,30.323188],[79.268891,30.30447],[79.218761,30.2803],[79.205089,30.277167],[79.189545,30.277696],[79.177989,30.282172],[79.170665,30.288926],[79.165701,30.295356],[79.162364,30.298855],[79.136974,30.304307],[79.020274,30.307685],[79.000662,30.306016],[78.903819,30.267849],[78.878347,30.264716],[78.858653,30.25906],[78.803152,30.235907],[78.789073,30.233344],[78.779714,30.238105],[78.770763,30.236355],[78.762462,30.232245],[78.754812,30.229926],[78.741954,30.232489],[78.70989,30.242784],[78.696218,30.244208],[78.687104,30.240017],[78.642589,30.204454],[78.594249,30.145209],[78.582612,30.122138],[78.578868,30.097602],[78.586355,30.072862],[78.537201,30.077338],[78.528575,30.076361],[78.517345,30.073188],[78.46339,30.072862],[78.453054,30.07571],[78.441905,30.081488],[78.433035,30.090603],[78.42213,30.122138],[78.40504,30.132351],[78.384532,30.133897],[78.367198,30.126899],[78.357921,30.13349],[78.34547,30.139106],[78.332123,30.142035],[78.320079,30.14057],[78.285818,30.096503],[78.28004,30.071601],[78.265717,30.054063],[78.230724,30.024482],[78.164073,29.949897],[78.154877,29.925482],[78.156342,29.89997],[78.160737,29.877224],[78.19044,29.79267],[78.197846,29.748236],[78.189057,29.706732],[78.154877,29.675076],[78.107188,29.654568],[78.094737,29.646511],[78.090017,29.642442],[78.084483,29.641059],[78.069347,29.640937],[78.042084,29.634874],[78.018891,29.619208],[78.000987,29.597032],[77.990489,29.572048],[77.991791,29.531073],[78.011241,29.497667],[78.035655,29.467231],[78.052419,29.434841],[78.053722,29.419867],[78.050304,29.389268],[78.052419,29.373969],[78.062104,29.363796],[78.075206,29.35574],[78.082042,29.344672],[78.072358,29.325629],[78.103526,29.27851],[78.117198,29.25141],[78.117686,29.2331],[78.113536,29.222683],[78.115001,29.211859],[78.118744,29.201483],[78.120942,29.192165],[78.115245,29.179755],[78.088471,29.153144],[78.079845,29.140652],[78.076101,29.058051],[78.079519,29.046942],[78.072032,28.991319],[78.072358,28.969306],[78.0949,28.935981],[78.105968,28.913642],[78.10377,28.897325],[78.096202,28.88703],[78.095795,28.877631],[78.098562,28.867865],[78.100352,28.856309],[78.099132,28.851386],[78.094005,28.841986],[78.092784,28.835883],[78.095876,28.828477],[78.103038,28.824164],[78.110362,28.821316],[78.114675,28.818468],[78.118663,28.814317],[78.123057,28.813422],[78.12672,28.811632],[78.128347,28.804796],[78.126964,28.799913],[78.121593,28.788031],[78.120942,28.784369],[78.12379,28.778144],[78.13144,28.770046],[78.134532,28.763861],[78.140229,28.74787],[78.146495,28.738349],[78.165701,28.719184],[78.182709,28.692898],[78.183604,28.67182],[78.177989,28.649848],[78.176036,28.620469],[78.195323,28.570258],[78.264659,28.488796],[78.279063,28.441718],[78.27239,28.43476],[78.267507,28.428168],[78.26474,28.421251],[78.2671,28.419989],[78.271983,28.414984],[78.276866,28.407986],[78.279063,28.400743],[78.275401,28.390448],[78.268321,28.381049],[78.263927,28.372016],[78.268565,28.36286],[78.275483,28.355007],[78.280935,28.344794],[78.284597,28.333441],[78.285818,28.322292],[78.290131,28.306952],[78.300792,28.296169],[78.326752,28.277208],[78.345225,28.251776],[78.353526,28.243109],[78.37379,28.229804],[78.382742,28.221991],[78.406261,28.186103],[78.441417,28.150662],[78.456065,28.12641],[78.46339,28.105902],[78.477061,28.092882],[78.543956,28.045193],[78.556651,28.03974],[78.569591,28.037665],[78.584727,28.032782],[78.595307,28.021186],[78.604096,28.007514],[78.614268,27.996039],[78.62558,27.989936],[78.669526,27.975613],[78.711681,27.96894],[78.720714,27.965033],[78.73878,27.952012],[78.759939,27.945583],[78.806082,27.941474],[78.877045,27.922187],[78.895112,27.913153],[78.939464,27.882839],[78.945893,27.872585],[78.950694,27.848904],[78.956716,27.838446],[78.981212,27.827012],[79.032807,27.83161],[79.055919,27.821357],[79.076264,27.815619],[79.130056,27.827501],[79.155528,27.817939],[79.161388,27.810411],[79.163992,27.802843],[79.165701,27.794257],[79.1692,27.7838],[79.192963,27.735704],[79.195567,27.723985],[79.195567,27.711046],[79.197032,27.699327],[79.203624,27.691352],[79.265391,27.6671],[79.298269,27.649685],[79.33196,27.636827],[79.368582,27.634101],[79.409923,27.646593],[79.443289,27.60696],[79.464692,27.586534],[79.480724,27.577704],[79.493175,27.573432],[79.515717,27.554714],[79.528575,27.550401],[79.546479,27.548163],[79.554779,27.541531],[79.557872,27.530829],[79.561697,27.486884],[79.566417,27.475369],[79.576182,27.46308],[79.598562,27.448594],[79.611095,27.437812],[79.622488,27.417507],[79.626231,27.394843],[79.628429,27.351833],[79.631602,27.340888],[79.636241,27.330512],[79.648936,27.311469],[79.684255,27.276475],[79.689952,27.266425],[79.697765,27.241523],[79.716726,27.225043],[79.765636,27.201606],[79.819021,27.156928],[79.837983,27.145209],[79.850841,27.141059],[79.857595,27.139919],[79.864838,27.139512],[79.91155,27.148383],[79.930186,27.143744],[79.950613,27.119005],[79.990245,27.049628],[80.008311,27.026882],[80.012462,27.017117],[80.010753,27.006415],[80.007253,26.995673],[80.005056,26.985622],[80.009369,26.97073],[80.019949,26.957221],[80.089854,26.896918],[80.107839,26.873725],[80.115001,26.848456],[80.117686,26.8039],[80.121674,26.781358],[80.128184,26.762152],[80.141612,26.742377],[80.162608,26.722602],[80.186127,26.707384],[80.231212,26.69599],[80.245128,26.681952],[80.253184,26.662136],[80.262136,26.62991],[80.290538,26.570095],[80.296886,26.548692],[80.305756,26.541287],[80.317882,26.53738],[80.330658,26.5362],[80.336355,26.530137],[80.343272,26.500067],[80.347748,26.488389],[80.403331,26.441596],[80.414806,26.436225],[80.42628,26.432318],[80.509939,26.381049],[80.525971,26.364936],[80.532725,26.348944],[80.553315,26.262966],[80.553803,26.25198],[80.558849,26.238227],[80.570567,26.232611],[80.584402,26.229071],[80.5949,26.221503],[80.59962,26.210517],[80.599132,26.202216],[80.596446,26.194119],[80.5949,26.183661],[80.597667,26.174587],[80.604584,26.169053],[80.622162,26.160102],[80.673106,26.114814],[80.69044,26.104844],[80.700694,26.103827],[80.718761,26.10989],[80.728282,26.11164],[80.742931,26.110175],[80.750011,26.106024],[80.755626,26.099555],[80.765554,26.091173],[80.788585,26.080634],[80.796886,26.07335],[80.800304,26.060411],[80.797944,26.049099],[80.795095,26.040351],[80.798432,26.034044],[80.813975,26.029731],[80.832449,26.047919],[80.853445,26.058173],[80.877859,26.062812],[80.906342,26.06391],[80.925792,26.066596],[80.961925,26.076972],[80.985281,26.076931],[81.010753,26.071357],[81.032807,26.060981],[81.04835,26.044053],[81.05421,26.018866],[81.065196,26.000312],[81.090424,25.984076],[81.117931,25.972276],[81.135509,25.967068],[81.163178,25.962958],[81.187266,25.955268],[81.204112,25.939276],[81.213878,25.882839],[81.224539,25.868516],[81.243744,25.860378],[81.294444,25.84516],[81.302013,25.840766],[81.358653,25.78616],[81.366791,25.780829],[81.384044,25.777167],[81.392833,25.772162],[81.402761,25.758897],[81.400483,25.749538],[81.392019,25.740424],[81.382498,25.728095],[81.37672,25.704291],[81.382823,25.682074],[81.399994,25.665595],[81.44101,25.654893],[81.464122,25.636094],[81.47877,25.631903],[81.51295,25.631171],[81.515147,25.62873],[81.515636,25.624538],[81.526134,25.60932],[81.530935,25.599718],[81.538992,25.591091],[81.553803,25.584662],[81.566173,25.584011],[81.598888,25.590888],[81.630056,25.586534],[81.639252,25.574246],[81.642833,25.554796],[81.657481,25.529486],[81.663666,25.524482],[81.676768,25.519843],[81.684093,25.515815],[81.704682,25.494696],[81.716889,25.493598],[81.745128,25.495795],[81.75587,25.491278],[81.778331,25.477973],[81.798757,25.480658],[81.841807,25.502143],[81.885753,25.512885],[81.90797,25.511664],[81.917491,25.498399],[81.913097,25.477118],[81.904552,25.45836],[81.898936,25.438341],[81.90325,25.412787],[81.918956,25.376288],[81.937511,25.344509],[81.95045,25.333767],[81.9699,25.32449],[81.991303,25.320909],[82.009369,25.327094],[82.025483,25.335273],[82.042979,25.335557],[82.060069,25.329047],[82.075206,25.316596],[82.082286,25.300808],[82.08253,25.287706],[82.08839,25.278876],[82.112397,25.27558],[82.129161,25.282009],[82.159272,25.310167],[82.181407,25.316596],[82.191661,25.314724],[82.204194,25.309638],[82.214773,25.302069],[82.219249,25.29267],[82.217459,25.280382],[82.213878,25.272284],[82.208995,25.264919],[82.205007,25.255154],[82.196218,25.218817],[82.196218,25.202826],[82.201752,25.189968],[82.216401,25.183702],[82.236501,25.185736],[82.273204,25.193671],[82.264415,25.203559],[82.239024,25.213243],[82.225352,25.220323],[82.243744,25.239936],[82.253917,25.257676],[82.266124,25.270616],[82.290619,25.27558],[82.312429,25.263129],[82.327647,25.215115],[82.348888,25.214179],[82.360362,25.224921],[82.372325,25.253201],[82.383067,25.26199],[82.397227,25.26081],[82.414073,25.252631],[82.430186,25.241482],[82.441417,25.231228],[82.47698,25.186143],[82.496755,25.169867],[82.527192,25.159491],[82.551036,25.157823],[82.578217,25.1612],[82.592784,25.173163],[82.567556,25.2178],[82.585948,25.225043],[82.615245,25.224189],[82.636974,25.220323],[82.684825,25.193671],[82.730072,25.155951],[82.778575,25.124945],[82.835541,25.118598],[82.871023,25.137234],[82.920421,25.194607],[82.961925,25.206732],[82.995942,25.204942],[83.008311,25.21072],[83.019949,25.22781],[83.025076,25.246161],[83.023367,25.262397],[83.016531,25.276679],[83.006277,25.289252],[83.041515,25.323065],[83.134939,25.326443],[83.171397,25.351345],[83.179779,25.378852],[83.177826,25.410264],[83.163097,25.436143],[83.1338,25.446885],[83.123057,25.452216],[83.130463,25.464138],[83.153901,25.484442],[83.161632,25.49494],[83.174327,25.519477],[83.185639,25.529486],[83.212576,25.535224],[83.23349,25.524726],[83.253347,25.509792],[83.290945,25.49787],[83.311697,25.479112],[83.325857,25.47488],[83.342052,25.477851],[83.368337,25.491278],[83.383067,25.494696],[83.409434,25.487006],[83.436697,25.467231],[83.482921,25.423041],[83.507253,25.406928],[83.53004,25.401923],[83.543875,25.411566],[83.54127,25.43948],[83.503184,25.48904],[83.490896,25.517117],[83.510265,25.529486],[83.536388,25.534613],[83.558849,25.547797],[83.59962,25.584052],[83.617117,25.597724],[83.634044,25.604031],[83.664154,25.611436],[83.692963,25.614691],[83.705658,25.608262],[83.711192,25.601345],[83.723155,25.594835],[83.735037,25.586493],[83.740489,25.573839],[83.745128,25.550971],[83.749441,25.537787],[83.75351,25.529486],[83.771983,25.517279],[83.793549,25.515896],[83.839692,25.52204],[83.88087,25.52204],[83.897716,25.523993],[83.904307,25.529568],[83.908376,25.538153],[83.917979,25.549343],[83.981944,25.589382],[84.003429,25.608262],[84.058116,25.673774],[84.143484,25.736274],[84.179779,25.745958],[84.212901,25.728095],[84.217377,25.713568],[84.22047,25.695095],[84.229991,25.681098],[84.253835,25.679714],[84.272472,25.692939],[84.308116,25.738634],[84.326182,25.748562],[84.339773,25.752712],[84.355968,25.760565],[84.372651,25.765163],[84.387625,25.759467],[84.419037,25.73078],[84.437999,25.718777],[84.463959,25.711982],[84.479747,25.703477],[84.486501,25.700751],[84.49879,25.699083],[84.560313,25.701972],[84.577159,25.700019],[84.595795,25.693305],[84.617279,25.702257],[84.668224,25.705919],[84.688975,25.717231],[84.709402,25.737616],[84.728526,25.749701],[84.749278,25.753363],[84.775076,25.748562],[84.853119,25.712429],[84.881358,25.707587],[84.904796,25.711493],[84.949229,25.729519],[84.973888,25.734931],[84.996349,25.73489],[85.058849,25.728095],[85.085948,25.721055],[85.102061,25.703681],[85.124034,25.659206],[85.142833,25.641872],[85.162608,25.638292],[85.182709,25.637641],[85.20989,25.626247],[85.233653,25.619574],[85.237071,25.618232],[85.244721,25.613593],[85.251964,25.603095],[85.261241,25.584662],[85.272472,25.56741],[85.284434,25.554267],[85.299327,25.546007],[85.319591,25.543077],[85.333263,25.537665],[85.369395,25.51378],[85.388113,25.508368],[85.421397,25.517035],[85.456065,25.537787],[85.515066,25.584662],[85.559662,25.523464],[85.576589,25.508368],[85.621349,25.482042],[85.634288,25.471137],[85.651947,25.463446],[85.670909,25.469306],[85.72169,25.504177],[85.737641,25.510688],[85.755951,25.514594],[85.778819,25.515815],[85.830658,25.50495],[85.872081,25.478217],[85.946381,25.412787],[85.997,25.380316],[86.019135,25.359158],[86.028331,25.33393],[86.039154,25.33039],[86.089447,25.331977],[86.104096,25.330186],[86.115896,25.331488],[86.162201,25.326199],[86.176036,25.320258],[86.185802,25.319281],[86.222585,25.329413],[86.241222,25.330186],[86.257904,25.325385],[86.274425,25.317572],[86.290294,25.306708],[86.306163,25.29267],[86.318126,25.292507],[86.377859,25.31037],[86.41505,25.330878],[86.446056,25.361884],[86.470225,25.397773],[86.487722,25.433214],[86.506847,25.462673],[86.534434,25.482856],[86.564382,25.485216],[86.59075,25.461208],[86.578868,25.418769],[86.5796,25.375067],[86.591075,25.334988],[86.611257,25.303534],[86.649669,25.273057],[86.693858,25.256415],[86.739675,25.256374],[86.782481,25.27558],[86.834727,25.325954],[86.85849,25.340644],[86.867931,25.347927],[86.889903,25.349962],[86.920421,25.333319],[86.974213,25.289252],[86.996186,25.278388],[87.046886,25.268907],[87.07724,25.254218],[87.08782,25.255927],[87.098155,25.259792],[87.108409,25.26199],[87.12379,25.25727],[87.147065,25.235175],[87.159923,25.22781],[87.190115,25.230292],[87.217703,25.248358],[87.238536,25.27501],[87.248627,25.303534],[87.282156,25.356147],[87.303722,25.377061],[87.331554,25.387274],[87.342459,25.395819],[87.351085,25.398505],[87.356619,25.397813],[87.372325,25.393337],[87.382091,25.392279],[87.401378,25.394395],[87.443858,25.405951],[87.478282,25.403754],[87.490652,25.399685],[87.501882,25.392279],[87.511974,25.381944],[87.518077,25.371365],[87.529796,25.344509],[87.535737,25.320136],[87.539806,25.316596],[87.549734,25.315253],[87.558116,25.311957],[87.570242,25.303534],[87.581472,25.289984],[87.588634,25.276882],[87.598643,25.26671],[87.659597,25.255154],[87.681163,25.245469],[87.726085,25.251654],[87.749522,25.248318],[87.759776,25.243516],[87.770112,25.237006],[87.778819,25.227607],[87.783702,25.214179],[87.783376,25.200303],[87.779063,25.192003],[87.773204,25.184597],[87.76946,25.173163],[87.768647,25.159288],[87.770437,25.148017],[87.776296,25.124783],[87.776459,25.117987],[87.775076,25.103339],[87.776296,25.096869],[87.780935,25.089911],[87.786876,25.087592],[87.792572,25.086615],[87.797374,25.083808],[87.835541,25.047187],[87.860606,25.030788],[87.885509,25.022325],[87.894054,25.020819],[87.913097,25.00373],[87.91627,25.001899],[87.935313,25.00434],[87.943858,25.000596],[87.954275,24.987616],[87.961192,24.966173],[87.9581,24.944159],[87.948985,24.92414],[87.937022,24.908759],[87.914806,24.889024],[87.908702,24.878363],[87.906668,24.860948],[87.911143,24.844428],[87.92213,24.826524],[87.94752,24.795762],[87.944916,24.755316],[87.959483,24.717231],[88.00587,24.655544],[88.021495,24.645819],[88.040457,24.640652],[88.056733,24.634304],[88.066905,24.613878],[88.081472,24.600124],[88.084727,24.594062],[88.084727,24.541938],[88.085541,24.536933],[88.089692,24.53323],[88.098399,24.522732],[88.111257,24.502061],[88.118907,24.494167],[88.133393,24.482489],[88.151378,24.471706],[88.171153,24.463731],[88.190847,24.460639],[88.225108,24.460639],[88.236257,24.462755],[88.250906,24.472195],[88.259776,24.474311],[88.272227,24.474962],[88.283376,24.477118],[88.292898,24.480577],[88.299734,24.48546],[88.307872,24.486151],[88.316417,24.468451],[88.321707,24.462755],[88.328136,24.460639],[88.379487,24.402289],[88.387218,24.38878],[88.405284,24.37169],[88.426687,24.357001],[88.444428,24.350775],[88.483328,24.352973],[88.506114,24.357978],[88.516124,24.367499],[88.681407,24.334052],[88.714285,24.315619],[88.737071,24.287299],[88.742686,24.247748],[88.744558,24.243679],[88.747081,24.227159],[88.749278,24.223456],[88.746104,24.214219],[88.734386,24.198594],[88.731212,24.190009],[88.732188,24.1824],[88.73585,24.174587],[88.751475,24.152655],[88.758067,24.147406],[88.782481,24.135769],[88.796967,24.126003],[88.804779,24.122097],[88.824474,24.119086],[88.842784,24.123236],[88.907319,24.150987],[88.920909,24.159451],[88.930675,24.171576],[88.941173,24.171942],[88.950694,24.170437],[88.959727,24.16706],[88.969005,24.161973],[88.976736,24.155951],[88.999929,24.127794],[89.022553,24.107204],[89.032725,24.100043],[89.036632,24.095323],[89.040457,24.086046],[89.042491,24.07807],[89.045421,24.070583],[89.05185,24.062323],[89.059255,24.05504],[89.065684,24.047065],[89.069753,24.03795],[89.069753,24.027452],[89.066498,24.014838],[89.065033,24.005316],[89.068126,23.996446],[89.077566,23.985867],[89.088715,23.977159]]}},{"type":"Feature","properties":{"name":"Ganges","scalerank":3},"geometry":{"type":"LineString","coordinates":[[87.93808,24.805732],[87.920014,24.782009],[87.920421,24.72663],[87.933197,24.635077],[87.940929,24.619452],[88.028087,24.547878],[88.057384,24.515896],[88.051768,24.510321],[88.050385,24.504991],[88.052745,24.49962],[88.065359,24.4831],[88.070567,24.467393],[88.071056,24.464057],[88.077891,24.456163],[88.109304,24.450954],[88.118907,24.446967],[88.120372,24.433214],[88.114757,24.420762],[88.112804,24.409369],[88.125662,24.398546],[88.142182,24.40823],[88.150076,24.405829],[88.152843,24.397244],[88.152924,24.388292],[88.156261,24.37169],[88.164806,24.365587],[88.17685,24.362331],[88.205333,24.346503],[88.212332,24.341417],[88.215017,24.33336],[88.217052,24.324327],[88.222179,24.324164],[88.22877,24.326199],[88.235606,24.323513],[88.23878,24.322699],[88.247325,24.317654],[88.252452,24.311876],[88.245942,24.30919],[88.239024,24.307481],[88.234386,24.302924],[88.231212,24.296454],[88.22877,24.288682],[88.253022,24.27143],[88.260346,24.228135],[88.256602,24.141303],[88.232188,24.070258],[88.220714,24.060655],[88.209727,24.015692],[88.194591,24.001329],[88.220144,23.990261],[88.22877,23.987657],[88.22877,23.980251],[88.203217,23.981147],[88.198741,23.97309],[88.208263,23.949774],[88.209483,23.928168],[88.221283,23.870958],[88.223643,23.840155],[88.22755,23.826768],[88.239024,23.812608],[88.240489,23.79914],[88.237804,23.774766],[88.228119,23.756456],[88.208263,23.761094],[88.200125,23.742214],[88.173595,23.716986],[88.15976,23.699652],[88.153087,23.683214],[88.146902,23.657742],[88.148204,23.634304],[88.163178,23.623969],[88.219005,23.606513],[88.22877,23.606879],[88.222992,23.627061],[88.224132,23.635281],[88.235606,23.637559],[88.239268,23.633165],[88.256602,23.603461],[88.248057,23.589789],[88.252615,23.580919],[88.264171,23.576606],[88.276459,23.576768],[88.288178,23.582099],[88.324962,23.610297],[88.330007,23.592149],[88.321381,23.574286],[88.304454,23.559027],[88.283295,23.548855],[88.294688,23.536444],[88.312999,23.535712],[88.333751,23.538194],[88.352306,23.535183],[88.365001,23.524115],[88.367931,23.511786],[88.356944,23.469346],[88.356537,23.46247],[88.354991,23.456814],[88.341319,23.44123],[88.34075,23.437567],[88.3449,23.433946],[88.352306,23.425971],[88.35906,23.421576],[88.368256,23.419216],[88.376069,23.41413],[88.379487,23.401719],[88.378998,23.390937],[88.377452,23.383612],[88.372081,23.370714],[88.370372,23.36046],[88.370372,23.351752],[88.367198,23.345649],[88.342703,23.340644],[88.340831,23.333808],[88.343679,23.324978],[88.34547,23.316107],[88.34547,23.278184],[88.347748,23.269802],[88.353526,23.26671],[88.360281,23.265163],[88.365896,23.26085],[88.382253,23.225287],[88.392182,23.215766],[88.413097,23.212429],[88.444347,23.217393],[88.457449,23.212429],[88.468272,23.192572],[88.447276,23.154405],[88.447276,23.142361],[88.460948,23.130479],[88.472341,23.126288],[88.483653,23.123887],[88.492198,23.118964],[88.495616,23.107245],[88.491791,23.096991],[88.473643,23.07449],[88.468272,23.062852],[88.481619,23.061835],[88.491954,23.056749],[88.495128,23.049343],[88.48878,23.041124],[88.475027,23.037543],[88.462169,23.039496],[88.450694,23.039089],[88.44044,23.028103],[88.448416,23.021267],[88.431082,23.003526],[88.417735,22.986518],[88.409272,22.967068],[88.406912,22.945502]]}},{"type":"Feature","properties":{"name":"Ganges","scalerank":3},"geometry":{"type":"LineString","coordinates":[[88.429128,24.35578],[88.421641,24.333279],[88.430105,24.323554],[88.442312,24.314643],[88.453298,24.283393],[88.466238,24.270087],[88.482514,24.264472],[88.499034,24.271674],[88.518077,24.263454],[88.53712,24.229926],[88.539643,24.199246],[88.509288,24.199327],[88.512625,24.188585],[88.518891,24.184516],[88.525645,24.183051],[88.529714,24.18004],[88.531749,24.171983],[88.530854,24.168158],[88.529389,24.164862],[88.529714,24.158393],[88.528738,24.151964],[88.524913,24.148017],[88.523448,24.14411],[88.529714,24.137885],[88.538259,24.136583],[88.555675,24.145819],[88.564545,24.144721],[88.567393,24.139228],[88.568614,24.122423],[88.570811,24.117377],[88.578136,24.114691],[88.584727,24.115749],[88.591238,24.117621],[88.598643,24.117377],[88.619721,24.108466],[88.625906,24.098456],[88.626964,24.086208],[88.632823,24.070258],[88.636322,24.074286],[88.642996,24.078966],[88.646414,24.083279],[88.648529,24.066596],[88.646658,24.036444],[88.641124,24.005723],[88.632823,23.987657],[88.653575,23.983507],[88.67921,23.983669],[88.700613,23.980496],[88.708507,23.966579],[88.746511,23.966742],[88.755382,23.964789],[88.76295,23.960476],[88.769949,23.953559],[88.787201,23.961697],[88.803966,23.953396],[88.821788,23.940009],[88.841889,23.933051],[88.853038,23.92536],[88.862722,23.908026],[88.862885,23.889512],[88.845714,23.878445],[88.858816,23.872097],[88.868663,23.869005],[88.872976,23.870958],[88.871104,23.862372],[88.86614,23.857611],[88.86085,23.854438],[88.858653,23.850531],[88.858653,23.802069],[88.86964,23.713813],[88.869558,23.699652],[88.860444,23.684516],[88.858653,23.682644],[88.855968,23.678046],[88.850027,23.679755],[88.844249,23.683783],[88.841889,23.686062],[88.826915,23.681179],[88.824962,23.669379],[88.832042,23.641303],[88.825776,23.636746],[88.811615,23.630683],[88.796641,23.626532],[88.78712,23.627712],[88.774099,23.633734],[88.764415,23.627061],[88.761729,23.61286],[88.769949,23.596625],[88.750418,23.590644],[88.740164,23.585517],[88.73585,23.579901],[88.740001,23.564276],[88.749522,23.555935],[88.7588,23.549262],[88.767507,23.524522],[88.786143,23.505683],[88.790538,23.497016],[88.793712,23.485216],[88.802257,23.482937],[88.828298,23.486762],[88.831065,23.473741],[88.828136,23.448106],[88.834727,23.429958],[88.86614,23.438992],[88.874441,23.447943],[88.884532,23.461534],[88.895763,23.472439],[88.907237,23.47309],[88.909109,23.465359],[88.906261,23.436143],[88.907237,23.425971],[88.899913,23.424099],[88.892833,23.419501],[88.889415,23.412909],[88.893565,23.404853],[88.899994,23.403266],[88.930675,23.404853],[88.939138,23.396511],[88.938243,23.380194],[88.929454,23.369452],[88.913992,23.377509],[88.90504,23.36225],[88.933035,23.356269],[88.97047,23.358466],[88.989024,23.367255],[88.994884,23.381659],[88.99464,23.388373],[88.985362,23.391181],[88.976329,23.396796],[88.970632,23.401394],[88.967865,23.404853],[88.974376,23.417426],[88.990001,23.410956],[89.006765,23.396511],[89.016368,23.384955],[89.016775,23.380194],[89.014171,23.376532],[89.010753,23.373481],[89.009532,23.370714],[89.012136,23.367255],[89.021088,23.360541],[89.023204,23.357042],[89.022065,23.3487],[89.017507,23.340196],[89.015147,23.283393],[89.019786,23.27143],[89.020763,23.261908],[89.012706,23.251654],[89.002045,23.24197],[88.995942,23.234158],[88.996755,23.222846],[89.003022,23.212836],[89.012706,23.209988],[89.023204,23.219835],[89.027192,23.216579],[89.029796,23.214911],[89.036876,23.212429],[89.040619,23.205186],[89.049571,23.193915],[89.054698,23.183458],[89.047374,23.1789],[89.04127,23.173529],[89.051199,23.161322],[89.074718,23.141384],[89.106212,23.088202],[89.119395,23.075873],[89.097992,23.04739],[89.09075,23.033026],[89.085216,23.014431],[89.078136,22.998969],[89.076427,22.987413],[89.081554,22.976874],[89.093272,22.973009],[89.103526,22.976996],[89.112315,22.978339],[89.119395,22.96662],[89.095225,22.953315],[89.091401,22.949286],[89.093272,22.934272],[89.098155,22.930487],[89.104747,22.931708],[89.112071,22.931912],[89.12379,22.934272],[89.1303,22.930203],[89.136811,22.893622],[89.133393,22.890082],[89.119395,22.897773],[89.116954,22.894355],[89.11671,22.893256],[89.115733,22.892605],[89.112071,22.890245],[89.121755,22.877753],[89.125906,22.870632],[89.126557,22.863959],[89.126231,22.853054],[89.12851,22.837755],[89.134776,22.825995],[89.143565,22.822089],[89.153575,22.830105],[89.160492,22.822618],[89.153331,22.817979],[89.149994,22.811632],[89.15032,22.803778],[89.153575,22.794704],[89.163829,22.800401],[89.174246,22.808376],[89.183604,22.813788],[89.191417,22.812079],[89.193289,22.802802],[89.177745,22.779893],[89.174083,22.767401],[89.180756,22.767401],[89.189464,22.774522],[89.193777,22.768256],[89.196788,22.756456],[89.201264,22.746894],[89.225597,22.736436],[89.242198,22.732204],[89.249766,22.736396],[89.256114,22.736843],[89.270274,22.728135],[89.284434,22.716864],[89.290619,22.709337],[89.295909,22.704657],[89.306082,22.700303],[89.311697,22.692816],[89.304291,22.678656],[89.263438,22.705919],[89.268647,22.681586],[89.279063,22.667792],[89.291921,22.656114],[89.304291,22.637722],[89.295665,22.633124],[89.292491,22.625352],[89.293549,22.615098],[89.293142,22.600124]]}},{"type":"Feature","properties":{"name":"Ganges","scalerank":3},"geometry":{"type":"LineString","coordinates":[[89.088308,23.978339],[89.088715,23.977159]]}},{"type":"Feature","properties":{"name":"Ganges","scalerank":3},"geometry":{"type":"LineString","coordinates":[[89.088715,23.977159],[89.11614,23.955756],[89.137462,23.943061],[89.15919,23.933539],[89.186453,23.9289],[89.26946,23.936794],[89.296479,23.935004],[89.321381,23.929877],[89.345144,23.920478],[89.377859,23.89997],[89.467296,23.864854],[89.490001,23.852729],[89.53004,23.819444],[89.555675,23.814805],[89.573171,23.819932],[89.603282,23.837755],[89.61964,23.843695],[89.674897,23.848456],[89.708914,23.856798],[89.723399,23.85574],[89.753673,23.845486],[89.749278,23.848009]]}},{"type":"Feature","properties":{"name":"Ganges","scalerank":3},"geometry":{"type":"LineString","coordinates":[[89.088715,23.977159],[89.096202,23.956],[89.097179,23.95246],[89.09726,23.948554],[89.098155,23.9442],[89.104503,23.934272],[89.11378,23.926052],[89.156668,23.898464],[89.177419,23.881537],[89.182628,23.873114],[89.184174,23.865058],[89.187592,23.859076],[89.210541,23.853705],[89.2199,23.846503],[89.249522,23.816433],[89.255463,23.806749],[89.255951,23.771674],[89.261974,23.751817],[89.276541,23.739529],[89.311127,23.72016],[89.35255,23.671739],[89.381114,23.673407],[89.397716,23.678087],[89.410737,23.679226],[89.42099,23.674425],[89.480479,23.593044],[89.493093,23.579901],[89.499441,23.570014],[89.503835,23.55744],[89.509776,23.546658],[89.52003,23.54206],[89.525808,23.537421],[89.516531,23.527411],[89.503347,23.517768],[89.496755,23.514106],[89.495616,23.506659],[89.496511,23.499376],[89.499034,23.492621],[89.50294,23.486762],[89.518972,23.508409],[89.548106,23.505683],[89.578705,23.490098],[89.598643,23.47309],[89.607595,23.45307],[89.626475,23.370714],[89.613536,23.376003],[89.609467,23.379421],[89.605968,23.384955],[89.598643,23.384955],[89.597585,23.353054],[89.612315,23.315212],[89.637625,23.288194],[89.667491,23.288764],[89.656261,23.273301],[89.636241,23.255316],[89.627615,23.240343],[89.680919,23.226996],[89.683197,23.209906],[89.680105,23.189236],[89.694835,23.171454],[89.707286,23.17003],[89.716238,23.175605],[89.72462,23.182481],[89.736339,23.185126],[89.750255,23.179796],[89.755951,23.170518],[89.752859,23.161729],[89.740164,23.157782],[89.733816,23.153428],[89.718354,23.133368],[89.710948,23.119086],[89.700776,23.122585],[89.681163,23.137966],[89.680268,23.126736],[89.681733,23.11754],[89.684825,23.109971],[89.689138,23.103827],[89.697765,23.096951],[89.714773,23.093817],[89.722667,23.089545],[89.732514,23.07628],[89.756847,23.028103],[89.77296,23.010321],[89.804861,22.9831],[89.81837,22.96662],[89.82252,22.957302],[89.828136,22.939073],[89.83253,22.931912],[89.838145,22.928005],[89.853282,22.92182],[89.859304,22.91824],[89.879649,22.896511],[89.887218,22.890245],[89.928233,22.870429],[89.942882,22.857286],[89.99879,22.768866],[90.006765,22.750271],[90.010753,22.726426],[90.009939,22.686143],[90.013276,22.667304],[90.024425,22.651313],[90.01588,22.627753],[90.014415,22.596137],[90.017833,22.566352],[90.024425,22.548285],[90.019542,22.538438],[90.011974,22.511094],[90.010183,22.490261]]}},{"type":"Feature","properties":{"name":"Ganges","scalerank":3},"geometry":{"type":"LineString","coordinates":[[90.087494,23.57864],[90.083507,23.557725],[90.069021,23.527696],[90.067963,23.519843],[90.06894,23.511786],[90.0713,23.503933],[90.079031,23.488552],[90.112397,23.438992],[90.093435,23.427558],[90.082123,23.388699],[90.064708,23.391181],[90.074148,23.377956],[90.095307,23.375067],[90.116466,23.369167],[90.126231,23.346788],[90.127371,23.335273],[90.132335,23.311713],[90.133718,23.298407],[90.129893,23.290595],[90.121104,23.290107],[90.111501,23.294623],[90.105561,23.301825],[90.098888,23.301825],[90.098888,23.26085],[90.105561,23.26085],[90.108002,23.274766],[90.116466,23.280341],[90.128184,23.277899],[90.140554,23.267646],[90.145437,23.253933],[90.143158,23.243272],[90.145437,23.236599],[90.164073,23.234158],[90.180186,23.233913],[90.197358,23.231635],[90.212576,23.225165],[90.22226,23.212429],[90.219819,23.204535],[90.212576,23.191311]]}},{"type":"Feature","properties":{"name":"Ganges","scalerank":3},"geometry":{"type":"LineString","coordinates":[[90.212576,23.191311],[90.212169,23.190619],[90.201752,23.177354],[90.191742,23.171454],[90.175955,23.173611],[90.171641,23.179226],[90.174571,23.19599],[90.177419,23.199042],[90.184255,23.199978],[90.198416,23.199408],[90.208507,23.197374],[90.212169,23.192816],[90.212576,23.191311]]}},{"type":"Feature","properties":{"name":"Ganges","scalerank":3},"geometry":{"type":"LineString","coordinates":[[90.212576,23.191311],[90.21339,23.188015],[90.215424,23.185126],[90.235606,23.182644],[90.245942,23.180121],[90.250418,23.175157],[90.254812,23.149726],[90.253184,23.139228],[90.242931,23.130479],[90.242931,23.124294],[90.266612,23.122423],[90.2942,23.116726],[90.318614,23.106024],[90.332123,23.089545],[90.325287,23.089545],[90.331391,23.075303],[90.324718,23.0692],[90.312266,23.065741],[90.301199,23.059109],[90.292084,23.042833],[90.30185,23.041327],[90.317312,23.043484],[90.325287,23.038031],[90.326182,23.020697],[90.325287,23.021267],[90.323741,23.015815],[90.319428,23.010565],[90.317312,23.004584],[90.322032,22.997016],[90.334727,22.988552],[90.346934,22.982489],[90.355968,22.975287],[90.35963,22.962917],[90.364513,22.955024],[90.375011,22.945624],[90.384776,22.933783],[90.387462,22.91824],[90.384695,22.914822],[90.373139,22.906277],[90.370128,22.904568],[90.366466,22.901231],[90.365326,22.84573],[90.36964,22.81684],[90.379324,22.79267],[90.394216,22.774848]]}},{"type":"Feature","properties":{"name":"Ganges","scalerank":3},"geometry":{"type":"LineString","coordinates":[[88.406912,22.945502],[88.444428,22.945502],[88.455984,22.943427],[88.475597,22.934027],[88.485362,22.931912],[88.495535,22.934272],[88.503917,22.940131],[88.528331,22.968451],[88.53655,22.980292],[88.546397,22.984076],[88.555919,22.985297],[88.565115,22.983181],[88.574474,22.976874],[88.585948,22.971218],[88.598562,22.970404],[88.609386,22.971137],[88.615733,22.970038],[88.620209,22.961127],[88.620616,22.952338],[88.622813,22.944525],[88.632823,22.938747],[88.639252,22.938747],[88.644786,22.94127],[88.649669,22.944363],[88.653819,22.945502],[88.655365,22.945828],[88.668224,22.945868],[88.667003,22.945502],[88.704112,22.946357],[88.724213,22.943305],[88.739268,22.935329],[88.746511,22.920844],[88.750662,22.884345],[88.756277,22.870429],[88.773041,22.855048],[88.788666,22.849189],[88.828298,22.849311],[88.829682,22.845242],[88.838878,22.836859],[88.848643,22.829861],[88.85255,22.830105],[88.854096,22.818427],[88.851736,22.810655],[88.838308,22.794704],[88.84962,22.788845],[88.851003,22.783474],[88.847992,22.777859],[88.845714,22.771104],[88.840587,22.745714],[88.838308,22.739447],[88.830496,22.736599],[88.821544,22.739203],[88.813975,22.739529],[88.810964,22.729844],[88.812999,22.721055],[88.81837,22.715766],[88.825206,22.711534],[88.832042,22.705919],[88.868175,22.663642],[88.879812,22.657538],[88.900483,22.658067],[88.916515,22.662055],[88.929617,22.658759],[88.941905,22.637722],[88.951671,22.612128],[88.956065,22.585232],[88.949799,22.562201],[88.927664,22.548285],[88.958588,22.536973],[88.970632,22.528144],[88.979584,22.491075],[88.997976,22.451483],[89.002208,22.428168],[89.000255,22.420274],[88.991791,22.407172],[88.989024,22.396837],[88.989268,22.38703],[89.000987,22.333848],[89.00644,22.321641],[89.023204,22.29503],[89.008718,22.285834],[89.018321,22.264838],[89.061941,22.211737],[89.070323,22.195014],[89.075776,22.175238],[89.077729,22.151068],[89.060313,22.130642]]}},{"type":"Feature","properties":{"name":"Ganges","scalerank":3},"geometry":{"type":"LineString","coordinates":[[88.406912,22.945502],[88.403901,22.9171],[88.39796,22.896837],[88.379487,22.856757],[88.365896,22.815782],[88.348155,22.788194],[88.34547,22.778266],[88.348562,22.758002],[88.362804,22.721218],[88.365896,22.698513],[88.364024,22.656073],[88.356944,22.612616],[88.342296,22.57628],[88.317393,22.555121],[88.296886,22.554023],[88.271983,22.55622],[88.251231,22.553656],[88.242442,22.538031],[88.241222,22.526719],[88.237641,22.521796],[88.230072,22.520779],[88.218272,22.521023],[88.206716,22.51671],[88.199799,22.506781],[88.194265,22.495429],[88.187104,22.486843],[88.170909,22.480821],[88.150483,22.475898],[88.133067,22.468695],[88.125662,22.455837],[88.137218,22.418077],[88.139659,22.398871],[88.129242,22.390652],[88.106944,22.383816],[88.101085,22.367214],[88.105235,22.329169],[88.103038,22.314154],[88.099132,22.299384],[88.09669,22.293769],[88.082123,22.271918],[88.080577,22.268826],[88.0796,22.265204],[88.077891,22.248847],[88.075694,22.241278],[88.070893,22.23489]]}},{"type":"Feature","properties":{"name":"Ganges","scalerank":3},"geometry":{"type":"LineString","coordinates":[[88.406261,22.945502],[88.406912,22.945502]]}},{"type":"Feature","properties":{"name":"Ganges","scalerank":3},"geometry":{"type":"LineString","coordinates":[[89.293142,22.600124],[89.290619,22.606635],[89.288259,22.616482],[89.281993,22.627387],[89.273367,22.635606],[89.263438,22.637722],[89.257253,22.63349],[89.255056,22.626085],[89.255951,22.606635],[89.259288,22.598253],[89.265636,22.589423],[89.27003,22.580756],[89.266775,22.572537],[89.255626,22.561347],[89.250987,22.553412],[89.249929,22.545518],[89.249766,22.534613],[89.252371,22.512274],[89.261241,22.495185],[89.290619,22.465766],[89.271007,22.458808],[89.258393,22.443671],[89.255056,22.424262],[89.263438,22.404324],[89.251964,22.393337],[89.25294,22.381212],[89.262462,22.368516],[89.277192,22.355902],[89.265717,22.337266],[89.27532,22.31269],[89.295909,22.291083],[89.317963,22.281358],[89.30714,22.260118],[89.305756,22.24197],[89.342296,22.130561],[89.351492,22.127712],[89.358979,22.120795],[89.364024,22.112657],[89.365815,22.106024],[89.368093,22.103624],[89.383556,22.092393],[89.387299,22.086697],[89.385753,22.08393],[89.382091,22.082099],[89.380056,22.079047],[89.376394,22.063788],[89.367198,22.048855],[89.345307,22.020697],[89.350678,22.012274],[89.35255,22.000271],[89.352143,21.972276]]}},{"type":"Feature","properties":{"name":"Ganges","scalerank":3},"geometry":{"type":"LineString","coordinates":[[89.293142,22.600124],[89.293061,22.597968]]}},{"type":"Feature","properties":{"name":"Ganges","scalerank":3},"geometry":{"type":"LineString","coordinates":[[89.475678,22.29503],[89.454112,22.317003],[89.444347,22.334052],[89.441498,22.352159],[89.440115,22.398993],[89.431244,22.464708],[89.420665,22.492051],[89.42213,22.503485],[89.427419,22.516303],[89.425548,22.5338],[89.408376,22.562323],[89.393891,22.575629],[89.354015,22.594916],[89.345307,22.602891],[89.330658,22.593451],[89.312592,22.586982],[89.297293,22.589382],[89.293142,22.600124]]}},{"type":"Feature","properties":{"name":"Indus","scalerank":3},"geometry":{"type":"LineString","coordinates":[[72.781668,34.622504],[72.783214,34.61282],[72.802257,34.576768],[72.801524,34.558295],[72.789154,34.52322],[72.788666,34.514228],[72.801524,34.503933],[72.826264,34.498358],[72.836681,34.481024],[72.832449,34.459499],[72.829519,34.440619],[72.826671,34.414903],[72.827891,34.393175],[72.838634,34.375841],[72.845307,34.35456],[72.85019,34.321153],[72.852468,34.287787],[72.842459,34.255072],[72.836681,34.221015],[72.838796,34.194688],[72.8331,34.168321],[72.813731,34.144843],[72.789154,34.127956],[72.760671,34.115831],[72.740001,34.105089],[72.721446,34.09337],[72.707042,34.085557]]}},{"type":"Feature","properties":{"name":"Indus","scalerank":3},"geometry":{"type":"LineString","coordinates":[[72.70696,34.085517],[72.667491,34.05919],[72.651866,34.043524],[72.645763,34.023261],[72.63323,34.01378],[72.604991,34.013373],[72.509532,34.02265],[72.467459,34.020453],[72.430675,34.011298],[72.398692,33.993191],[72.36671,33.969346],[72.348399,33.961005],[72.254975,33.944403],[72.240326,33.937934],[72.225841,33.901231],[72.241303,33.804796],[72.23406,33.765977],[72.223155,33.774237],[72.210867,33.776475],[72.198253,33.773505],[72.186453,33.765977],[72.171886,33.773057],[72.152599,33.777289],[72.114757,33.779649],[72.087413,33.789903],[72.082937,33.788153],[72.062918,33.765977],[72.052826,33.76085],[72.031749,33.753974],[72.021902,33.746161],[72.010183,33.71601],[72.004893,33.711371],[71.999034,33.703437],[71.97934,33.664496],[71.974132,33.64997],[71.971772,33.598212],[71.953136,33.570502],[71.953054,33.559882],[71.955577,33.547146],[71.953054,33.526435],[71.944753,33.515652],[71.901785,33.488552],[71.897065,33.481635],[71.892507,33.467963],[71.888194,33.461249],[71.879405,33.45185],[71.873546,33.443468],[71.872569,33.434516],[71.87794,33.423407],[71.867768,33.420844],[71.863373,33.41531],[71.859386,33.408759],[71.850597,33.40351],[71.841807,33.402167],[71.812755,33.40351],[71.796804,33.40001],[71.740733,33.375556],[71.723155,33.355251],[71.722341,33.336127],[71.725027,33.318671],[71.716889,33.303575],[71.704682,33.289618],[71.698985,33.272528],[71.703217,33.256537],[71.720876,33.245876],[71.712901,33.245876],[71.726573,33.231147],[71.740733,33.219428],[71.751069,33.20539],[71.754405,33.183783],[71.749522,33.163438],[71.740245,33.14997],[71.729584,33.139716],[71.720876,33.129177],[71.712901,33.110867],[71.710948,33.094306],[71.712901,33.054063],[71.718761,33.037177],[71.718435,33.029405],[71.699474,33.022813],[71.694021,33.015082],[71.690684,33.005968],[71.685476,32.998847],[71.649343,32.978624],[71.611095,32.964057],[71.599539,32.961859],[71.572765,32.960639],[71.549408,32.954169],[71.551687,32.955593],[71.541921,32.952948],[71.533783,32.949083],[71.526947,32.943386],[71.512706,32.920193],[71.506765,32.914822],[71.498139,32.910712],[71.461925,32.897976],[71.448009,32.887274],[71.437511,32.868964],[71.430268,32.842556],[71.426036,32.83454],[71.409109,32.816433],[71.40504,32.808946],[71.403087,32.790107],[71.412852,32.753119],[71.414073,32.734402],[71.411713,32.725653],[71.407725,32.718777],[71.402436,32.713324],[71.396088,32.709011],[71.364187,32.695014],[71.354503,32.68891],[71.340587,32.673692],[71.331472,32.656073],[71.325857,32.636786],[71.322765,32.616482],[71.323416,32.593573],[71.329682,32.574286],[71.348074,32.535264],[71.350841,32.52501],[71.346609,32.432318],[71.340587,32.415107],[71.331472,32.399278],[71.293875,32.356147],[71.283376,32.339911],[71.278738,32.322333],[71.278331,32.302029],[71.276459,32.292589],[71.271902,32.282823],[71.251964,32.254503],[71.247162,32.243516],[71.236501,32.20185],[71.22877,32.181749],[71.215587,32.165473],[71.206716,32.159695],[71.177664,32.147162],[71.167898,32.140815],[71.132091,32.105821],[71.123464,32.094062],[71.117198,32.081122],[71.114675,32.066514],[71.11435,32.047471],[71.112315,32.039008],[71.106944,32.030544],[71.070242,31.999091],[71.054698,31.982204],[71.036876,31.940212],[71.023041,31.925849],[71.007335,31.912909],[70.992768,31.897895],[70.983409,31.879259],[70.973888,31.83869],[70.966807,31.818915],[70.923595,31.744452],[70.905772,31.721462],[70.899343,31.709581],[70.899343,31.695136],[70.904226,31.678819],[70.904714,31.672919],[70.903331,31.663682],[70.826752,31.489447],[70.801036,31.453681],[70.795421,31.440945],[70.791433,31.426337],[70.788178,31.379665],[70.767507,31.263983],[70.768077,31.249823],[70.771495,31.235948],[70.781668,31.209296],[70.784434,31.195136],[70.788829,31.138251],[70.793386,31.125434],[70.814057,31.09162],[70.818614,31.078152],[70.835867,30.977607],[70.835216,30.948269],[70.829031,30.919867],[70.819347,30.883857],[70.814708,30.872667],[70.796886,30.846747],[70.765554,30.813056],[70.757253,30.801703],[70.75172,30.789008],[70.750011,30.774441],[70.751231,30.766425],[70.759939,30.74433],[70.762136,30.736843],[70.765717,30.695095],[70.771414,30.677314],[70.780772,30.661322],[70.814464,30.625434],[70.830333,30.599433],[70.841726,30.57099],[70.848074,30.542019],[70.849701,30.522325],[70.84905,30.502997],[70.84547,30.484076],[70.835541,30.456977],[70.829845,30.416571],[70.815196,30.363959],[70.811046,30.356147],[70.805186,30.349718],[70.785085,30.33747],[70.779552,30.331366],[70.774018,30.315863],[70.775076,30.298448],[70.780528,30.28144],[70.80185,30.237657],[70.812266,30.225653],[70.815929,30.219509],[70.817312,30.210517],[70.816417,30.20246],[70.805431,30.171007],[70.803722,30.162299],[70.80185,30.109442],[70.806163,30.093533],[70.835053,30.053412],[70.838878,30.018378],[70.834239,29.946885],[70.83546,29.938666],[70.843272,29.916571],[70.844737,29.908026],[70.844168,29.89997],[70.830007,29.854763],[70.823741,29.841417],[70.812999,29.829413],[70.805431,29.824978],[70.788503,29.819119],[70.780772,29.814521],[70.775076,29.808905],[70.770763,29.802436],[70.76767,29.795274],[70.763194,29.771674],[70.760509,29.765001],[70.755056,29.758124],[70.728282,29.732123],[70.701182,29.696641],[70.689138,29.686143],[70.668956,29.673367],[70.663097,29.66828],[70.658702,29.661241],[70.653412,29.637274],[70.635346,29.600653],[70.6338,29.591986],[70.633556,29.582465],[70.635753,29.564073],[70.644542,29.545966],[70.659434,29.53738],[70.676768,29.531358],[70.692882,29.521186],[70.700287,29.506049],[70.702159,29.486151],[70.700206,29.448188],[70.701182,29.438422],[70.704112,29.431098],[70.714692,29.416612],[70.718842,29.40823],[70.720307,29.399604],[70.719249,29.390733],[70.716319,29.381456],[70.708751,29.366645],[70.680593,29.32453],[70.67628,29.307644],[70.675385,29.272406],[70.67213,29.254706],[70.668712,29.248074],[70.659434,29.236436],[70.648204,29.215115],[70.649343,29.187283],[70.651947,29.173896],[70.661632,29.14822],[70.667898,29.123603],[70.667898,29.083808],[70.665294,29.070624],[70.660167,29.058783],[70.652192,29.049669],[70.641856,29.043809],[70.630382,29.040351],[70.59075,29.033637],[70.577566,29.029649],[70.565033,29.023261],[70.555268,29.015408],[70.525971,28.975898],[70.476003,28.922675],[70.466075,28.916124],[70.436534,28.911566],[70.404063,28.915595],[70.373627,28.914618],[70.350108,28.895128],[70.34547,28.883409],[70.339122,28.858954],[70.333914,28.84752],[70.326264,28.837958],[70.276378,28.792507],[70.252371,28.777615],[70.156749,28.745429],[70.144135,28.738959],[70.132742,28.728949],[70.107351,28.69241],[70.095795,28.682644],[70.054698,28.666612],[70.043061,28.659247],[70.037364,28.650255],[70.035574,28.639268],[70.03655,28.625922],[70.028575,28.597927],[70.003022,28.586737],[69.940929,28.581651],[69.926768,28.576972],[69.91505,28.569525],[69.893565,28.550116],[69.882498,28.542263],[69.871186,28.538438],[69.82366,28.533515],[69.801768,28.528428],[69.781016,28.520453],[69.762218,28.509101],[69.752533,28.499864],[69.746349,28.489773],[69.724701,28.416083],[69.716563,28.40119],[69.708263,28.391872],[69.678315,28.37462],[69.6692,28.366034],[69.66269,28.355496],[69.652599,28.332384],[69.64503,28.320624],[69.585378,28.258612],[69.573334,28.250271],[69.561127,28.245673],[69.535737,28.239691],[69.523529,28.234971],[69.500011,28.220811],[69.487804,28.21601],[69.473888,28.215399],[69.432709,28.231879],[69.419526,28.232449],[69.410574,28.225775],[69.405691,28.214179],[69.400483,28.189643],[69.395763,28.176052],[69.388764,28.16295],[69.378998,28.152371],[69.365896,28.146308],[69.338308,28.150458],[69.312022,28.164008],[69.288097,28.169745],[69.2671,28.150702],[69.259369,28.138129],[69.25058,28.12934],[69.23935,28.124091],[69.224376,28.121934],[69.194835,28.121894],[69.180756,28.11876],[69.1692,28.110175],[69.162852,28.098497],[69.153331,28.073432],[69.144786,28.062812],[69.131358,28.056179],[69.116954,28.054999],[69.074311,28.064276],[69.06129,28.065619],[69.048432,28.065131],[69.034923,28.06269],[69.036225,28.034939],[69.035574,28.030585],[69.026134,28.001776],[69.021902,27.992499],[69.016124,27.984076],[68.998953,27.972113],[68.980886,27.970974],[68.932872,27.985907],[68.927826,27.986518],[68.922537,27.98432],[68.918712,27.979682],[68.917491,27.974229],[68.918224,27.968451],[68.920421,27.962917],[68.926768,27.952989],[68.942963,27.936143],[68.949636,27.926296],[68.953624,27.915229],[68.955089,27.903754],[68.953543,27.880439],[68.949962,27.868272],[68.943126,27.86164],[68.933197,27.858588],[68.895112,27.853705],[68.882742,27.849433],[68.87322,27.842597],[68.870372,27.837917],[68.862641,27.820014],[68.860932,27.813585],[68.860769,27.807563],[68.863048,27.794989],[68.87794,27.782538],[68.884044,27.782416],[68.890717,27.780219],[68.896088,27.77615],[68.898204,27.770535],[68.917898,27.766425],[68.940684,27.758653],[68.955577,27.745876],[68.951752,27.726426],[68.932628,27.710273],[68.882091,27.691474],[68.835867,27.667996],[68.813406,27.663113],[68.791026,27.666938],[68.768891,27.680732],[68.749929,27.699734],[68.734386,27.721706],[68.717052,27.766872],[68.699229,27.784857],[68.676524,27.790351],[68.65797,27.781684],[68.65211,27.757188],[68.655284,27.732733],[68.653738,27.721137],[68.646576,27.711046],[68.635671,27.705268],[68.623057,27.703192],[68.609955,27.703803],[68.575857,27.710069],[68.565522,27.70954],[68.554698,27.705512],[68.542572,27.696397],[68.522065,27.674262],[68.510671,27.66474],[68.48878,27.662462],[68.468191,27.672187],[68.449718,27.676581],[68.433849,27.658026],[68.424327,27.635443],[68.416596,27.627387],[68.404552,27.623603],[68.37794,27.624538],[68.365164,27.623399],[68.352794,27.617743],[68.344737,27.609646],[68.332612,27.590155],[68.325287,27.581366],[68.29835,27.56448],[68.291108,27.556912],[68.289236,27.534613],[68.326182,27.499294],[68.331472,27.477647],[68.324962,27.464789],[68.305675,27.442328],[68.29835,27.429796],[68.296967,27.418769],[68.300873,27.409532],[68.315684,27.393622],[68.326671,27.374132],[68.316987,27.364081],[68.296641,27.361151],[68.274832,27.362738],[68.247081,27.368354],[68.232921,27.369656],[68.219249,27.367865],[68.20989,27.363105],[68.15325,27.300727],[68.146495,27.27912],[68.162201,27.259792],[68.19752,27.244818],[68.205496,27.235948],[68.206716,27.224677],[68.201671,27.214871],[68.192393,27.207221],[68.182384,27.202257],[68.161388,27.200548],[68.134288,27.201524],[68.108979,27.198757],[68.094168,27.185858],[68.094249,27.175727],[68.099213,27.165473],[68.111746,27.147162],[68.117768,27.133979],[68.120697,27.120632],[68.119558,27.107245],[68.113292,27.094102],[68.074474,27.053412],[68.051036,27.021918],[68.040945,27.013373],[68.000011,26.991563],[67.976085,26.969672],[67.966726,26.964423],[67.955333,26.962348],[67.943858,26.963731],[67.92213,26.972032],[67.913015,26.965644],[67.908702,26.957058],[67.908132,26.947089],[67.917003,26.914374],[67.917084,26.90294],[67.914236,26.891181],[67.904714,26.867051],[67.901785,26.861762],[67.894623,26.852078],[67.892589,26.846544],[67.891694,26.83279],[67.902599,26.794135],[67.905284,26.768256],[67.904714,26.742051],[67.902436,26.717393],[67.900645,26.711127],[67.890554,26.694363],[67.884939,26.681952],[67.881358,26.669867],[67.879405,26.657335],[67.878998,26.643826],[67.88087,26.63349],[67.884858,26.624538],[67.891124,26.616523],[67.911225,26.598253],[67.920421,26.586778],[67.926036,26.573676],[67.927338,26.557929],[67.922862,26.537177],[67.922374,26.530056],[67.924734,26.505723],[67.927013,26.498969],[67.919526,26.471706],[67.918712,26.46129],[67.91684,26.451443],[67.913503,26.442003],[67.908295,26.432929],[67.88974,26.410468],[67.886322,26.401801],[67.889903,26.385688],[67.917084,26.358222],[67.927419,26.34394],[67.931895,26.325548],[67.9345,26.287218],[67.939057,26.26907],[67.952566,26.255194],[67.972341,26.24962],[67.993744,26.246121],[68.012136,26.238145],[68.018565,26.230902],[68.02239,26.222683],[68.02825,26.204861],[68.033214,26.19656],[68.039968,26.190741],[68.047944,26.186713],[68.094168,26.174587],[68.110362,26.166327],[68.124115,26.152371],[68.128998,26.143744],[68.132091,26.134711],[68.133393,26.125271],[68.133311,26.115424],[68.127208,26.088324],[68.127208,26.079291],[68.13616,26.062079],[68.153331,26.047146],[68.207286,26.012519],[68.221446,25.999823],[68.233002,25.98489],[68.241954,25.966173],[68.252533,25.932644],[68.259939,25.916693],[68.271088,25.903266],[68.28655,25.893378],[68.318451,25.878241],[68.331554,25.865505],[68.341401,25.852891],[68.347097,25.847846],[68.35434,25.843573],[68.38323,25.832587],[68.391368,25.82685],[68.397716,25.809597],[68.385753,25.795274],[68.365815,25.784288],[68.349132,25.777289],[68.331391,25.765815],[68.321869,25.750515],[68.322683,25.732937],[68.33489,25.714789],[68.353445,25.702908],[68.396495,25.689276],[68.41627,25.678656],[68.426362,25.661241],[68.416108,25.646837],[68.39739,25.633979],[68.382335,25.621161],[68.378835,25.603461],[68.393972,25.567816],[68.39267,25.54918],[68.380382,25.535346],[68.362397,25.527045],[68.343191,25.520779],[68.325857,25.512885],[68.314464,25.498806],[68.315033,25.48371],[68.327891,25.451036],[68.326264,25.435411],[68.310639,25.409288],[68.309825,25.395331],[68.315522,25.385281],[68.332042,25.371609],[68.339447,25.363593],[68.344168,25.352851],[68.349132,25.279324],[68.347179,25.272081],[68.343516,25.265977],[68.332774,25.25495],[68.313569,25.241482],[68.30836,25.236029],[68.304291,25.228054],[68.301768,25.218329],[68.301199,25.208319],[68.302745,25.19953],[68.311615,25.188178],[68.355561,25.16474],[68.360769,25.160264],[68.365896,25.154812],[68.369884,25.148464],[68.370535,25.141791],[68.366222,25.134833],[68.358002,25.131619],[68.348643,25.130968],[68.32252,25.134955],[68.306651,25.135606],[68.294688,25.129096],[68.28948,25.110622],[68.288666,25.10102],[68.287039,25.093126],[68.283702,25.085801],[68.272553,25.070014],[68.268565,25.06212],[68.266368,25.053656],[68.266531,25.044053],[68.273448,25.00963],[68.273692,24.992743],[68.2671,24.976345],[68.260834,24.969265],[68.253347,24.964545],[68.245128,24.963731],[68.237071,24.968207],[68.231212,24.976426],[68.222585,24.995225],[68.215424,25.002631],[68.197765,25.006374],[68.180593,24.998236],[68.165457,24.98432],[68.142589,24.956488],[68.134776,24.941474],[68.132253,24.925238],[68.136811,24.907416],[68.144135,24.895209],[68.146495,24.888861],[68.145518,24.881619],[68.140636,24.874091],[68.133067,24.869005],[68.123953,24.866278],[68.115001,24.86579],[68.078705,24.875922],[68.060639,24.877305],[68.044037,24.868354],[68.037527,24.853461],[68.042247,24.839138],[68.050222,24.824734],[68.053315,24.809516],[68.047455,24.790717],[68.036062,24.77497],[68.009207,24.746161],[68.001069,24.732245],[67.986827,24.687567],[67.970307,24.656317],[67.968761,24.64114],[67.978445,24.625067],[68.003998,24.601142],[68.010509,24.587348],[68.006765,24.569892],[68.002045,24.562323],[67.996593,24.555976],[67.990245,24.550727],[67.966889,24.53852],[67.960948,24.532823],[67.957937,24.524482],[67.958263,24.516547],[67.967377,24.494167],[67.97169,24.479438],[67.974132,24.464301],[67.974213,24.45657],[67.973074,24.44953],[67.970307,24.442898],[67.966319,24.436306],[67.956716,24.43122],[67.943858,24.432196],[67.920095,24.436713],[67.915294,24.435248],[67.900645,24.427069],[67.877208,24.420681],[67.858897,24.418809],[67.849539,24.416612],[67.843354,24.411892],[67.842052,24.403388],[67.846202,24.396104],[67.858653,24.383857],[67.863536,24.375841],[67.867931,24.366034],[67.870535,24.35578],[67.870046,24.346462],[67.854747,24.333319],[67.830333,24.339138],[67.805431,24.348456],[67.788097,24.3463],[67.784679,24.336046],[67.78769,24.325019],[67.794363,24.314724],[67.801524,24.306667],[67.819021,24.29267],[67.826101,24.284857],[67.830333,24.273871],[67.8296,24.263536],[67.824799,24.255194],[67.816824,24.2508],[67.80657,24.252387],[67.788097,24.266547],[67.778087,24.271308],[67.766531,24.269314],[67.758067,24.261013],[67.755626,24.250271],[67.756358,24.227159],[67.753184,24.20539],[67.749929,24.19477],[67.745209,24.185085],[67.737804,24.17414],[67.729747,24.166571],[67.719819,24.163682],[67.707042,24.166612],[67.687022,24.174872],[67.676768,24.175605],[67.666026,24.171576],[67.659679,24.166124],[67.65504,24.159125],[67.652273,24.15115],[67.651296,24.14289],[67.653331,24.132839],[67.661632,24.114447],[67.663585,24.106431]]}},{"type":"Feature","properties":{"name":"Indus","scalerank":3},"geometry":{"type":"LineString","coordinates":[[79.437266,32.738105],[79.422374,32.752712],[79.399343,32.792751],[79.356944,32.850694],[79.336436,32.860419],[79.327403,32.868476],[79.317882,32.908271],[79.308604,32.928168],[79.289236,32.936794],[79.284272,32.94005],[79.273692,32.954617],[79.268891,32.957831],[79.224376,32.970893],[79.181895,32.989325],[79.152354,33.015408],[79.100841,33.080756],[78.955333,33.201239],[78.935802,33.211127],[78.924083,33.212836],[78.91505,33.210395],[78.906993,33.206732],[78.898529,33.204901],[78.797781,33.153103],[78.78655,33.14997],[78.771902,33.149685],[78.760834,33.152289],[78.734386,33.163275],[78.710948,33.165351],[78.592377,33.207872],[78.576671,33.211127],[78.570567,33.216498],[78.559093,33.240424],[78.548757,33.245876],[78.538259,33.247585],[78.511241,33.259548],[78.433523,33.282416],[78.406261,33.299425],[78.366303,33.344062],[78.353038,33.354682],[78.335867,33.360297],[78.3095,33.361925],[78.291026,33.365505],[78.276541,33.374294],[78.25172,33.396674],[78.195811,33.432888],[78.162608,33.461859],[78.152273,33.46894],[78.149099,33.479844],[78.158376,33.525336],[78.157807,33.54796],[78.149832,33.566514],[78.131358,33.574246],[78.100841,33.577826],[78.092459,33.588406],[78.090831,33.605536],[78.079845,33.628852],[78.066987,33.638129],[78.022472,33.659451],[78.007823,33.663601],[77.996511,33.673936],[77.958751,33.722846],[77.942556,33.738715],[77.884207,33.769151],[77.870372,33.773464],[77.858409,33.780382],[77.733897,33.921983],[77.660411,34.029324],[77.593272,34.088162],[77.556163,34.113471],[77.53419,34.124538],[77.5053,34.131212],[77.497569,34.135077],[77.488862,34.136908],[77.466563,34.130439],[77.433604,34.128485],[77.421316,34.129096],[77.339366,34.160183],[77.333751,34.1824],[77.319591,34.196153],[77.299571,34.202989],[77.277354,34.20421],[77.272716,34.202012],[77.269135,34.193386],[77.263682,34.191189],[77.257091,34.19184],[77.252208,34.193915],[77.248057,34.196234],[77.23349,34.20128],[77.217052,34.209906],[77.196788,34.212958],[77.184093,34.216498],[77.172862,34.221991],[77.167979,34.229031],[77.164073,34.237372],[77.154714,34.23725],[77.143484,34.233913],[77.133881,34.232123],[77.112722,34.237576],[77.07073,34.255561],[77.043386,34.26199],[77.036143,34.268866],[77.032481,34.278835],[77.031505,34.290798],[76.990001,34.307888],[76.904307,34.307888],[76.887706,34.311143],[76.842784,34.330349],[76.788585,34.37169],[76.772716,34.389512],[76.770274,34.403428],[76.737722,34.424262],[76.694021,34.44123],[76.6845,34.447821],[76.625092,34.518826],[76.611827,34.54267],[76.600108,34.554267],[76.584402,34.5633],[76.538097,34.574774],[76.523448,34.582628],[76.490245,34.608913],[76.449474,34.631415],[76.435069,34.636827],[76.387462,34.64411],[76.372976,34.649848],[76.372976,34.643622],[76.334239,34.657986],[76.316824,34.667792],[76.300873,34.680854],[76.242686,34.746039],[76.234386,34.752305],[76.220876,34.760321],[76.215343,34.766547],[76.210378,34.777371],[76.203217,34.802558],[76.189871,34.829901],[76.190359,34.853054],[76.195404,34.87519],[76.201671,34.890692],[76.206391,34.897081],[76.218028,34.908515],[76.222748,34.917344],[76.224864,34.931423],[76.221934,34.941026],[76.217459,34.948188],[76.215343,34.954901],[76.210216,34.95893],[76.185802,34.965115],[76.177745,34.968858],[76.15032,34.989285],[76.12322,35.016384],[76.075613,35.051134],[76.06129,35.066474],[76.052664,35.072577],[76.041108,35.075019],[76.038259,35.077012],[76.03655,35.087592],[76.034272,35.092393],[76.027436,35.096055],[76.011241,35.09455],[76.003673,35.096137],[75.957449,35.148261],[75.945323,35.157009],[75.921641,35.165554],[75.914968,35.185614],[75.915619,35.208564],[75.914236,35.225857],[75.90797,35.234442],[75.90089,35.238471],[75.893565,35.241278],[75.886974,35.246365],[75.882498,35.254259],[75.874604,35.275946],[75.859386,35.303046],[75.85377,35.324042],[75.843272,35.341376],[75.817963,35.349392],[75.79713,35.34337],[75.768077,35.31448],[75.746349,35.307807],[75.726492,35.308051],[75.721283,35.311062],[75.712169,35.318386],[75.699962,35.322862],[75.689138,35.319159],[75.67864,35.312323],[75.667247,35.307807],[75.635916,35.314154],[75.486095,35.415595],[75.46933,35.431098],[75.462413,35.448065],[75.451752,35.46015],[75.427175,35.471137],[75.399506,35.476671],[75.379812,35.472276],[75.362804,35.485907],[75.352468,35.505316],[75.347097,35.527859],[75.345714,35.551093],[75.339366,35.575303],[75.323253,35.585639],[75.105479,35.602607],[75.085948,35.601752],[75.080007,35.603583],[75.07073,35.609442],[75.061534,35.618842],[75.055756,35.627875],[75.048269,35.63463],[75.033214,35.637315],[74.989268,35.640082],[74.967296,35.644314],[74.948334,35.650987],[74.938569,35.657172],[74.920502,35.678331],[74.88974,35.701931],[74.872488,35.711737],[74.850108,35.716864],[74.772716,35.717963],[74.76295,35.719306],[74.745209,35.724148],[74.739757,35.728339],[74.742442,35.749701],[74.747488,35.768663],[74.747081,35.777167],[74.72462,35.785997],[74.722911,35.798285],[74.728608,35.822333],[74.726573,35.836371],[74.72462,35.841579],[74.656749,35.842841],[74.638927,35.836371],[74.630463,35.820868],[74.629161,35.802436],[74.632498,35.786933],[74.639171,35.777371],[74.64503,35.77558],[74.648204,35.772895],[74.646902,35.760281],[74.641205,35.759467],[74.629487,35.749538],[74.621674,35.737901],[74.629161,35.732367],[74.635183,35.728705],[74.644054,35.720079],[74.650483,35.710028],[74.649913,35.701931],[74.611339,35.671495],[74.609467,35.660509],[74.611339,35.649522],[74.624278,35.620144],[74.628673,35.613715],[74.631602,35.606228],[74.632498,35.527452],[74.607188,35.495795],[74.564708,35.483669],[74.516694,35.478135],[74.474864,35.466091],[74.459565,35.453559],[74.443614,35.437445],[74.42571,35.423529],[74.403575,35.41767],[74.317882,35.41767],[74.27003,35.427558],[74.246674,35.426703],[74.207042,35.404893],[74.183442,35.402655],[74.15919,35.405341],[74.139659,35.410834],[74.129324,35.417182],[74.10906,35.433539],[74.098155,35.438178],[74.087576,35.437852],[74.046886,35.431342],[74.029796,35.434272],[73.967784,35.458604],[73.923106,35.489691],[73.910818,35.494086],[73.862315,35.492743],[73.836925,35.49726],[73.756114,35.527452],[73.627208,35.543484],[73.563569,35.542304],[73.502371,35.534369],[73.463145,35.558132],[73.439952,35.562201],[73.395925,35.543524],[73.344005,35.548936],[73.323416,35.548041],[73.312429,35.541571],[73.307709,35.533515],[73.303722,35.513251],[73.304128,35.512071],[73.29835,35.486274],[73.296886,35.482856],[73.294688,35.473944],[73.285411,35.453437],[73.283214,35.44123],[73.280284,35.434841],[73.266694,35.414171],[73.262706,35.403998],[73.262706,35.343126],[73.260183,35.337429],[73.251069,35.324978],[73.249034,35.318386],[73.258556,35.306586],[73.276134,35.298163],[73.285411,35.285224],[73.26946,35.260037],[73.250662,35.248725],[73.201915,35.233262],[73.118663,35.184882],[73.053233,35.126532],[73.038829,35.116523],[73.003998,35.099066],[72.988292,35.08869],[72.950857,35.050727],[72.927989,35.034939],[72.90919,35.037787],[72.899506,35.042507],[72.892019,35.036973],[72.887136,35.026679],[72.885265,35.016669],[72.888113,35.008979],[72.893891,35.00198],[72.898855,34.992784],[72.898936,34.978827],[72.891368,34.961859],[72.869395,34.929023],[72.864838,34.906806],[72.872325,34.892035],[72.890636,34.884711],[72.933604,34.87641],[72.969168,34.856553],[72.986339,34.840115],[72.98463,34.824897],[72.975597,34.821885],[72.962901,34.82038],[72.951671,34.817694],[72.946788,34.81155],[72.943777,34.806586],[72.927175,34.787543],[72.919444,34.780829],[72.888113,34.771511],[72.854747,34.769314],[72.824474,34.76081],[72.802745,34.732449],[72.80071,34.717231],[72.809581,34.674099],[72.804861,34.657172],[72.785411,34.637478],[72.781668,34.622504]]}},{"type":"Feature","properties":{"name":"Indus","scalerank":3},"geometry":{"type":"LineString","coordinates":[[79.73463,32.443915],[79.719656,32.45246],[79.67628,32.511583],[79.461518,32.707384],[79.429779,32.744981]]}},{"type":"Feature","properties":{"name":"Indus","scalerank":3},"geometry":{"type":"LineString","coordinates":[[67.663585,24.106431],[67.661388,24.1081]]}},{"type":"Feature","properties":{"name":"Indus","scalerank":3},"geometry":{"type":"LineString","coordinates":[[67.663585,24.106431],[67.664073,24.104763],[67.658132,24.083808],[67.63974,24.070828],[67.616466,24.065212],[67.573171,24.068549],[67.552338,24.066596],[67.532319,24.060492]]}},{"type":"Feature","properties":{"name":"Indus","scalerank":3},"geometry":{"type":"LineString","coordinates":[[67.71339,24.066433],[67.701915,24.078559],[67.663585,24.106431]]}},{"type":"Feature","properties":{"name":"Indus","scalerank":3},"geometry":{"type":"LineString","coordinates":[[67.71339,24.066433],[67.723725,24.062934],[67.737885,24.056952],[67.753673,24.054145],[67.760183,24.052843]]}},{"type":"Feature","properties":{"name":"Indus","scalerank":3},"geometry":{"type":"LineString","coordinates":[[67.925873,23.982449],[67.9428,23.986518],[67.95574,23.994493],[67.954845,24.004421],[67.945079,24.017361],[67.932628,24.045518],[67.924246,24.055976],[67.911143,24.063096],[67.868907,24.076443],[67.853526,24.075466],[67.828298,24.065294],[67.811127,24.062771],[67.794688,24.06623],[67.777924,24.071641],[67.764903,24.071845],[67.759695,24.059353],[67.7671,24.023017],[67.786713,24.002956],[67.815196,23.994737],[67.883311,23.993964],[67.900645,23.990912],[67.913992,23.983954],[67.925548,23.982367],[67.925873,23.982449]]}},{"type":"Feature","properties":{"name":"Indus","scalerank":3},"geometry":{"type":"LineString","coordinates":[[67.925873,23.982449],[67.926768,23.984931]]}},{"type":"Feature","properties":{"name":"Indus","scalerank":3},"geometry":{"type":"LineString","coordinates":[[68.024506,23.933661],[68.022065,23.949327],[68.016368,23.968085],[68.016612,23.978949],[68.02003,23.994574],[68.018891,24.001492],[68.013927,24.00963],[68.007091,24.015937],[67.999278,24.018744],[67.990733,24.018581],[67.981456,24.015937],[67.973155,24.010932],[67.966726,24.005235],[67.956391,23.999457]]}},{"type":"Feature","properties":{"name":"Indus","scalerank":3},"geometry":{"type":"LineString","coordinates":[[67.65089,23.93122],[67.668712,23.943712],[67.707612,23.947455],[67.725515,23.953559],[67.731375,23.965155],[67.728933,23.980333],[67.722667,23.997382],[67.719249,24.015001],[67.719819,24.049994],[67.71339,24.066433]]}},{"type":"Feature","properties":{"name":"Indus","scalerank":3},"geometry":{"type":"LineString","coordinates":[[67.857514,23.909491],[67.857514,23.915351],[67.86085,23.9324],[67.862722,23.938015],[67.868175,23.944525],[67.875662,23.949083],[67.884044,23.952175],[67.910167,23.957709],[67.915538,23.960883],[67.919526,23.965115],[67.925873,23.982449]]}},{"type":"Feature","properties":{"name":"Shiquan","scalerank":3},"geometry":{"type":"LineString","coordinates":[[81.63974,31.449571],[81.638113,31.445176],[81.619395,31.419135],[81.592459,31.403876],[81.555919,31.393256],[81.518484,31.389431],[81.489187,31.394314],[81.477061,31.401882],[81.446056,31.43183],[81.436127,31.442247],[81.420339,31.465766],[81.409597,31.47545],[81.397472,31.480984],[81.385671,31.482937],[81.360932,31.483913],[81.333751,31.491523],[81.314545,31.505927],[81.280203,31.545762],[81.270274,31.553534],[81.250499,31.563341],[81.241954,31.569688],[81.226736,31.586371],[81.217784,31.600694],[81.195893,31.660509],[81.174571,31.699897],[81.165701,31.741034],[81.166108,31.750556],[81.17335,31.762152],[81.180675,31.77086],[81.1845,31.77794],[81.20517,31.840847],[81.226085,31.871121],[81.251475,31.894843],[81.280203,31.916327],[81.361339,31.955593],[81.394135,31.986274],[81.375662,32.018744],[81.36671,32.020779],[81.343842,32.018419],[81.334076,32.018744],[81.307384,32.036729],[81.296886,32.039862],[81.281342,32.048855],[81.273936,32.069444],[81.271658,32.092353],[81.272716,32.108181],[81.281749,32.150946],[81.283295,32.173448],[81.276378,32.183214],[81.254405,32.188096],[81.244395,32.201361],[81.228933,32.286485],[81.212006,32.321072],[81.187918,32.349962],[81.155935,32.375027],[81.13795,32.384304],[81.117686,32.390692],[81.097097,32.394355],[81.078136,32.395535],[81.053966,32.401801],[81.038015,32.416571],[81.024099,32.433905],[81.006358,32.447862],[80.990815,32.452989],[80.90504,32.464138],[80.865326,32.475409],[80.73585,32.53852],[80.69044,32.550889],[80.647553,32.553412],[80.562104,32.547919],[80.476654,32.555854],[80.255382,32.544704],[80.231944,32.547065],[80.213145,32.550889],[80.19573,32.551703],[80.175873,32.544704],[80.135671,32.523017],[80.094656,32.519232],[80.069835,32.503485],[80.024669,32.486029],[80.005056,32.482001],[79.913097,32.482001],[79.888927,32.479356],[79.804861,32.451117],[79.758881,32.444688],[79.73463,32.443915]]}},{"type":"Feature","properties":{"name":"Huang","scalerank":3},"geometry":{"type":"LineString","coordinates":[[97.762787,35.08808],[97.746104,35.079413],[97.733165,35.055203],[97.720714,34.996853],[97.713634,34.953192],[97.697276,34.919867],[97.617686,34.885077],[97.576264,34.875841],[97.545909,34.876003]]}},{"type":"Feature","properties":{"name":"Huang","scalerank":3},"geometry":{"type":"LineString","coordinates":[[97.288178,34.835476],[97.285248,34.843207],[97.259044,34.878933],[97.234304,34.907294],[97.149913,34.936347],[97.12379,34.943427],[97.108165,34.941718],[97.096283,34.937283],[97.085053,34.935248],[97.072032,34.930609]]}},{"type":"Feature","properties":{"name":"Huang","scalerank":3},"geometry":{"type":"LineString","coordinates":[[96.164154,35.129665],[96.22877,35.111762],[96.249278,35.109198],[96.483165,35.105658],[96.53419,35.096137],[96.654877,35.050116],[96.705496,35.047716],[96.747651,35.053249],[96.81129,35.061347],[96.829275,35.0539],[96.867931,35.0185],[96.889903,35.006781],[96.946707,34.999701],[96.97462,34.991645],[96.986746,34.975694],[96.994884,34.94835],[97.015391,34.937445],[97.042084,34.932807],[97.072032,34.930609]]}},{"type":"Feature","properties":{"name":"Huang","scalerank":3},"geometry":{"type":"LineString","coordinates":[[97.762787,35.08808],[97.795909,35.111111],[97.848888,35.11225],[97.951752,35.096137],[97.991628,35.080593],[98.018484,35.049425],[98.042979,35.012315],[98.075857,34.978827],[98.10849,34.953884],[98.124441,34.937038],[98.131277,34.920762],[98.131114,34.91002],[98.132416,34.900255],[98.137299,34.893378],[98.147553,34.890692],[98.161794,34.889228],[98.192149,34.87641],[98.263682,34.860785],[98.275076,34.852159],[98.284679,34.842108],[98.306651,34.835517],[98.34962,34.827989],[98.37794,34.815294],[98.391775,34.79682],[98.396251,34.773627],[98.395763,34.74669],[98.395112,34.719835],[98.402192,34.666775],[98.401459,34.649278],[98.394786,34.634874],[98.380951,34.619167],[98.361908,34.610419],[98.34075,34.606757],[98.326671,34.598171],[98.329845,34.574774],[98.345144,34.563259],[98.394786,34.547431],[98.405528,34.537218],[98.413503,34.526638],[98.452159,34.503282],[98.466319,34.492214],[98.467296,34.488064],[98.46575,34.476874],[98.466319,34.472357],[98.469249,34.468614],[98.478445,34.459744],[98.479991,34.458686],[98.490164,34.424384],[98.497081,34.414008],[98.51474,34.40119],[98.627371,34.357449],[98.641124,34.355048],[98.709727,34.355048],[98.724294,34.368598],[98.724294,34.399522],[98.720714,34.433214],[98.723643,34.454942],[98.733979,34.457872],[98.78297,34.451239],[98.797862,34.455675],[98.836925,34.479193],[98.867931,34.478705],[98.928233,34.45307],[98.952891,34.458686],[98.970876,34.446845],[98.97934,34.439399],[98.986501,34.430772],[99.002045,34.436876],[99.016205,34.432644],[99.04184,34.410264],[99.044688,34.409695],[99.053233,34.410997],[99.056082,34.410264],[99.057221,34.406358],[99.056895,34.397244],[99.062266,34.387152],[99.069591,34.362494],[99.045909,34.321153],[99.037852,34.300645],[99.034923,34.270046],[99.036713,34.253607],[99.041596,34.243516],[99.056082,34.225898],[99.063569,34.213935],[99.067556,34.205024],[99.069347,34.194403],[99.069591,34.177517],[99.070567,34.171088],[99.074962,34.16002],[99.075776,34.153347],[99.073741,34.146186],[99.064382,34.132595],[99.062266,34.125678],[99.060069,34.112901],[99.050792,34.083441],[99.048595,34.071357],[99.048432,34.046007],[99.050385,34.034776],[99.056082,34.019843],[99.067393,33.998847],[99.068777,33.986884],[99.062266,33.971462],[99.081472,33.966824],[99.096772,33.950141],[99.106944,33.929633],[99.110606,33.913398],[99.119233,33.906684],[99.17213,33.875841],[99.248057,33.784369],[99.281993,33.759141],[99.306163,33.746609],[99.322846,33.743232],[99.361095,33.746161],[99.369233,33.74787],[99.376882,33.752753],[99.382335,33.760199],[99.384288,33.769721],[99.386485,33.775417],[99.390147,33.779608],[99.392019,33.783962],[99.384858,33.794257],[99.381114,33.801459],[99.378429,33.809027],[99.378184,33.814399],[99.395274,33.827216],[99.42213,33.82807],[99.480479,33.818468],[99.501231,33.809109],[99.525483,33.802802],[99.531749,33.793077],[99.535492,33.781928],[99.542003,33.773464],[99.569347,33.765977],[99.586436,33.76793],[99.645763,33.765652],[99.658702,33.769721],[99.692475,33.795478],[99.694347,33.800116],[99.697276,33.804796],[99.703298,33.806952],[99.72755,33.806952],[99.771495,33.799994],[99.792247,33.79267],[99.814952,33.778388],[99.837006,33.775662],[99.847341,33.769721],[99.857839,33.761298],[99.875662,33.752753],[99.885916,33.746161],[99.892345,33.73904],[99.901459,33.723415],[99.905772,33.718207],[99.915538,33.713243],[99.92392,33.712104],[99.933035,33.709744],[99.959239,33.690619],[99.999115,33.675645],[100.015636,33.663601],[100.013764,33.663845],[100.015636,33.657335],[100.019135,33.648953],[100.022472,33.643134],[100.048269,33.618354],[100.053152,33.61518],[100.064138,33.610907],[100.070567,33.601508],[100.074962,33.592108],[100.080089,33.587917],[100.124929,33.581651],[100.148692,33.573594],[100.158946,33.574246],[100.16684,33.578681],[100.171397,33.585557],[100.174083,33.591905],[100.175955,33.594672],[100.187266,33.599473],[100.226166,33.623358],[100.237804,33.632514],[100.280691,33.677314],[100.288666,33.691514],[100.286143,33.706488],[100.27589,33.719835],[100.263438,33.732611],[100.254649,33.746161],[100.240896,33.738715],[100.245616,33.760321],[100.267182,33.761908],[100.316742,33.746161],[100.323334,33.757595],[100.357839,33.756415],[100.375011,33.762559],[100.404796,33.786933],[100.421641,33.796739],[100.436697,33.800727],[100.449148,33.806098],[100.479991,33.829535],[100.498546,33.834906],[100.516775,33.837714],[100.564952,33.854804],[100.58074,33.865302],[100.604503,33.889187],[100.632091,33.910468],[100.663992,33.925564],[100.700206,33.930487],[100.766043,33.928168],[100.782237,33.924262],[100.791026,33.912706],[100.801524,33.893826],[100.814545,33.879828],[100.830577,33.883328],[100.836518,33.861518],[100.850352,33.833564],[100.869884,33.807969],[100.8921,33.79328],[100.896983,33.799831],[100.898204,33.802802],[100.899506,33.806952],[100.903901,33.789618],[100.912039,33.78559],[100.920421,33.787136],[100.926199,33.786444],[100.930186,33.77794],[100.928722,33.770941],[100.922374,33.764919],[100.912527,33.759141],[100.958995,33.738064],[100.97991,33.737494],[100.995697,33.751736],[100.99464,33.742743],[100.996104,33.733466],[101.000662,33.726589],[101.009369,33.725043],[101.016531,33.7296],[101.019542,33.73782],[101.021495,33.74726],[101.034434,33.771755],[101.034434,33.791083],[101.028331,33.809841],[101.019054,33.824327],[101.015636,33.831366],[101.01474,33.84044],[101.015636,33.858507],[101.018321,33.871934],[101.025483,33.876899],[101.034597,33.87698],[101.043468,33.875841],[101.063975,33.863796],[101.074229,33.861599],[101.10255,33.862576],[101.111827,33.861599],[101.139089,33.844428],[101.182872,33.786078],[101.236257,33.75963],[101.260753,33.732123],[101.288178,33.711371],[101.323334,33.718207],[101.335541,33.708197],[101.356619,33.703721],[101.376557,33.69713],[101.385509,33.680691],[101.389659,33.676622],[101.399099,33.677843],[101.408376,33.682196],[101.417735,33.694525],[101.42921,33.692165],[101.442963,33.686632],[101.454275,33.684109],[101.46282,33.687323],[101.483897,33.700385],[101.495372,33.704535],[101.508718,33.704779],[101.54005,33.697781],[101.545502,33.694525],[101.563406,33.680447],[101.574229,33.677273],[101.586029,33.675808],[101.606619,33.670193],[101.618907,33.669786],[101.687022,33.682318],[101.737315,33.683458],[101.753673,33.680243],[101.766775,33.672065],[101.820323,33.625067],[101.837576,33.605984],[101.844737,33.584784],[101.851736,33.572943],[101.8838,33.54621],[101.892589,33.526435],[101.891124,33.517524],[101.887625,33.507514],[101.885753,33.497423],[101.889171,33.488552],[101.974539,33.40351],[102.009288,33.376288],[102.052257,33.354356],[102.09669,33.339911],[102.165538,33.333197],[102.174327,33.334581],[102.183197,33.340522],[102.202078,33.358222],[102.211518,33.361925],[102.221121,33.369737],[102.256358,33.413153],[102.266531,33.419013],[102.288992,33.416083],[102.321381,33.406602],[102.333507,33.41352],[102.343191,33.411648],[102.349294,33.40644],[102.35198,33.40351],[102.361257,33.404324],[102.375499,33.408271],[102.385916,33.409735],[102.439382,33.448513],[102.461843,33.457546],[102.458995,33.461493],[102.454194,33.471788],[102.467296,33.469916],[102.471202,33.468695],[102.476085,33.464952],[102.481619,33.464952],[102.465343,33.486274],[102.458507,33.498725],[102.454194,33.512763],[102.452729,33.523261],[102.453298,33.535509],[102.45989,33.541571],[102.476085,33.533271],[102.481619,33.540066],[102.423432,33.576239],[102.413259,33.577948],[102.402599,33.594021],[102.355724,33.60932],[102.345144,33.625759],[102.341889,33.632025],[102.327729,33.646104],[102.324474,33.653347],[102.326427,33.676134],[102.331391,33.697781],[102.336518,33.709174],[102.341889,33.717312],[102.342865,33.725124],[102.334727,33.735622],[102.327403,33.734483],[102.317393,33.726386],[102.304861,33.720242],[102.290457,33.725043],[102.298106,33.734402],[102.305919,33.739936],[102.314545,33.744656],[102.324474,33.751736],[102.314138,33.767442],[102.299327,33.780707],[102.280772,33.789903],[102.259776,33.79328],[102.247081,33.797553],[102.243744,33.806952],[102.248464,33.816352],[102.259776,33.820624],[102.263927,33.826036],[102.257253,33.837999],[102.194347,33.919257],[102.166515,33.945828],[102.132823,33.965196],[102.109955,33.953721],[102.069591,33.968451],[102.050304,33.957831],[102.027192,33.979071],[101.98642,34.000271],[101.943451,34.010565],[101.913097,33.999376],[101.858409,34.03974],[101.829845,34.052069],[101.816417,34.060167],[101.803233,34.075059],[101.785085,34.066189],[101.759532,34.072699],[101.737315,34.088813],[101.72877,34.108588],[101.718435,34.103298],[101.714773,34.10578],[101.712576,34.111518],[101.707612,34.116034],[101.680919,34.12226],[101.646983,34.135932],[101.635753,34.145209],[101.639252,34.15705],[101.630789,34.166042],[101.621755,34.171454],[101.614757,34.178249],[101.611339,34.191189],[101.569591,34.208075],[101.529389,34.218451],[101.517019,34.219306],[101.496104,34.218044],[101.488455,34.218451],[101.480479,34.221625],[101.472748,34.226264],[101.46339,34.230333],[101.425385,34.234239],[101.365001,34.252631],[101.334239,34.256537],[101.323334,34.259467],[101.314952,34.26496],[101.307872,34.27204],[101.299246,34.27794],[101.286143,34.280544],[101.279714,34.283637],[101.265717,34.297309],[101.255789,34.300401],[101.242686,34.299994],[101.233979,34.300727],[101.22934,34.305609],[101.226573,34.327826],[101.222341,34.335273],[101.215017,34.339789],[101.204194,34.341376],[101.197276,34.34516],[101.195567,34.354438],[101.195811,34.36579],[101.194265,34.376166],[101.196056,34.383816],[101.196381,34.38996],[101.194265,34.396023],[101.19044,34.396918],[101.177745,34.395087],[101.173839,34.396023],[101.165701,34.406358],[101.164073,34.410956],[101.165294,34.415839],[101.166433,34.427354],[101.163992,34.443223],[101.149018,34.481635],[101.139659,34.49962],[101.060557,34.505886],[101.052175,34.509304],[101.042491,34.524197],[101.03297,34.527615],[101.020518,34.530097],[101.014089,34.535915],[101.009044,34.542304],[101.001964,34.54682],[100.950694,34.546942],[100.928966,34.551825],[100.919932,34.571641],[100.91684,34.595771],[100.908702,34.613878],[100.885834,34.649848],[100.870616,34.708808],[100.861339,34.718126],[100.835867,34.714911],[100.817556,34.706651],[100.782237,34.684597],[100.763438,34.677843],[100.742931,34.673692],[100.696788,34.670966],[100.674815,34.675727],[100.635671,34.692898],[100.618256,34.691474],[100.573985,34.739814],[100.559093,34.745307],[100.539561,34.758083],[100.522553,34.772773],[100.515229,34.783962],[100.49464,34.805487],[100.447195,34.818956],[100.354503,34.827989],[100.336355,34.833848],[100.327729,34.848253],[100.316742,34.883246],[100.309255,34.892157],[100.2942,34.906928],[100.288666,34.917344],[100.285818,34.929389],[100.288666,34.958319],[100.285818,34.984565],[100.278331,34.999376],[100.254649,35.027208],[100.249034,35.04621],[100.249034,35.089219],[100.240896,35.109198],[100.247651,35.13288],[100.247162,35.173611],[100.238455,35.214911],[100.22047,35.240668],[100.230235,35.253852],[100.241954,35.26203],[100.253347,35.26793],[100.261974,35.274766],[100.272227,35.289496],[100.271251,35.295437],[100.248464,35.302069],[100.2199,35.316433],[100.205333,35.330634],[100.203705,35.349799],[100.214285,35.378445],[100.193126,35.370958],[100.191173,35.402289],[100.168386,35.428656],[100.142345,35.450222],[100.131114,35.466579],[100.135916,35.472113],[100.154796,35.479438],[100.158946,35.483954],[100.15797,35.507839],[100.158946,35.51496],[100.166433,35.532782],[100.174815,35.542344],[100.199962,35.562812],[100.207612,35.574042],[100.240652,35.661689],[100.282481,35.723944],[100.295828,35.751288],[100.296153,35.771674],[100.337169,35.771674],[100.348399,35.774766],[100.360444,35.790961],[100.371186,35.798407],[100.390554,35.800564],[100.411225,35.795722],[100.447032,35.77912],[100.442556,35.800849],[100.444347,35.818183],[100.455089,35.829657],[100.477794,35.833767],[100.497081,35.841579],[100.529226,35.877875],[100.543061,35.888983],[100.554698,35.890448],[100.579275,35.888007],[100.590912,35.888983],[100.601085,35.893866],[100.617931,35.906358],[100.628835,35.908881],[100.637787,35.913113],[100.638927,35.922471],[100.638276,35.931912],[100.6421,35.936143],[100.704112,35.975898],[100.72047,35.989081],[100.72755,36.001288],[100.727631,36.03144],[100.730886,36.052802],[100.74171,36.070868],[100.815929,36.13227],[100.842377,36.140082],[100.900971,36.132758],[100.938406,36.139757],[100.9581,36.140245],[100.992686,36.132636],[101.004893,36.132432],[101.012706,36.134589],[101.029796,36.142279],[101.038015,36.144843],[101.064138,36.14643],[101.0796,36.139675],[101.087576,36.124538],[101.091807,36.100898],[101.105479,36.100938],[101.135183,36.115587],[101.150645,36.119574],[101.16627,36.118476],[101.179861,36.113593],[101.189057,36.103787],[101.191173,36.087592],[101.205496,36.086127],[101.234386,36.092475],[101.249604,36.093207],[101.262136,36.091173],[101.273692,36.087958],[101.327078,36.061591],[101.358816,36.053494],[101.392019,36.051093],[101.427257,36.052924],[101.456472,36.057725],[101.478526,36.065945],[101.631277,36.153998],[101.653819,36.173774],[101.666433,36.181586],[101.681082,36.185655],[101.697195,36.184353],[101.782725,36.146064],[101.789236,36.144965],[101.811941,36.146348],[101.826589,36.144395],[101.839936,36.140652],[101.852306,36.134345],[101.905772,36.088406],[101.913097,36.086982],[101.912852,36.068427],[101.958425,36.053249],[101.947765,36.038601],[101.985606,36.020819],[102.016124,35.991563],[102.036632,35.956122],[102.044037,35.919379],[102.048106,35.912299],[102.066498,35.894721],[102.07073,35.885281],[102.071788,35.864122],[102.073985,35.855251],[102.078136,35.847439],[102.098888,35.830146],[102.121511,35.827094],[102.163585,35.833767],[102.182384,35.840155],[102.225597,35.868272],[102.246104,35.874701],[102.345144,35.874701],[102.41741,35.887722],[102.441498,35.887763],[102.458425,35.882921],[102.489187,35.866889],[102.506277,35.86168],[102.554861,35.857042],[102.604584,35.842108],[102.636485,35.83865],[102.704845,35.839464],[102.716807,35.837348],[102.725597,35.833197],[102.735037,35.830349],[102.749766,35.831977],[102.759532,35.83751],[102.787201,35.859931],[102.837332,35.860663],[102.858897,35.85696],[102.872569,35.846259],[102.899506,35.84988],[103.009207,35.825792],[103.116466,35.778184],[103.133311,35.781114],[103.138194,35.791612],[103.149832,35.798041],[103.164236,35.803656],[103.18629,35.817084],[103.196788,35.820339],[103.219005,35.822333],[103.22934,35.825507],[103.244558,35.839667],[103.253184,35.842841],[103.26767,35.845974],[103.28712,35.853827],[103.30421,35.863878],[103.311453,35.873847],[103.317312,35.885199],[103.359304,35.911689],[103.270518,35.938422],[103.263682,35.941718],[103.250255,35.952012],[103.242931,35.955675],[103.235932,35.956855],[103.221934,35.95661],[103.215261,35.957465],[103.203624,35.961453],[103.194021,35.967393],[103.188731,35.976508],[103.189138,35.989773],[103.194021,35.999335],[103.202403,36.007107],[103.220714,36.020575],[103.250418,36.055487],[103.261322,36.065619],[103.392345,36.131049],[103.422944,36.156073],[103.424734,36.161566],[103.430675,36.165839],[103.446788,36.184638],[103.454845,36.18891],[103.492768,36.184923],[103.502615,36.182074],[103.515147,36.169786],[103.541026,36.134223],[103.554454,36.126817],[103.574636,36.130316],[103.610444,36.145209],[103.634288,36.147895],[103.646251,36.146511],[103.654552,36.143337],[103.667735,36.133653],[103.695567,36.103868],[103.698416,36.098904],[103.748953,36.094672],[103.876475,36.064643],[103.921804,36.060981],[104.012787,36.071967],[104.034679,36.078477],[104.043956,36.088935],[104.045421,36.110053],[104.044688,36.121934],[104.040701,36.123725],[104.047944,36.136501],[104.041433,36.14289],[104.023367,36.147895],[104.018647,36.182237],[104.047944,36.205024],[104.090912,36.22309],[104.126964,36.243516],[104.132335,36.251044],[104.140147,36.277045],[104.157237,36.299994],[104.191498,36.335273],[104.232595,36.368354],[104.259532,36.378689],[104.317312,36.382595],[104.345144,36.390326],[104.364268,36.404364],[104.399018,36.439399],[104.420014,36.450507],[104.445323,36.454128],[104.469819,36.455024],[104.493907,36.459662],[104.517589,36.474677],[104.546153,36.503445],[104.559093,36.51081],[104.592784,36.52143],[104.607921,36.528998],[104.620046,36.542548],[104.631358,36.564154],[104.638927,36.571641],[104.652761,36.579169],[104.684825,36.58865],[104.694916,36.592963],[104.710378,36.606024],[104.713796,36.620795],[104.709239,36.664618],[104.711436,36.669745],[104.716075,36.674831],[104.720714,36.681708],[104.722992,36.692247],[104.719168,36.697333],[104.691905,36.718451],[104.684093,36.721625],[104.681244,36.723334],[104.677175,36.728461],[104.672537,36.73904],[104.668224,36.74376],[104.612804,36.772569],[104.604747,36.792182],[104.600027,36.81505],[104.592459,36.833116],[104.579112,36.839179],[104.560802,36.841579],[104.544363,36.847235],[104.537364,36.863308],[104.527843,36.871934],[104.482026,36.884304],[104.466238,36.890896],[104.44752,36.894884],[104.408702,36.882025],[104.401378,36.890896],[104.393077,36.905829],[104.373953,36.907742],[104.335948,36.900824],[104.330007,36.909857],[104.328705,36.930528],[104.337494,37.006781],[104.332123,37.019843],[104.305186,37.055935],[104.298432,37.067247],[104.298595,37.079657],[104.305186,37.100043],[104.317149,37.122626],[104.328298,37.127794],[104.341726,37.127794],[104.359793,37.134833],[104.351329,37.141425],[104.338796,37.147895],[104.325613,37.152696],[104.305919,37.157009],[104.306163,37.162299],[104.311046,37.16824],[104.31544,37.17239],[104.323985,37.17654],[104.332286,37.174425],[104.339773,37.170478],[104.346121,37.168972],[104.406749,37.194688],[104.438975,37.203437],[104.469656,37.195665],[104.492686,37.208564],[104.578217,37.324083],[104.603119,37.339667],[104.627208,37.343695],[104.678966,37.344102],[104.696218,37.349433],[104.728282,37.366034],[104.745616,37.371121],[104.800955,37.37169],[104.819021,37.377875],[104.83253,37.38821],[104.843435,37.399115],[104.856944,37.407823],[104.877452,37.411404],[104.919363,37.407823],[104.938731,37.408515],[104.95696,37.415391],[104.992605,37.44245],[104.997162,37.452663],[104.995535,37.463324],[104.993663,37.469509],[104.997325,37.473253],[105.011485,37.476833],[105.020112,37.473741],[105.041515,37.456855],[105.052419,37.453559],[105.063243,37.457099],[105.08546,37.469997],[105.096202,37.472724],[105.102061,37.474962],[105.111095,37.484809],[105.11671,37.487006],[105.122976,37.485907],[105.132253,37.481269],[105.137218,37.48017],[105.150971,37.481269],[105.174897,37.485907],[105.188487,37.487006],[105.198171,37.485867],[105.218354,37.48078],[105.229991,37.48017],[105.243256,37.4831],[105.261811,37.492458],[105.274669,37.494452],[105.547862,37.497626],[105.573253,37.500678],[105.62794,37.524522],[105.69394,37.53559],[105.78419,37.568874],[105.857921,37.578721],[105.876069,37.586046],[105.889089,37.598822],[105.917979,37.642279],[105.94044,37.688015],[105.943289,37.695868],[105.946056,37.712429],[105.958995,37.753038],[105.963145,37.774441],[105.961843,37.805976],[105.963145,37.815985],[105.975597,37.842475],[105.977306,37.854193],[105.992686,37.885037],[106.029063,37.922227],[106.071056,37.95364],[106.104015,37.966864],[106.121511,37.971462],[106.139578,37.98253],[106.1692,38.007758],[106.18214,38.022773],[106.202729,38.058295],[106.220632,38.082302],[106.223562,38.091824],[106.223725,38.113959],[106.226329,38.127468],[106.232351,38.136908],[106.239187,38.144395],[106.244151,38.151801],[106.247,38.16059],[106.248464,38.175971],[106.250418,38.185899],[106.270925,38.223822],[106.278087,38.233262],[106.40797,38.36225],[106.49879,38.411729],[106.517019,38.426866],[106.539236,38.474636],[106.564708,38.50434],[106.572765,38.526557],[106.535655,38.535346],[106.521007,38.564399],[106.518565,38.573269],[106.520763,38.584418],[106.540457,38.621446],[106.594249,38.666327],[106.582042,38.680935],[106.575694,38.690253],[106.573416,38.698676],[106.573171,38.710395],[106.577159,38.712958],[106.596934,38.719591],[106.604096,38.720974],[106.607514,38.724799],[106.60849,38.733751],[106.607921,38.751654],[106.648936,38.803534],[106.665538,38.820258],[106.717784,38.858181],[106.840343,38.987616],[106.859386,39.013617],[106.866222,39.043158],[106.85377,39.077216],[106.881602,39.10456],[106.848155,39.163886],[106.836681,39.172797],[106.819591,39.180487],[106.808035,39.19892],[106.80128,39.221625],[106.799083,39.241726],[106.809093,39.309272],[106.802419,39.327094],[106.797781,39.334906],[106.793468,39.352891],[106.788829,39.360907],[106.780365,39.368354],[106.765147,39.378363],[106.7588,39.385077],[106.749929,39.418809],[106.752452,39.465522],[106.77532,39.559272],[106.778575,39.584337],[106.778331,39.595486],[106.773529,39.616563],[106.772472,39.62873],[106.776541,39.652452],[106.783621,39.664333],[106.785085,39.674628],[106.772472,39.693549],[106.767345,39.69599],[106.760509,39.696885],[106.754487,39.698798],[106.751964,39.704169],[106.75294,39.713731],[106.757498,39.729682],[106.7588,39.738593],[106.759939,39.742133],[106.762706,39.747178],[106.765147,39.753933],[106.765636,39.762519],[106.763194,39.772325],[106.754893,39.788357],[106.751964,39.796658],[106.744558,39.854926],[106.739757,39.862738],[106.717377,39.886176],[106.710378,39.898993],[106.738292,39.919501],[106.738455,39.929755],[106.733653,39.93891],[106.730235,39.947781],[106.73463,39.957343],[106.738048,39.971503],[106.733002,39.990302],[106.724539,40.007392],[106.717784,40.016303],[106.709076,40.038113],[106.727143,40.062608],[106.858653,40.179755],[106.870128,40.183621],[106.874278,40.166571],[106.977306,40.241645],[106.999034,40.251085],[107.007091,40.257148],[107.01474,40.269314],[107.02589,40.30268],[107.03183,40.310492],[107.057872,40.33279],[107.06601,40.337836],[107.080984,40.341742],[107.113862,40.345567],[107.128022,40.351508],[107.151541,40.376044],[107.158702,40.402045],[107.154063,40.428331],[107.141694,40.453925],[107.147227,40.462226],[107.163259,40.47724],[107.169688,40.481879],[107.179861,40.486396],[107.20574,40.494412],[107.214366,40.499213],[107.220225,40.512397],[107.20517,40.540229],[107.203868,40.563788],[107.211843,40.582709],[107.224864,40.59516],[107.2553,40.615587],[107.26295,40.625434],[107.266124,40.632921],[107.270763,40.637803],[107.282644,40.639472],[107.309825,40.640082],[107.322195,40.642279],[107.348562,40.652452],[107.380056,40.656684],[107.39503,40.66059],[107.440359,40.701606],[107.466563,40.709906],[107.490245,40.72663],[107.513927,40.739203],[107.539073,40.735053],[107.561453,40.73725],[107.573985,40.746853],[107.583507,40.757432],[107.643972,40.774766],[107.663097,40.776068],[107.694591,40.768866],[107.706635,40.77143],[107.711436,40.786933],[107.706716,40.801581],[107.699636,40.816596],[107.699799,40.829779],[107.717703,40.838731],[107.732432,40.851264],[107.758393,40.859483],[107.862071,40.8699],[107.885183,40.867499],[107.905528,40.85517],[107.91627,40.850165],[107.928315,40.851752],[107.95045,40.858588],[108.011974,40.858588],[108.086681,40.847724],[108.115001,40.851752],[108.1421,40.870551],[108.156749,40.877143],[108.173269,40.879706],[108.178803,40.874579],[108.19752,40.838731],[108.208751,40.827908],[108.224213,40.817939],[108.240815,40.81391],[108.268891,40.826687],[108.283702,40.822943],[108.306733,40.810818],[108.33782,40.810167],[108.404796,40.820583],[108.437755,40.817003],[108.451752,40.808539],[108.467296,40.793321],[108.479747,40.775458],[108.484874,40.758979],[108.492605,40.752509],[108.52825,40.739773],[108.550873,40.717963],[108.576264,40.682725],[108.581065,40.670233],[108.590831,40.661566],[108.612885,40.65412],[108.670421,40.642646],[108.680268,40.632636],[108.687592,40.621039],[108.697195,40.612169],[108.713959,40.609931],[108.748057,40.617987],[108.766124,40.612169],[108.757091,40.58808],[108.763601,40.573188],[108.779796,40.564032],[108.81129,40.551866],[108.820323,40.546739],[108.830007,40.54328],[108.842377,40.54328],[108.848399,40.546942],[108.856456,40.5539],[108.86671,40.560736],[108.879405,40.563788],[108.88323,40.558417],[108.886648,40.546698],[108.891612,40.53498],[108.900401,40.529608],[108.913097,40.531684],[108.921397,40.534695],[108.929454,40.534369],[108.94101,40.526231],[108.950694,40.522162],[108.963796,40.521348],[108.989268,40.522773],[109.000255,40.526313],[109.004405,40.53498],[109.005626,40.556952],[109.015391,40.547431],[109.02589,40.545193],[109.03655,40.548855],[109.046641,40.556952],[109.046397,40.540635],[109.049897,40.528673],[109.057872,40.52501],[109.087332,40.546658],[109.098155,40.547227],[109.122325,40.529608],[109.150076,40.523708],[109.185069,40.520697],[109.207286,40.511908],[109.19752,40.488715],[109.222341,40.492051],[109.286713,40.522773],[109.279552,40.490424],[109.28712,40.488227],[109.335134,40.487331],[109.355479,40.483425],[109.396576,40.468207],[109.413097,40.477362],[109.459483,40.489814],[109.472341,40.502305],[109.460704,40.502305],[109.450043,40.504503],[109.439952,40.508857],[109.430919,40.515326],[109.447032,40.520819],[109.482514,40.524604],[109.499034,40.529608],[109.50587,40.51671],[109.519216,40.52265],[109.53655,40.535509],[109.554454,40.54328],[109.572846,40.542263],[109.582042,40.53913],[109.590831,40.539984],[109.608328,40.550727],[109.665131,40.496772],[109.69044,40.484687],[109.700857,40.477607],[109.71339,40.475287],[109.737641,40.492458],[109.749034,40.497829],[109.762299,40.501166],[109.789561,40.504014],[109.828054,40.515326],[109.883311,40.515326],[109.892507,40.519965],[109.901378,40.52265],[109.910655,40.522773],[109.916026,40.52029],[109.924246,40.512397],[109.931163,40.509141],[109.941498,40.505886],[109.952891,40.503974],[109.963634,40.508124],[109.972097,40.522773],[109.988292,40.511583],[109.999604,40.512803],[110.010183,40.51907],[110.023936,40.522773],[110.039643,40.520575],[110.054779,40.51671],[110.069021,40.515977],[110.08253,40.522773],[110.095225,40.510688],[110.102306,40.505398],[110.109874,40.502305],[110.122813,40.502875],[110.142589,40.512885],[110.153331,40.515326],[110.154307,40.518907],[110.167572,40.540229],[110.175141,40.541571],[110.202566,40.539618],[110.211681,40.537055],[110.223155,40.522773],[110.237804,40.482733],[110.246104,40.474433],[110.286388,40.483913],[110.30364,40.481391],[110.293549,40.461371],[110.306651,40.453192],[110.347097,40.453152],[110.355724,40.450792],[110.362071,40.4442],[110.403412,40.420437],[110.4192,40.398383],[110.430268,40.388495],[110.441417,40.38935],[110.456391,40.397081],[110.467377,40.394599],[110.475027,40.385077],[110.479096,40.372016],[110.486501,40.372016],[110.506847,40.381374],[110.542979,40.360541],[110.58074,40.331855],[110.606049,40.31741],[110.638194,40.32213],[110.658132,40.321804],[110.688487,40.305732],[110.727306,40.296739],[110.746104,40.290066],[110.76588,40.280341],[110.779796,40.276068],[110.814952,40.276435],[110.834402,40.273708],[110.864838,40.258816],[110.879893,40.255316],[110.941335,40.253282],[110.964854,40.262641],[110.987397,40.261664],[110.996593,40.265896],[111.014903,40.283393],[111.034679,40.296902],[111.061046,40.267198],[111.184825,40.208116],[111.209565,40.180447],[111.219737,40.172716],[111.231293,40.168972],[111.254975,40.166775],[111.277192,40.160753],[111.290701,40.159044],[111.302745,40.156073],[111.328298,40.11872],[111.33839,40.110663],[111.361339,40.097968],[111.369884,40.090847],[111.379893,40.062445],[111.380789,40.057318],[111.39739,40.047919],[111.405365,40.025824],[111.411388,39.981553],[111.436534,39.917304],[111.435313,39.90644],[111.423432,39.895941],[111.397227,39.830756],[111.365245,39.777533],[111.359467,39.750434],[111.369884,39.721503],[111.417572,39.683661],[111.420095,39.672431],[111.426768,39.658881],[111.435639,39.646593],[111.445567,39.638983],[111.463145,39.620185],[111.453624,39.617255],[111.425141,39.625312],[111.424246,39.617214],[111.425141,39.535956],[111.420909,39.52204],[111.372488,39.489081],[111.342377,39.444363],[111.316987,39.429389],[111.284109,39.424872],[111.199148,39.427069],[111.163992,39.423163],[111.134288,39.410509],[111.109874,39.385077],[111.118175,39.376044],[111.141205,39.367255],[111.150808,39.357123],[111.16684,39.364691],[111.174571,39.356757],[111.17921,39.342353],[111.184825,39.33043],[111.200206,39.320909],[111.214773,39.316352],[111.22462,39.310492],[111.226573,39.296942],[111.221609,39.283393],[111.158214,39.172797],[111.134207,39.099433],[111.117686,39.067328],[111.088634,39.042507],[111.021902,39.018581],[110.99464,39.00377],[110.972585,38.974189],[110.994151,38.937201],[111.00351,38.916083],[111.003429,38.902533],[110.994151,38.885281],[110.979991,38.816514],[110.969005,38.798855],[110.95753,38.785264],[110.948334,38.771104],[110.9428,38.739366],[110.937511,38.731553],[110.921397,38.717231],[110.91505,38.708441],[110.904307,38.679389],[110.871511,38.621283],[110.87322,38.61168],[110.875255,38.607489],[110.900645,38.58039],[110.901296,38.573676],[110.899018,38.545356],[110.896983,38.535346],[110.890717,38.525092],[110.876475,38.509955],[110.870128,38.501817],[110.865326,38.490302],[110.859467,38.467963],[110.85255,38.457099],[110.833751,38.445828],[110.792084,38.439561],[110.774018,38.426093],[110.755626,38.390408],[110.746104,38.377712],[110.711192,38.356798],[110.705089,38.354438],[110.700694,38.346747],[110.67099,38.316921],[110.659679,38.310004],[110.647472,38.305609],[110.634288,38.30329],[110.60434,38.301378],[110.589854,38.296698],[110.579275,38.287218],[110.568614,38.232204],[110.568614,38.226874],[110.559255,38.216905],[110.54713,38.210883],[110.532807,38.207872],[110.517019,38.207058],[110.510916,38.202094],[110.499604,38.166042],[110.509288,38.144965],[110.509044,38.128038],[110.499604,38.090359],[110.507091,38.011542],[110.507823,38.008653],[110.511648,38.005072],[110.513276,38.001003],[110.513601,37.98253],[110.513276,37.980496],[110.514171,37.97016],[110.51295,37.961249],[110.514903,37.954901],[110.524099,37.952501],[110.545095,37.949652],[110.562511,37.942003],[110.576915,37.93126],[110.588959,37.919013],[110.653087,37.813096],[110.674408,37.796169],[110.728933,37.773546],[110.742686,37.764757],[110.752859,37.745673],[110.743744,37.732449],[110.705089,37.713568],[110.727061,37.700263],[110.778901,37.67829],[110.794444,37.658311],[110.78769,37.652411],[110.770437,37.641181],[110.766612,37.637885],[110.766043,37.623969],[110.771007,37.613349],[110.777192,37.603868],[110.786713,37.573513],[110.788585,37.561347],[110.783702,37.555935],[110.775808,37.551866],[110.76946,37.542344],[110.746104,37.48017],[110.738455,37.469428],[110.715343,37.449774],[110.696218,37.439399],[110.653331,37.433905],[110.636729,37.418158],[110.630056,37.396552],[110.633311,37.379218],[110.646251,37.367703],[110.667898,37.363552],[110.687104,37.357123],[110.687511,37.342108],[110.67099,37.309516],[110.669363,37.301093],[110.670014,37.295722],[110.669688,37.290391],[110.664806,37.282172],[110.660818,37.2803],[110.647634,37.276638],[110.643565,37.274726],[110.64088,37.269639],[110.636729,37.256374],[110.633718,37.250841],[110.568614,37.178534],[110.536794,37.155382],[110.527599,37.144395],[110.516368,37.115017],[110.508718,37.101589],[110.496186,37.095974],[110.489268,37.091824],[110.478933,37.081651],[110.469493,37.069403],[110.465587,37.058783],[110.45989,37.051134],[110.446381,37.044257],[110.417735,37.035183],[110.417735,37.027696],[110.425385,37.027045],[110.445079,37.021511],[110.427257,37.010199],[110.40797,37.014757],[110.389171,37.021837],[110.373057,37.017768],[110.372813,37.00727],[110.3838,36.994981],[110.397878,36.984809],[110.407156,36.980536],[110.417979,36.967231],[110.412527,36.937527],[110.394786,36.906928],[110.369233,36.891181],[110.37672,36.878485],[110.400808,36.861111],[110.410818,36.849555],[110.403819,36.837266],[110.407237,36.829942],[110.414236,36.824001],[110.417735,36.816026],[110.414968,36.805121],[110.409109,36.795762],[110.397227,36.781317],[110.393077,36.780707],[110.385753,36.781033],[110.378998,36.779893],[110.37672,36.775092],[110.379893,36.769965],[110.3921,36.765001],[110.397227,36.76081],[110.399913,36.760525],[110.417735,36.753974],[110.412201,36.753689],[110.413097,36.745307],[110.416108,36.736151],[110.417735,36.733507],[110.439057,36.742255],[110.44101,36.726426],[110.432058,36.703966],[110.421153,36.692572],[110.410574,36.695014],[110.400483,36.698839],[110.392833,36.698554],[110.38974,36.688788],[110.393565,36.682318],[110.482921,36.592882],[110.489757,36.577338],[110.498546,36.524482],[110.499604,36.507595],[110.495942,36.483995],[110.482188,36.448554],[110.476329,36.404853],[110.458751,36.349311],[110.459076,36.327094],[110.470144,36.28616],[110.472992,36.263699],[110.469005,36.243232],[110.450613,36.206855],[110.445079,36.185411],[110.446869,36.141791],[110.497488,35.9796],[110.500662,35.933132],[110.505951,35.911973],[110.507091,35.900824],[110.510753,35.886786],[110.519542,35.885077],[110.530691,35.88703],[110.54127,35.883816],[110.560151,35.849148],[110.57545,35.71247],[110.611339,35.637722],[110.61964,35.597195],[110.602631,35.554226],[110.572765,35.52794],[110.555919,35.50849],[110.558442,35.499579],[110.562755,35.490749],[110.559255,35.470811],[110.552745,35.449897],[110.547455,35.438178],[110.537527,35.427761],[110.523448,35.416571],[110.5088,35.40766],[110.496186,35.403998],[110.468272,35.356024],[110.458751,35.343126],[110.444835,35.335028],[110.437104,35.322333],[110.431651,35.307807],[110.424571,35.294135],[110.417247,35.286404],[110.372569,35.255316],[110.357595,35.238227],[110.335134,35.197943],[110.326182,35.149197],[110.316905,35.125678],[110.310476,35.090888],[110.29184,35.05036],[110.284597,35.00963],[110.268647,34.959418],[110.259369,34.944688],[110.271007,34.913438],[110.272227,34.881456],[110.262706,34.851182],[110.242442,34.824897],[110.237234,34.801337],[110.241628,34.71894],[110.251964,34.663153],[110.269949,34.637274]]}},{"type":"Feature","properties":{"name":"Huang","scalerank":3},"geometry":{"type":"LineString","coordinates":[[97.288178,34.835476],[97.301199,34.817979],[97.315929,34.81684],[97.352794,34.821804],[97.406342,34.817939],[97.424815,34.821804],[97.437266,34.828437],[97.484955,34.871283],[97.50172,34.876247],[97.546967,34.876003]]}},{"type":"Feature","properties":{"name":"Kama","scalerank":6},"geometry":{"type":"LineString","coordinates":[[56.432546,59.905097],[56.433849,59.882676]]}},{"type":"Feature","properties":{"name":"Kama","scalerank":6},"geometry":{"type":"LineString","coordinates":[[56.433849,59.882676],[56.425792,59.892157],[56.413992,59.902533],[56.384695,59.916571],[56.36378,59.923041]]}},{"type":"Feature","properties":{"name":"Kama","scalerank":6},"geometry":{"type":"LineString","coordinates":[[56.308523,58.058539],[56.322032,58.077745],[56.328217,58.096381],[56.331391,58.109727],[56.333263,58.136054],[56.334483,58.146023],[56.332774,58.161566],[56.339447,58.188259],[56.351329,58.199815],[56.361827,58.217963],[56.358328,58.243964],[56.34075,58.26142],[56.314952,58.27558],[56.276134,58.288764],[56.248057,58.303534],[56.237722,58.321072],[56.246593,58.336615],[56.291026,58.348415],[56.335704,58.348415],[56.365489,58.340928],[56.38795,58.347602],[56.413992,58.364529],[56.429698,58.385321],[56.425141,58.404242],[56.413585,58.42296],[56.392833,58.442694],[56.358897,58.465399],[56.284923,58.503241],[56.251231,58.522162],[56.22462,58.541083],[56.17685,58.55447],[56.139578,58.56037],[56.094819,58.571845],[56.071056,58.592719],[56.0713,58.627712],[56.088796,58.654853],[56.144542,58.69599],[56.236339,58.755561],[56.267833,58.809516],[56.267507,58.844916],[56.251882,58.884833],[56.232677,58.925605],[56.240489,58.953884],[56.253835,58.987657],[56.23406,59.021796],[56.189138,59.044745],[56.171316,59.070095],[56.179291,59.098171],[56.191905,59.122667],[56.205333,59.145331],[56.210541,59.169542],[56.209076,59.197455],[56.2199,59.22956],[56.240164,59.249579],[56.271251,59.261746],[56.302257,59.271918],[56.341563,59.279364],[56.389171,59.290595],[56.427013,59.304267],[56.461029,59.314154],[56.575287,59.33279],[56.612315,59.349066],[56.678315,59.38878],[56.694428,59.408515],[56.693858,59.429755],[56.685802,59.451931],[56.672537,59.474921],[56.665945,59.501654],[56.682058,59.53266],[56.683523,59.562079],[56.689464,59.593451],[56.683197,59.612738],[56.660818,59.624538],[56.648692,59.641425],[56.62322,59.69123],[56.610037,59.728787],[56.590912,59.76557],[56.572765,59.79206],[56.549571,59.811469],[56.470876,59.85045],[56.450613,59.86518],[56.433849,59.882676]]}},{"type":"Feature","properties":{"name":"Kama","scalerank":6},"geometry":{"type":"LineString","coordinates":[[55.979421,60.458686],[56.10963,60.423855],[56.129324,60.411892],[56.137218,60.392279],[56.135265,60.384711],[56.131114,60.378607],[56.128429,60.371649],[56.129893,60.361274],[56.13616,60.353298],[56.164561,60.33393],[56.149669,60.311632],[56.143972,60.298774],[56.147472,60.292996],[56.156179,60.287299],[56.161632,60.274359],[56.164236,60.260321],[56.164561,60.25141],[56.15919,60.243109],[56.150076,60.23371],[56.144054,60.223741],[56.147472,60.214179],[56.152273,60.204657],[56.151866,60.192939],[56.148448,60.18244],[56.144054,60.176337],[56.168224,60.154853],[56.200694,60.154608],[56.235769,60.158515],[56.267589,60.149604],[56.276866,60.140489],[56.279877,60.132148],[56.281261,60.107367],[56.288097,60.10163],[56.292735,60.096462],[56.294932,60.090928],[56.292572,60.087266],[56.288585,60.083197],[56.286713,60.077826],[56.291108,60.070136],[56.298757,60.052436],[56.299571,60.026801],[56.294363,60.000515],[56.284272,59.981065],[56.287201,59.964382],[56.311046,59.945258],[56.341401,59.929511],[56.36378,59.923041]]}},{"type":"Feature","properties":{"name":"Kama","scalerank":6},"geometry":{"type":"LineString","coordinates":[[56.308523,58.058539],[56.25587,58.037665],[56.200776,58.027899],[56.014415,58.02497],[56.000499,58.022081],[55.974213,58.013251]]}},{"type":"Feature","properties":{"name":"Amur","scalerank":3},"geometry":{"type":"LineString","coordinates":[[140.114024,51.763617],[140.089773,51.748847],[140.05421,51.721951],[139.972179,51.645372],[139.9192,51.60224],[139.897878,51.589057],[139.872162,51.58161],[139.857595,51.578803]]}},{"type":"Feature","properties":{"name":"Amur","scalerank":3},"geometry":{"type":"LineString","coordinates":[[137.069835,50.454047],[137.074799,50.435858],[137.085378,50.360785],[137.087901,50.324408],[137.092703,50.294257],[137.101085,50.265408],[137.111827,50.246161],[137.094493,50.21955],[137.058604,50.195828],[137.033783,50.176947],[137.004242,50.159491],[136.96339,50.145779],[136.923106,50.138861],[136.891368,50.124457],[136.870372,50.102118],[136.856944,50.07864],[136.836843,50.051337],[136.814382,50.018012],[136.797862,49.959052],[136.785818,49.929755],[136.774994,49.906562],[136.756847,49.880194],[136.756928,49.852484],[136.763601,49.820136],[136.765147,49.800076],[136.776866,49.786322],[136.788097,49.772895],[136.810557,49.759304]]}},{"type":"Feature","properties":{"name":"Amur","scalerank":3},"geometry":{"type":"LineString","coordinates":[[140.706635,53.111029],[140.660248,53.096055],[140.594249,53.084052],[140.583751,53.084906],[140.577159,53.086737],[140.558442,53.094672],[140.501557,53.110622],[140.48406,53.119696],[140.45574,53.138943],[140.441173,53.146674],[140.40919,53.157172],[140.338145,53.20071],[140.30421,53.213568],[140.263194,53.221747],[139.990326,53.214911],[139.966238,53.217719],[139.915701,53.212999],[139.890391,53.203966],[139.869884,53.188422],[139.85906,53.165798],[139.858002,53.142524],[139.855886,53.135443],[139.854503,53.133409],[139.850515,53.129584],[139.848725,53.127387],[139.847341,53.123887],[139.8449,53.112738],[139.831716,53.084093],[139.819835,53.065741],[139.805105,53.049628],[139.798595,53.045356],[139.792247,53.043036],[139.777924,53.040229],[139.771088,53.036689],[139.752859,53.017605],[139.72519,52.997341],[139.712332,52.985419],[139.703543,52.971625],[139.70224,52.961493],[139.706391,52.953192],[139.713634,52.946601],[139.75294,52.925116],[139.871674,52.881619],[139.935313,52.865912],[140.000418,52.837022],[140.031261,52.812079],[140.052745,52.799506],[140.058197,52.794786],[140.067475,52.784247],[140.073416,52.780056],[140.093761,52.772569],[140.099701,52.76789],[140.106537,52.758246],[140.109386,52.752712],[140.11085,52.747382],[140.106619,52.732123],[140.087332,52.707709],[140.087983,52.692654],[140.127859,52.62698],[140.135265,52.618923],[140.149832,52.608588],[140.166515,52.601589],[140.201752,52.594184],[140.221202,52.593329],[140.259939,52.595811],[140.279063,52.594794],[140.30421,52.582953],[140.32252,52.561103],[140.353282,52.513454],[140.373057,52.494086],[140.384776,52.486029],[140.397227,52.481147],[140.399425,52.475694],[140.403331,52.470811],[140.408295,52.466905],[140.413829,52.464626],[140.416921,52.458523],[140.427989,52.448513],[140.432384,52.443142],[140.437999,52.429633],[140.44101,52.41531],[140.440115,52.387519],[140.44101,52.378445],[140.444753,52.3699],[140.449799,52.363715],[140.453868,52.357245],[140.454112,52.347602],[140.449229,52.333848],[140.441173,52.319037],[140.431244,52.305284],[140.411143,52.286444],[140.404877,52.278998],[140.401134,52.270087],[140.398936,52.25727],[140.398855,52.233222],[140.395518,52.223578],[140.375987,52.197781],[140.372325,52.188259],[140.370535,52.168158],[140.367686,52.158759],[140.36085,52.151231],[140.351085,52.147284],[140.330577,52.1435],[140.319753,52.139919],[140.310476,52.134874],[140.251964,52.092963],[140.225515,52.066352],[140.174408,52.026801],[140.163829,52.00906],[140.16505,51.99433],[140.205089,51.940863],[140.211518,51.928656],[140.221202,51.901475],[140.241791,51.859809],[140.242931,51.845079],[140.236746,51.830756],[140.225108,51.819607],[140.114024,51.763699]]}},{"type":"Feature","properties":{"name":"Amur","scalerank":3},"geometry":{"type":"LineString","coordinates":[[139.857595,51.578803],[139.823171,51.57628],[139.781993,51.562445],[139.651947,51.537055],[139.539154,51.536811],[139.517345,51.532823],[139.496186,51.52265],[139.481375,51.507432],[139.473237,51.489366],[139.467296,51.469997],[139.458751,51.45071],[139.444347,51.433621],[139.42628,51.421332],[139.234874,51.357856],[139.208018,51.353217],[139.178396,51.353583],[139.011241,51.389024],[138.932384,51.380235],[138.897553,51.314399],[138.895274,51.292019],[138.888438,51.274278],[138.875255,51.261013],[138.854421,51.251776],[138.674571,51.207099],[138.655284,51.201687],[138.637218,51.193386],[138.621593,51.181505],[138.599539,51.148546],[138.587901,51.136176],[138.573741,51.126899],[138.554861,51.119452],[138.449718,51.101264],[138.440929,51.097846],[138.432872,51.092719],[138.377615,51.034288],[138.361339,51.021674],[138.276378,50.9713],[138.25172,50.962185],[138.207774,50.952745],[138.194347,50.947048],[138.182709,50.937445],[138.158946,50.898261],[138.149343,50.886054],[138.138438,50.87641],[138.125499,50.869737],[138.110606,50.866278],[138.06544,50.863471],[138.050792,50.860053],[138.038585,50.8546],[137.917572,50.762234],[137.865896,50.738959],[137.688487,50.689073],[137.590994,50.676459],[137.496755,50.682318],[137.408783,50.67121],[137.367768,50.670681],[137.233165,50.640204],[137.210704,50.62934],[137.190522,50.614814],[137.153901,50.577501],[137.112071,50.5456],[137.056407,50.514757],[137.048757,50.506374],[137.046316,50.495063],[137.049897,50.484442],[137.063975,50.46544],[137.069835,50.454047]]}},{"type":"Feature","properties":{"name":"Amur","scalerank":3},"geometry":{"type":"LineString","coordinates":[[136.810557,49.759304],[136.82545,49.753119],[136.841238,49.744696],[136.850108,49.733466],[136.853282,49.719102],[136.846121,49.669216],[136.847341,49.653876],[136.854096,49.61994],[136.852468,49.604438],[136.846609,49.589871],[136.836681,49.57571],[136.815929,49.553412],[136.792003,49.532579],[136.765636,49.515082],[136.737804,49.502753],[136.71933,49.498358],[136.644135,49.490546],[136.531261,49.465888],[136.45045,49.428778],[136.435151,49.418524],[136.425873,49.406114],[136.421397,49.390977],[136.420095,49.355658],[136.416026,49.343329],[136.407237,49.333604],[136.378429,49.312934],[136.368907,49.300076],[136.354584,49.268744],[136.343272,49.254584],[136.327647,49.246853],[136.292979,49.236029],[136.26946,49.213487],[136.272472,49.185085],[136.299815,49.124945],[136.302419,49.107733],[136.302745,49.090155],[136.299083,49.07331],[136.290701,49.057929],[136.276541,49.043647],[136.149669,48.964789],[136.113862,48.954454],[136.008311,48.940253],[135.99407,48.934516],[135.980724,48.925971],[135.971446,48.913642],[135.967784,48.899522],[135.965831,48.88463],[135.960704,48.870063],[135.940033,48.847764],[135.912364,48.834988],[135.817556,48.817165],[135.802745,48.80976],[135.789561,48.798041],[135.781505,48.784288],[135.77589,48.771186],[135.768321,48.760199],[135.754405,48.753119],[135.720307,48.746527],[135.683604,48.743679],[135.647227,48.745917],[135.613699,48.754991],[135.58074,48.767849],[135.547455,48.776801],[135.513601,48.779079],[135.47877,48.771755],[135.423839,48.749457],[135.37379,48.735663],[135.357351,48.734198],[135.34075,48.736396],[135.307872,48.745307],[135.290945,48.747178],[135.27296,48.745551],[135.255463,48.741238],[135.23878,48.734442],[135.153494,48.678534],[135.046397,48.635199],[135.023041,48.614854],[135.004405,48.583116],[134.997325,48.548611],[135.0088,48.519965],[135.037608,48.488227],[135.042979,48.485867],[135.047455,48.472602],[135.049571,48.459255],[135.046397,48.447089],[135.035574,48.437445],[135.019216,48.433214],[134.965912,48.436591],[134.924571,48.433417],[134.883881,48.424384],[134.769135,48.373806],[134.751475,48.371609],[134.734386,48.373358],[134.598074,48.416449],[134.58017,48.417833],[134.505056,48.413682],[134.496186,48.411689],[134.447276,48.395128],[134.366954,48.377305],[134.20574,48.35989],[134.115733,48.335476],[134.056733,48.32746],[134.040294,48.322699],[134.024506,48.315375],[133.982188,48.285346],[133.966238,48.278876],[133.936615,48.273505],[133.877208,48.275499],[133.867279,48.274604],[133.849213,48.269558],[133.814708,48.255439],[133.796316,48.250841],[133.737722,48.251329],[133.720876,48.244981],[133.707612,48.23196],[133.685151,48.202419],[133.670014,48.190253],[133.654307,48.184149],[133.621104,48.177558],[133.605154,48.171902],[133.593354,48.164374],[133.584483,48.155585],[133.577566,48.14529],[133.571788,48.133002],[133.559662,48.113552],[133.543549,48.101833],[133.524018,48.09573],[133.46339,48.089708],[133.450613,48.09162],[133.412852,48.103298],[133.395925,48.106147],[133.379242,48.106553],[133.323253,48.100409],[133.301199,48.101508],[133.290538,48.1046],[133.272472,48.115343],[133.262543,48.119696],[133.223399,48.126247],[133.184825,48.125067],[133.091726,48.107001],[133.075043,48.101142],[133.060639,48.092108],[133.050792,48.078803],[133.047293,48.071845],[133.043793,48.066474],[133.039073,48.061794],[133.032481,48.057074],[133.024425,48.05268],[132.940522,48.026923],[132.940033,48.022813],[132.864513,47.985907],[132.853282,47.976386],[132.8331,47.95185],[132.820323,47.942572],[132.805593,47.936469],[132.789236,47.932969],[132.774669,47.933946],[132.762218,47.939643],[132.737804,47.954413],[132.72226,47.959174],[132.705496,47.960557],[132.688894,47.958035],[132.674408,47.950873],[132.667898,47.94538],[132.663015,47.93891],[132.660167,47.931586],[132.660574,47.923285],[132.663829,47.916083],[132.667898,47.909613],[132.671153,47.902777],[132.671967,47.894721],[132.667654,47.881537],[132.658621,47.870063],[132.607188,47.827826],[132.581065,47.800971],[132.576182,47.794501],[132.573416,47.788642],[132.573416,47.782497],[132.580577,47.765001],[132.582042,47.756415],[132.580089,47.748236],[132.573822,47.739814],[132.55657,47.7237],[132.546886,47.717068],[132.536143,47.71129],[132.524343,47.707709],[132.475597,47.707099],[132.453054,47.710761],[132.40032,47.730089],[132.366222,47.735622],[132.332042,47.736762],[132.264171,47.729071],[132.250499,47.725613],[132.201915,47.700751],[132.188731,47.695868],[132.161388,47.690253],[132.11671,47.689724],[132.088878,47.695014],[132.024994,47.698065],[131.965994,47.690253],[131.957042,47.687201],[131.932628,47.672471],[131.924083,47.669216],[131.913666,47.667914],[131.90325,47.668402],[131.894054,47.670233],[131.864675,47.68183],[131.85434,47.684353],[131.835704,47.684841],[131.798839,47.679633],[131.78004,47.679307],[131.702647,47.696397],[131.683197,47.694892],[131.630382,47.6671],[131.621511,47.664089],[131.612315,47.662218],[131.602957,47.661729],[131.593679,47.662624],[131.584483,47.664903],[131.577159,47.668809],[131.537608,47.703477],[131.507416,47.721788],[131.47462,47.734687],[131.440522,47.7414],[131.418061,47.742865],[131.209972,47.709418],[131.166921,47.697374],[131.128917,47.681505],[131.103608,47.676785],[131.084076,47.67536],[131.043875,47.677517],[131.023204,47.682563],[130.983328,47.700263],[130.965343,47.704169],[130.941742,47.718207],[130.93808,47.751329],[130.942149,47.790066],[130.941417,47.820868],[130.906668,47.884467],[130.857026,47.928046],[130.68214,48.050605],[130.674571,48.064236],[130.670665,48.086859],[130.66448,48.102322],[130.663097,48.116645],[130.674571,48.136176],[130.707042,48.163642],[130.72934,48.178249],[130.746104,48.184638],[130.752452,48.189887],[130.763276,48.225531],[130.768565,48.236925],[130.773529,48.244452],[130.819021,48.282172],[130.823741,48.294379],[130.824718,48.318061],[130.821788,48.334052],[130.814138,48.340196],[130.803152,48.342963],[130.79005,48.348456],[130.779552,48.356716],[130.773448,48.364529],[130.763276,48.383165],[130.742931,48.411892],[130.738048,48.43004],[130.746104,48.448065],[130.759288,48.468207],[130.758718,48.485948],[130.74407,48.497585],[130.715424,48.499294],[130.639089,48.477484],[130.625987,48.482489],[130.624278,48.488593],[130.615489,48.508368],[130.613048,48.519802],[130.614513,48.530382],[130.620616,48.549506],[130.619884,48.560736],[130.607432,48.576972],[130.586192,48.583686],[130.562022,48.588406],[130.540538,48.598578],[130.529552,48.616482],[130.53297,48.636094],[130.627452,48.796332],[130.666433,48.841742],[130.676199,48.857693],[130.674083,48.871039],[130.650401,48.876654],[130.624766,48.874579],[130.564708,48.856228],[130.540619,48.853705],[130.511241,48.85578],[130.486339,48.863959],[130.475841,48.879747],[130.465017,48.891628],[130.439464,48.896755],[130.386485,48.896552],[130.337901,48.885606],[130.293224,48.870388],[130.249034,48.864814],[130.201589,48.88288],[130.03712,48.972235],[129.996593,49.002631],[129.97405,49.015408],[129.926199,49.025946],[129.913097,49.039822],[129.911388,49.059516],[129.920421,49.082099],[129.882904,49.100043],[129.862234,49.106757],[129.841238,49.109442],[129.845144,49.154324],[129.841238,49.167426],[129.824474,49.174425],[129.775645,49.177802],[129.755382,49.184516],[129.741628,49.19599],[129.737315,49.205756],[129.734793,49.239122],[129.710948,49.274441],[129.668875,49.279405],[129.618907,49.274482],[129.571544,49.280097],[129.551524,49.290717],[129.538666,49.304023],[129.53183,49.321804],[129.53004,49.369574],[129.527599,49.385118],[129.51946,49.397325],[129.501964,49.411078],[129.480398,49.421495],[129.4546,49.427558],[129.403087,49.430935],[129.378429,49.42532],[129.371186,49.410834],[129.372976,49.370144],[129.361746,49.350124],[129.34075,49.341376],[129.315929,49.344346],[129.271983,49.375515],[129.245209,49.386176],[129.217703,49.391059],[129.193614,49.38996],[129.170909,49.380642],[129.135753,49.354438],[129.115001,49.348985],[129.087494,49.352362],[129.066742,49.361925],[129.050304,49.377021],[129.014415,49.431342],[128.997813,49.441514],[128.946788,49.449774],[128.901785,49.471991],[128.878917,49.480007],[128.853282,49.48078],[128.809581,49.46894],[128.786388,49.465684],[128.759776,49.471137],[128.749929,49.484809],[128.753835,49.502753],[128.769054,49.520941],[128.779063,49.525336],[128.790131,49.527371],[128.799327,49.532091],[128.803152,49.544501],[128.802989,49.555365],[128.801524,49.565375],[128.796641,49.572699],[128.786388,49.575548],[128.759207,49.57807],[128.733979,49.584581],[128.686453,49.603461],[128.671479,49.61168],[128.665701,49.609687],[128.634939,49.578437],[128.628429,49.575548],[128.550955,49.58869],[128.38323,49.579617],[128.371674,49.575548],[128.364675,49.570014],[128.35255,49.554755],[128.344493,49.548204],[128.320079,49.54503],[128.267833,49.559027],[128.245128,49.551622],[128.224864,49.5421],[128.198171,49.539252],[128.092296,49.541815],[128.066905,49.546942],[128.046479,49.558458],[128.012218,49.587714],[127.991222,49.598985],[127.967784,49.603461],[127.955089,49.603298],[127.94752,49.601426],[127.94044,49.596137],[127.929779,49.585517],[127.920421,49.581366],[127.906993,49.580512],[127.854503,49.585069],[127.830577,49.594102],[127.809255,49.607367],[127.789561,49.623358],[127.769786,49.634101],[127.72169,49.648871],[127.703217,49.660915],[127.689708,49.681708],[127.686697,49.699164],[127.686046,49.717108],[127.679698,49.739366],[127.644054,49.767401],[127.538259,49.790229],[127.507823,49.822577],[127.506358,49.84455],[127.511322,49.86933],[127.520518,49.892035],[127.531993,49.907904],[127.533702,49.922716],[127.521251,49.941474],[127.494151,49.973456],[127.486339,50.025906],[127.506277,50.063747],[127.569835,50.130439],[127.580333,50.149359],[127.586518,50.167426],[127.589692,50.186591],[127.590343,50.209011]]}},{"type":"Feature","properties":{"name":"Hailar","scalerank":3},"geometry":{"type":"LineString","coordinates":[[117.873464,49.513495],[117.867931,49.488796],[117.873953,49.468044],[117.901378,49.430935],[117.905772,49.428656],[117.91212,49.42711],[117.917979,49.425076],[117.920502,49.421007],[117.920421,49.409939],[117.921479,49.404975],[117.924571,49.400499],[117.955496,49.380072],[117.964122,49.363471],[118.060476,49.307481],[118.100597,49.292426],[118.143647,49.290473],[118.188731,49.308051],[118.195974,49.316352],[118.199799,49.325263],[118.205658,49.332465],[118.219493,49.335313],[118.222341,49.338568],[118.227631,49.345567],[118.235606,49.352647],[118.246755,49.355821],[118.253184,49.360663],[118.264415,49.38996],[118.27296,49.396267],[118.372325,49.447699],[118.397634,49.452012],[118.419688,49.445014],[118.445242,49.431179],[118.470144,49.420925],[118.490326,49.42475],[118.504893,49.413764],[118.545909,49.399726],[118.56544,49.38996],[118.564382,49.376003],[118.597585,49.347602],[118.606456,49.332221],[118.60434,49.32331],[118.594493,49.313747],[118.592214,49.304958],[118.596202,49.29682],[118.603608,49.291815],[118.607188,49.287218],[118.59962,49.280097],[118.624278,49.274604],[118.634207,49.270087],[118.640636,49.260281],[118.6338,49.260688],[118.620046,49.259711],[118.613292,49.260281],[118.621593,49.249864],[118.631114,49.241319],[118.636974,49.232001],[118.6338,49.219306],[118.815684,49.219306],[118.820567,49.222357],[118.823741,49.229193],[118.828054,49.236029],[118.836029,49.239122],[118.84547,49.23546],[118.853526,49.228624],[118.861339,49.224473],[118.870616,49.229193],[118.879649,49.235541],[118.888927,49.236762],[118.908132,49.232937],[118.943451,49.220282],[118.949718,49.215888],[118.951264,49.203315],[118.956554,49.196072],[118.965831,49.192735],[119.058442,49.189236],[119.085704,49.191962],[119.155365,49.200466],[119.180593,49.210232],[119.192393,49.21247],[119.203705,49.210517],[119.229747,49.201239],[119.243256,49.198188],[119.255951,49.197821],[119.268647,49.199042],[119.280854,49.201687],[119.291596,49.205634],[119.351573,49.245632],[119.360606,49.256863],[119.368093,49.260077],[119.415294,49.260281],[119.427745,49.265326],[119.456716,49.287543],[119.506114,49.299262],[119.557872,49.29918],[119.754242,49.273871],[119.778819,49.275987],[119.823416,49.285427],[119.846609,49.287543],[119.896902,49.284003],[120.116466,49.235175],[120.145518,49.232937],[120.158376,49.228135],[120.164236,49.217353],[120.168386,49.205634],[120.175548,49.198188],[120.187755,49.197292],[120.195079,49.202338],[120.201101,49.208848],[120.209727,49.21247],[120.22462,49.212022],[120.232839,49.208808],[120.247813,49.195095],[120.259695,49.190619],[120.271983,49.192206],[120.284109,49.196072],[120.321788,49.200629],[120.344493,49.207587],[120.426199,49.251776],[120.559825,49.280097],[120.623139,49.307318],[120.638601,49.31863],[120.65919,49.329047],[120.685964,49.327908],[120.713634,49.323065],[120.737315,49.322333],[120.775076,49.345893],[120.783214,49.349636],[120.795421,49.35281],[120.866222,49.358466],[120.888764,49.364569],[120.943289,49.397773],[120.98406,49.414374],[121.028331,49.425645],[121.073009,49.430935],[121.083018,49.429023],[121.094819,49.425116],[121.107026,49.423367],[121.118175,49.427802],[121.143891,49.448798],[121.152273,49.452012],[121.17571,49.455105],[121.312918,49.503974],[121.337169,49.506659],[121.357351,49.512519],[121.375255,49.526313],[121.392182,49.542344],[121.408783,49.55504],[121.476573,49.585232],[121.495128,49.589219],[121.506114,49.592882],[121.532319,49.616523],[121.542247,49.621039],[121.624441,49.642157],[121.811534,49.644965],[121.824636,49.64997],[121.845307,49.666327],[121.868907,49.676215],[121.878429,49.678005],[121.978038,49.691677],[121.997976,49.699897],[122.032725,49.726833],[122.059011,49.735419],[122.094737,49.75373],[122.174734,49.784206],[122.28712,49.849311]]}},{"type":"Feature","properties":{"name":"Argun’","scalerank":3},"geometry":{"type":"LineString","coordinates":[[121.405365,53.317084],[121.357432,53.324327],[121.340587,53.32392],[121.328054,53.320258],[121.299571,53.302802],[121.253184,53.287177],[121.203136,53.276964],[121.151541,53.274726],[121.054698,53.290229],[120.873953,53.280463],[120.84547,53.273749],[120.825694,53.262152],[120.830089,53.245063],[120.82366,53.235541],[120.750906,53.207221],[120.713796,53.18537],[120.651785,53.123114],[120.61435,53.097357],[120.527436,53.056016],[120.450043,53.008612],[120.391612,52.957099],[120.361827,52.939643],[120.35377,52.933458],[120.346202,52.923774],[120.342214,52.915717],[120.337006,52.907904],[120.326427,52.899359],[120.302013,52.891466],[120.290294,52.885606],[120.285492,52.875108],[120.279877,52.866156],[120.267019,52.858425],[120.252045,52.852973],[120.21933,52.845242],[120.177013,52.818183],[120.155691,52.809353],[120.065684,52.783515],[120.032725,52.760932],[120.045828,52.734239],[120.043793,52.723741],[120.05128,52.704901],[120.052664,52.693305],[120.036388,52.668402],[120.032237,52.659125],[120.029877,52.639716],[120.033376,52.625596],[120.042247,52.613715],[120.056082,52.600775],[120.079112,52.590196],[120.112722,52.584784],[120.175548,52.584052],[120.197846,52.589423],[120.24171,52.607489],[120.260834,52.611396],[120.367279,52.61754],[120.389171,52.622504],[120.429617,52.636339],[120.453624,52.639268],[120.463634,52.636298],[120.491466,52.61754],[120.539236,52.603868],[120.608409,52.574286],[120.654226,52.567247],[120.707042,52.550605],[120.723643,52.542426],[120.707774,52.518419],[120.7046,52.509467],[120.703705,52.498114],[120.701671,52.488959],[120.692312,52.474921],[120.690115,52.470404],[120.690115,52.439399],[120.681244,52.423285],[120.660085,52.399034],[120.655935,52.381659],[120.651866,52.372748],[120.642833,52.366563],[120.633311,52.362087],[120.628022,52.3581],[120.625987,52.347113],[120.628917,52.341132],[120.633311,52.335761],[120.635509,52.326443],[120.654552,52.299384],[120.73878,52.256903],[120.757823,52.237657],[120.756765,52.228095],[120.752045,52.212022],[120.750906,52.203233],[120.753429,52.19477],[120.766368,52.179796],[120.771495,52.171942],[120.777192,52.165229],[120.78297,52.162218],[120.783946,52.158271],[120.775076,52.148627],[120.770925,52.141221],[120.770925,52.132758],[120.773936,52.124538],[120.778901,52.117947],[120.766368,52.10871],[120.752615,52.086615],[120.74464,52.076931],[120.731863,52.070502],[120.717784,52.06684],[120.705496,52.061347],[120.696869,52.049018],[120.695974,52.034735],[120.700857,52.023139],[120.707286,52.012722],[120.711192,52.001817],[120.710541,51.988593],[120.705577,51.980251],[120.683442,51.959581],[120.661713,51.92532],[120.64739,51.911322],[120.624604,51.905585],[120.578543,51.908026],[120.56601,51.905585],[120.555756,51.898627],[120.549083,51.890733],[120.540945,51.883328],[120.526296,51.877712],[120.511485,51.87641],[120.501882,51.877509],[120.492931,51.875922],[120.480561,51.867133],[120.475841,51.859402],[120.471202,51.849311],[120.464692,51.840522],[120.453624,51.836737],[120.427257,51.83393],[120.40797,51.826361],[120.374115,51.802558],[120.319021,51.776231],[120.181163,51.683214],[120.165294,51.668809],[120.153575,51.664252],[120.122,51.667426],[120.107921,51.665391],[120.10019,51.660224],[120.085541,51.644639],[120.064708,51.61518],[120.056407,51.596706],[120.053233,51.577257],[120.052664,51.552436],[120.041921,51.538764],[119.991954,51.503485],[119.977061,51.487331],[119.973888,51.464423],[119.980235,51.45307],[119.982432,51.44245],[119.966889,51.422146],[119.95989,51.412543],[119.956635,51.404853],[119.952647,51.397976],[119.9428,51.391059],[119.89503,51.384223],[119.899832,51.370469],[119.912364,51.349921],[119.915457,51.331],[119.891612,51.322821],[119.882904,51.318305],[119.860362,51.289252],[119.850352,51.284532],[119.828543,51.279975],[119.819347,51.27501],[119.815929,51.269314],[119.805675,51.244249],[119.809093,51.232937],[119.814464,51.223009],[119.814708,51.216132],[119.802257,51.213568],[119.771983,51.218777],[119.761974,51.215399],[119.757823,51.199286],[119.785167,51.171942],[119.772472,51.16295],[119.766775,51.15998],[119.757823,51.158311],[119.765066,51.142686],[119.761485,51.128485],[119.754405,51.114569],[119.750499,51.100287],[119.747976,51.083686],[119.740733,51.071845],[119.728119,51.064805],[119.709972,51.06269],[119.709972,51.038886],[119.682872,51.016303],[119.603933,50.978461],[119.593679,50.969794],[119.572846,50.946072],[119.517589,50.905056],[119.529796,50.887315],[119.527843,50.867011],[119.515554,50.848415],[119.497081,50.836208],[119.513764,50.813585],[119.514659,50.792263],[119.504487,50.7508],[119.496511,50.737331],[119.45696,50.69656],[119.442475,50.685329],[119.417572,50.676581],[119.403738,50.673529],[119.391368,50.672309],[119.382823,50.666856],[119.373546,50.643012],[119.364024,50.637519],[119.348643,50.634955],[119.340831,50.628363],[119.335053,50.619493],[119.325857,50.610216],[119.313569,50.604844],[119.302826,50.602973],[119.293224,50.599433],[119.28476,50.589179],[119.286225,50.577948],[119.264415,50.52029],[119.260265,50.514268],[119.253998,50.509833],[119.25058,50.504828],[119.254242,50.49726],[119.258881,50.493476],[119.262136,50.492214],[119.263927,50.489814],[119.264415,50.483018],[119.260916,50.479519],[119.243256,50.445746],[119.215831,50.425157],[119.206472,50.415351],[119.198253,50.413357],[119.167491,50.414374],[119.154552,50.411566],[119.146414,50.404486],[119.137218,50.392768],[119.13323,50.381781],[119.14088,50.376899],[119.171641,50.375922],[119.180186,50.370063],[119.174897,50.356391],[119.187755,50.355007],[119.21339,50.356798],[119.223399,50.356391],[119.232921,50.352973],[119.246104,50.344428],[119.250499,50.342719],[119.314057,50.351996],[119.333344,50.350165],[119.35255,50.345771],[119.356375,50.34101],[119.363455,50.31977],[119.365326,50.311103],[119.362071,50.304389],[119.350108,50.301785],[119.338308,50.294257],[119.333507,50.276435],[119.331391,50.217597],[119.333995,50.211371],[119.343272,50.20246],[119.346934,50.19538],[119.348074,50.184882],[119.343679,50.142686],[119.337494,50.124376],[119.328298,50.108222],[119.315929,50.092882],[119.300955,50.080024],[119.250662,50.048529],[119.222992,50.025214],[119.208344,50.015408],[119.189382,50.007514],[119.091319,49.986884],[118.990164,49.9796],[118.962332,49.982286],[118.94752,49.98546],[118.935476,49.989854],[118.923595,49.991889],[118.912608,49.987982],[118.902273,49.982449],[118.891124,49.9796],[118.791433,49.96662],[118.741222,49.953396],[118.712494,49.949734],[118.670339,49.962348],[118.644135,49.954861],[118.59962,49.93122],[118.570323,49.921007],[118.554291,49.91002],[118.520925,49.894232],[118.497651,49.877021],[118.490326,49.869737],[118.486095,49.860948],[118.480724,49.842719],[118.476654,49.836249],[118.455577,49.828925],[118.393565,49.820258],[118.380463,49.811713],[118.372651,49.786566],[118.353282,49.776719],[118.328543,49.773301],[118.304779,49.767361],[118.241466,49.729438],[118.229096,49.729438],[118.223074,49.712348],[118.207774,49.695665],[118.18808,49.681505],[118.168224,49.671739],[118.105968,49.652045],[118.088878,49.640448],[118.070893,49.625352],[118.054617,49.614325],[118.016775,49.596015],[117.930431,49.567654],[117.893565,49.546902],[117.873464,49.513495]]}},{"type":"Feature","properties":{"name":"Heilong Jiang","scalerank":3},"geometry":{"type":"LineString","coordinates":[[127.590343,50.209011],[127.578136,50.220811],[127.404389,50.276231],[127.35434,50.298896],[127.33017,50.328437],[127.331554,50.340399],[127.337332,50.352973],[127.34547,50.364691],[127.354503,50.373806],[127.358409,50.381619],[127.359304,50.393134],[127.358165,50.415351],[127.348888,50.426459],[127.304291,50.451728],[127.288666,50.466254],[127.302419,50.477891],[127.309988,50.488634],[127.323416,50.514024],[127.333425,50.525255],[127.356456,50.544867],[127.36435,50.554999],[127.36671,50.57807],[127.358409,50.605292],[127.343435,50.627997],[127.326752,50.637519],[127.294526,50.666693],[127.288666,50.675401],[127.286794,50.682196],[127.283376,50.688544],[127.282156,50.695095],[127.285655,50.702745],[127.289561,50.708604],[127.292979,50.715644],[127.295339,50.72309],[127.296153,50.730333],[127.28712,50.751288],[127.26588,50.76435],[127.240815,50.77497],[127.220307,50.788398],[127.143972,50.903754],[127.110444,50.931749],[127.046804,50.967475],[127.031993,50.972724],[126.980886,51.02794],[126.945974,51.048651],[126.93157,51.064032],[126.925548,51.08629],[126.922781,51.108222],[126.909272,51.146308],[126.90504,51.164496],[126.903575,51.19363],[126.904796,51.20836],[126.908702,51.221951],[126.915945,51.233018],[126.946707,51.258368],[126.967703,51.281806],[126.97755,51.29682],[126.980886,51.309149],[126.971772,51.324286],[126.954275,51.329861],[126.934174,51.329047],[126.917003,51.325019],[126.908132,51.321479],[126.899018,51.316759],[126.891043,51.310736],[126.884939,51.303168],[126.884532,51.295925],[126.888764,51.289618],[126.892589,51.282253],[126.890391,51.271755],[126.86964,51.252021],[126.84547,51.251736],[126.823416,51.265896],[126.808686,51.289374],[126.806814,51.308417],[126.813731,51.325222],[126.826752,51.339219],[126.843028,51.349636],[126.860444,51.354193],[126.879893,51.356472],[126.897227,51.36225],[126.908702,51.377265],[126.909109,51.391384],[126.901785,51.401231],[126.88974,51.407294],[126.876557,51.410183],[126.825694,51.412299],[126.800141,51.419257],[126.788992,51.436103],[126.79241,51.459337],[126.80128,51.477484],[126.830089,51.508368],[126.80714,51.534451],[126.77532,51.545966],[126.700206,51.563015],[126.676524,51.576931],[126.674815,51.58865],[126.703624,51.613878],[126.723399,51.636176],[126.724132,51.649848],[126.715424,51.663438],[126.707123,51.685858],[126.710541,51.686306],[126.717459,51.69123],[126.724539,51.697821],[126.72755,51.703315],[126.725352,51.709052],[126.715424,51.7178],[126.71339,51.723456],[126.66212,51.73371],[126.647634,51.741523],[126.445811,51.982856],[126.438975,51.998114],[126.447032,52.01907],[126.466726,52.031928],[126.491303,52.039089],[126.514089,52.042792],[126.514089,52.049018],[126.51946,52.061591],[126.550955,52.113227],[126.555675,52.130927],[126.530854,52.15294],[126.493663,52.161485],[126.453054,52.16588],[126.350352,52.192003],[126.33253,52.19363],[126.316417,52.200019],[126.309093,52.214138],[126.311697,52.228217],[126.391775,52.264594],[126.438975,52.27558],[126.420665,52.287543],[126.344249,52.302924],[126.31544,52.316474],[126.344005,52.357856],[126.350515,52.377224],[126.343272,52.391669],[126.312429,52.41767],[126.295909,52.435492],[126.288829,52.450263],[126.275808,52.463568],[126.246593,52.466132],[126.216401,52.465033],[126.200043,52.467353],[126.20045,52.486762],[126.210053,52.511746],[126.211925,52.533271],[126.170095,52.547878],[126.082286,52.593614],[126.068451,52.595649],[126.062266,52.58747],[126.058849,52.575751],[126.050385,52.571479],[126.039236,52.569892],[126.027761,52.566677],[126.008881,52.568671],[125.990652,52.586737],[125.977061,52.611029],[125.972748,52.631863],[125.982514,52.653388],[126.002371,52.665717],[126.027273,52.671454],[126.052257,52.672797],[126.068451,52.680203],[126.061534,52.696967],[126.034923,52.727403],[126.048595,52.737372],[126.065684,52.744452],[126.10377,52.754706],[126.08782,52.775662],[126.066417,52.783474],[126.017507,52.78266],[126.007091,52.778876],[125.984955,52.764838],[125.976573,52.765245],[125.867198,52.849636],[125.860769,52.856309],[125.856619,52.864569],[125.857188,52.874701],[125.86142,52.881659],[125.863455,52.888861],[125.856619,52.899359],[125.837006,52.906928],[125.736257,52.896064],[125.691335,52.881537],[125.668386,52.878241],[125.646251,52.885118],[125.646902,52.90119],[125.660655,52.919623],[125.67864,52.933458],[125.688243,52.936713],[125.710704,52.941474],[125.719656,52.94656],[125.72405,52.95307],[125.733165,52.981879],[125.678233,53.005927],[125.649913,53.023627],[125.637706,53.046454],[125.621023,53.062364],[125.583751,53.05919],[125.521007,53.04267],[125.499278,53.050849],[125.476166,53.083767],[125.456065,53.091132],[125.427745,53.094997],[125.127045,53.206855],[125.073416,53.21251],[125.019054,53.211005],[124.918956,53.194159],[124.897472,53.185818],[124.879975,53.172797],[124.878835,53.15412],[124.891531,53.134467],[124.895925,53.117865],[124.869884,53.108222],[124.847748,53.113959],[124.821788,53.147528],[124.800955,53.155382],[124.747,53.147976],[124.719737,53.149115],[124.698009,53.162869],[124.695323,53.17003],[124.696544,53.176581],[124.695974,53.184027],[124.687999,53.193915],[124.678396,53.199571],[124.651378,53.209052],[124.639903,53.210639],[124.527843,53.210639],[124.500255,53.213935],[124.453624,53.228461],[124.40797,53.235948],[124.383393,53.246405],[124.35963,53.259711],[124.342214,53.272732],[124.32545,53.30622],[124.320974,53.310004],[124.304454,53.329291],[124.293224,53.351589],[124.275076,53.364936],[124.252615,53.3758],[124.232351,53.381944],[124.208507,53.382921],[124.182058,53.37877],[124.157481,53.370307],[124.139903,53.3581],[124.121593,53.352973],[124.100108,53.363593],[124.068451,53.389919],[124.055431,53.395209],[124.029714,53.400255],[124.0171,53.407294],[124.009776,53.414984],[123.98935,53.441718],[123.970307,53.45543],[123.876394,53.488959],[123.849864,53.495307],[123.731944,53.504014],[123.701427,53.510321],[123.677419,53.52029],[123.639171,53.551581],[123.614024,53.563666],[123.591563,53.558132],[123.560639,53.524482],[123.541596,53.51435],[123.519135,53.52029],[123.532319,53.532782],[123.539154,53.53738],[123.54713,53.540798],[123.535085,53.554958],[123.514171,53.56269],[123.494558,53.56037],[123.485769,53.544216],[123.485037,53.526313],[123.481293,53.518337],[123.471202,53.519232],[123.431407,53.536078],[123.419688,53.538764],[123.379893,53.543077],[123.367605,53.546088],[123.339854,53.561713],[123.309255,53.567735],[123.277192,53.56977],[123.252371,53.568061],[123.234386,53.560614],[123.203054,53.538601],[123.179698,53.530707],[123.163992,53.516628],[123.153331,53.513454],[123.002208,53.507636],[122.859304,53.474229],[122.470876,53.465033],[122.424897,53.452704],[122.401378,53.451239],[122.379405,53.461941],[122.357595,53.479804],[122.337413,53.491563],[122.316742,53.496283],[122.293386,53.492987],[122.225515,53.474189],[122.168468,53.469346],[122.147553,53.461371],[122.107839,53.438341],[122.081391,53.429755],[121.888682,53.430935],[121.640717,53.385199],[121.511811,53.330105],[121.458507,53.320746],[121.405365,53.317084]]}},{"type":"Feature","properties":{"name":"Huang","scalerank":3},"geometry":{"type":"LineString","coordinates":[[114.837576,35.019802],[114.84726,35.03795],[114.846772,35.081488],[114.864757,35.120469],[114.859874,35.140448],[114.851573,35.159491],[114.851329,35.178046],[114.864024,35.188585],[114.913178,35.208075],[114.930186,35.211615],[114.941417,35.218777],[114.981619,35.266872],[115.002045,35.284735],[115.008881,35.294135],[115.021495,35.324774],[115.025971,35.332343],[115.053722,35.366767],[115.067963,35.379991],[115.091563,35.390326],[115.121755,35.393866],[115.131847,35.397773],[115.13974,35.404608],[115.14446,35.410997],[115.150483,35.415798],[115.162608,35.41767],[115.205577,35.414618],[115.226329,35.416124],[115.248546,35.424506],[115.266043,35.436143],[115.306814,35.475694],[115.316742,35.479356],[115.329194,35.480984],[115.340017,35.485053],[115.344737,35.496161],[115.342377,35.505479],[115.332286,35.523261],[115.330496,35.534369],[115.341319,35.555365],[115.383311,35.55744],[115.392589,35.572211],[115.392589,35.597032],[115.394786,35.615749],[115.402843,35.630479],[115.420421,35.643581],[115.467296,35.663438],[115.491791,35.678087],[115.502452,35.69538],[115.501964,35.716498],[115.503917,35.722724],[115.53655,35.719306],[115.576182,35.722235],[115.617686,35.731147],[115.654714,35.746283],[115.680593,35.767768],[115.729747,35.83043],[115.76116,35.849148],[115.850678,35.858954],[115.873546,35.865505],[115.885916,35.87755],[115.883718,35.887519],[115.874034,35.895046],[115.863373,35.900458],[115.858002,35.904242],[115.857921,35.916327],[115.86321,35.924913],[115.919932,35.967719],[115.943777,35.979682],[115.954275,35.976589],[115.965424,35.985785],[115.990733,35.980821],[116.033295,35.965684],[116.038992,35.976182],[116.064138,36.040839],[116.078298,36.051337],[116.086925,36.059149],[116.091401,36.068142],[116.089936,36.078477],[116.080333,36.098456],[116.077729,36.109727],[116.087494,36.11225],[116.110281,36.113715],[116.119314,36.116523],[116.12851,36.125027],[116.132823,36.134548],[116.135509,36.1435],[116.13974,36.150702],[116.198822,36.172553],[116.269623,36.240058],[116.311941,36.293321],[116.327891,36.30154],[116.347179,36.303656],[116.388113,36.313056],[116.410167,36.315212],[116.41684,36.318549],[116.454275,36.345526],[116.477061,36.355902],[116.530854,36.397732],[116.566417,36.410102],[116.575043,36.414822],[116.586029,36.427598],[116.597585,36.447577],[116.598643,36.467353],[116.578624,36.4796],[116.591319,36.48664],[116.601654,36.494981],[116.605561,36.504421],[116.598562,36.514431],[116.606375,36.524441],[116.633311,36.547919],[116.651134,36.577582],[116.65683,36.582709],[116.673106,36.58869],[116.736339,36.624294],[116.749522,36.643012],[116.768077,36.684882],[116.780772,36.702745],[116.79599,36.712714],[116.858653,36.740343],[116.881114,36.742743],[116.937755,36.733507],[116.943777,36.730496],[116.952647,36.724555],[116.962576,36.720526],[116.972179,36.723253],[116.976654,36.725938],[116.981619,36.726874],[116.992442,36.726671],[116.999604,36.729438],[117.003917,36.735785],[117.006928,36.742703],[117.009939,36.747138],[117.070323,36.783311],[117.088878,36.788764],[117.105724,36.796251],[117.116791,36.813747],[117.133474,36.849555],[117.163585,36.87995],[117.176199,36.898953],[117.181407,36.922187],[117.189464,36.93419],[117.226329,36.961046],[117.235932,36.980536],[117.234386,36.991767],[117.229747,37.000271],[117.226573,37.009141],[117.229747,37.021511],[117.237804,37.031033],[117.257091,37.038275],[117.284923,37.059394],[117.302257,37.062934],[117.345795,37.062527],[117.388113,37.073188],[117.552257,37.149237],[117.570811,37.16413],[117.578624,37.181952],[117.584239,37.200303],[117.597585,37.222357],[117.613373,37.242296],[117.627045,37.254259],[117.648204,37.260118],[117.668468,37.257025],[117.689138,37.2508],[117.712332,37.247423],[117.760509,37.247423],[117.771658,37.249864],[117.805186,37.26789],[117.827403,37.272081],[117.847097,37.269395],[117.867117,37.264431],[117.890554,37.261746],[117.908214,37.26789],[117.962169,37.309516],[117.983165,37.316759],[118.029796,37.327338],[118.06544,37.352078],[118.087006,37.356147],[118.133474,37.357286],[118.182221,37.366482],[118.207042,37.375271],[118.226003,37.387722],[118.229421,37.396308],[118.222992,37.428656],[118.225515,37.438788],[118.231537,37.450222],[118.243337,37.466579],[118.256602,37.478095],[118.281749,37.495144],[118.29127,37.508124],[118.295421,37.524359],[118.299327,37.560574],[118.304779,37.576443],[118.328868,37.596381],[118.365245,37.606879],[118.519135,37.615668],[118.55421,37.626492],[118.585948,37.644639],[118.672862,37.718695],[118.68157,37.733466],[118.710053,37.749823],[118.722585,37.754503],[118.758718,37.760281],[118.78655,37.774726],[118.860362,37.796169],[118.897065,37.824327],[118.917003,37.830634],[118.938894,37.819403],[118.9546,37.808783],[118.978038,37.79975],[119.003429,37.796251],[119.033214,37.802558]]}},{"type":"Feature","properties":{"name":"Huang","scalerank":3},"geometry":{"type":"LineString","coordinates":[[110.269949,34.637274],[110.297862,34.621161],[110.335134,34.615749],[110.367686,34.617499],[110.37672,34.615749],[110.387218,34.608222],[110.393321,34.599677],[110.399669,34.592475],[110.410818,34.589057],[110.42213,34.590644],[110.426524,34.595893],[110.429861,34.602729],[110.437592,34.608913],[110.44866,34.61286],[110.459076,34.614854],[110.482921,34.615749],[110.491628,34.613145],[110.500662,34.607001],[110.517019,34.592475],[110.530284,34.583604],[110.539643,34.584296],[110.548839,34.589911],[110.561697,34.595893],[110.584483,34.600857],[110.64739,34.602078],[110.708425,34.620917],[110.718761,34.626288],[110.725841,34.642442],[110.743175,34.654242],[110.765636,34.661241],[110.883474,34.666042],[110.922862,34.685736],[110.910574,34.732449],[110.933116,34.735175],[110.973155,34.716824],[110.989757,34.721869],[111.007253,34.737494],[111.025483,34.747423],[111.109304,34.768622],[111.124278,34.778632],[111.138438,34.819159],[111.157644,34.82213],[111.198416,34.808132],[111.215261,34.800076],[111.222667,34.798529],[111.232595,34.800727],[111.237641,34.806464],[111.240652,34.815701],[111.245616,34.824246],[111.256602,34.827989],[111.268972,34.82449],[111.276541,34.818427],[111.284679,34.816352],[111.307384,34.83157],[111.318858,34.837104],[111.331065,34.840847],[111.342459,34.842312],[111.352794,34.839382],[111.373057,34.825751],[111.383474,34.821804],[111.393972,34.823188],[111.421397,34.835476],[111.444591,34.83747],[111.557384,34.863308],[111.569021,34.868964],[111.572276,34.87405],[111.578298,34.890326],[111.582123,34.896918],[111.586681,34.900458],[111.597179,34.904975],[111.603282,34.909939],[111.610606,34.92121],[111.622,34.94713],[111.630463,34.958319],[111.641368,34.964382],[111.667979,34.97248],[111.678315,34.978827],[111.670339,34.997382],[111.682709,35.007839],[111.704031,35.012519],[111.723074,35.013536],[111.740652,35.018907],[111.763276,35.042344],[111.778331,35.047716],[111.796153,35.051703],[111.807628,35.061306],[111.816905,35.072821],[111.829112,35.082465],[111.845795,35.086982],[111.881847,35.089301],[111.897472,35.096137],[111.915294,35.089911],[111.957449,35.094062],[111.976166,35.085557],[111.99171,35.073757],[112.034679,35.047716],[112.058116,35.033393],[112.12558,35.023953],[112.151378,35.013536],[112.161632,35.000312],[112.178966,34.970811],[112.189138,34.965155],[112.202159,34.962958],[112.218028,34.957709],[112.232351,34.950995],[112.240733,34.944688],[112.256114,34.958035],[112.265066,34.963446],[112.274832,34.965155],[112.281505,34.961534],[112.284679,34.954535],[112.288992,34.947781],[112.299083,34.944688],[112.324474,34.941433],[112.361095,34.924669],[112.384044,34.917344],[112.466726,34.910346],[112.480235,34.906806],[112.490896,34.897976],[112.73406,34.808132],[112.779226,34.797919],[112.823253,34.800605],[112.912364,34.821804],[113.047374,34.831651],[113.089773,34.842312],[113.130382,34.860175],[113.151134,34.866523],[113.175792,34.868964],[113.19752,34.876288],[113.210134,34.893866],[113.22698,34.931667],[113.24879,34.948554],[113.270763,34.951443],[113.292491,34.951931],[113.329275,34.968777],[113.353608,34.972357],[113.497569,34.965155],[113.508718,34.968695],[113.521251,34.975287],[113.534109,34.979519],[113.545665,34.975694],[113.590017,34.944688],[113.665619,34.907538],[113.70574,34.89529],[113.74822,34.890692],[113.759044,34.89171],[113.779877,34.896186],[113.789236,34.896918],[113.800792,34.894395],[113.826915,34.883246],[113.836925,34.882148],[113.856537,34.877509],[113.867768,34.87641],[113.877208,34.878201],[113.89503,34.887152],[113.905935,34.890692],[113.918793,34.891628],[113.930919,34.89114],[113.942393,34.891954],[113.953868,34.896918],[113.963145,34.907294],[113.970795,34.930528],[113.977631,34.94127],[113.997813,34.949083],[114.02239,34.945339],[114.062429,34.931667],[114.085134,34.930772],[114.155284,34.937852],[114.179454,34.935981],[114.303233,34.898464],[114.323741,34.896918],[114.343842,34.901313],[114.378917,34.918484],[114.399425,34.92418],[114.421641,34.924669],[114.493663,34.906073],[114.501394,34.903103],[114.509288,34.901923],[114.52239,34.903673],[114.53183,34.906684],[114.546397,34.914252],[114.556407,34.917344],[114.577403,34.91767],[114.609467,34.902655],[114.631602,34.896918],[114.646007,34.897528],[114.654389,34.901679],[114.65976,34.906602],[114.665619,34.909939],[114.676362,34.910712],[114.698822,34.909247],[114.707286,34.909939],[114.729991,34.920925],[114.745128,34.936347],[114.768891,34.972602],[114.781668,34.985867],[114.83074,35.019802]]}},{"type":"Feature","properties":{"name":"Xi","scalerank":4},"geometry":{"type":"LineString","coordinates":[[111.301362,23.480658],[111.392833,23.477729],[111.424815,23.471625],[111.455089,23.458035],[111.467052,23.449042],[111.477143,23.438585],[111.485362,23.426622],[111.491628,23.413113],[111.504812,23.369086],[111.511648,23.355414],[111.547537,23.310126],[111.554861,23.293158],[111.553152,23.274359],[111.53476,23.239122],[111.532156,23.219835],[111.538097,23.204413],[111.549246,23.192898],[111.563731,23.18537],[111.596202,23.179633],[111.610932,23.175076],[111.658376,23.151231],[111.668224,23.148139],[111.678233,23.146186],[111.689057,23.145819],[111.710948,23.147569],[111.72169,23.147284],[111.727306,23.145941],[111.743093,23.139024],[111.752533,23.137274],[111.771658,23.137152],[111.800955,23.13227],[111.878429,23.140733],[111.882823,23.139512],[111.885346,23.136786],[111.889659,23.128689],[111.892182,23.125271],[111.898855,23.120673],[111.906342,23.118109],[111.91448,23.117499],[111.934825,23.121365],[111.94044,23.121609],[111.946788,23.120429],[111.952403,23.118109],[111.96282,23.11164],[111.968191,23.109565],[111.974132,23.096951],[111.986095,23.089382],[112.00058,23.085395],[112.052013,23.077704],[112.070404,23.077094],[112.089285,23.081977],[112.100597,23.086534],[112.112315,23.089789],[112.124522,23.09101],[112.137218,23.089708],[112.162039,23.080186],[112.168875,23.078925],[112.174815,23.078721],[112.20517,23.08515],[112.210541,23.087836],[112.225515,23.100206],[112.231456,23.103054],[112.25644,23.126776],[112.284272,23.148017],[112.31544,23.159613],[112.350027,23.154242],[112.374522,23.132392],[112.400645,23.073188],[112.425304,23.052069],[112.444835,23.047309],[112.464854,23.048163],[112.483897,23.053982],[112.501069,23.064073],[112.513682,23.076117],[112.543224,23.11872],[112.5678,23.146308],[112.595795,23.165595],[112.628184,23.175971],[112.664561,23.176866],[112.767996,23.168036],[112.78297,23.163845],[112.795909,23.155788],[112.805919,23.142442],[112.858653,22.972602],[112.927257,22.83572],[112.938975,22.823065],[112.953705,22.813096],[112.970144,22.806586],[113.039968,22.795722],[113.056895,22.790839],[113.0713,22.781806],[113.080984,22.767524],[113.084972,22.750515],[113.086192,22.696357],[113.089122,22.678087],[113.095307,22.660997],[113.106456,22.645819],[113.143647,22.616523],[113.154389,22.604763],[113.161794,22.592108],[113.165538,22.575629]]}},{"type":"Feature","properties":{"name":"Xi","scalerank":4},"geometry":{"type":"LineString","coordinates":[[112.804698,23.147895],[112.845144,23.159857],[112.883718,23.148464],[112.917898,23.128241],[112.948334,23.10102],[112.971772,23.072537],[112.97991,23.055365],[112.982026,23.040351]]}},{"type":"Feature","properties":{"name":"Xi","scalerank":4},"geometry":{"type":"LineString","coordinates":[[112.97991,23.041124],[112.982026,23.040351]]}},{"type":"Feature","properties":{"name":"Xi","scalerank":4},"geometry":{"type":"LineString","coordinates":[[112.982026,23.040351],[112.995942,23.035264],[113.01295,23.034451],[113.029063,23.036892],[113.042003,23.041124],[113.075776,23.056464],[113.089854,23.054307],[113.11085,23.041124],[113.124441,23.059272],[113.137625,23.067328],[113.152843,23.067735],[113.172374,23.062852],[113.208588,23.044501],[113.220144,23.041124],[113.313243,23.055365],[113.323171,23.053168],[113.343354,23.043402],[113.35434,23.041124],[113.391205,23.038275],[113.407481,23.044013],[113.419363,23.062852]]}},{"type":"Feature","properties":{"name":"Xi","scalerank":4},"geometry":{"type":"LineString","coordinates":[[112.982026,23.040351],[112.982595,23.036322],[112.982921,22.998481],[112.987315,22.980292],[113.002859,22.952948],[113.024099,22.927029],[113.049327,22.905219],[113.076182,22.890245],[113.096283,22.886176],[113.10906,22.890489],[113.121023,22.898383],[113.137625,22.904568],[113.157807,22.905097],[113.175385,22.902615],[113.192963,22.90294],[113.213308,22.911973]]}},{"type":"Feature","properties":{"name":"Xi","scalerank":4},"geometry":{"type":"LineString","coordinates":[[113.082774,22.764268],[113.089773,22.761176],[113.138927,22.745795],[113.151866,22.739447],[113.160655,22.73196],[113.175792,22.709337],[113.186534,22.703803],[113.195242,22.707587],[113.207042,22.720242],[113.232188,22.734483],[113.244233,22.734687],[113.261729,22.726426],[113.303803,22.693223],[113.323171,22.684841],[113.342296,22.680609],[113.361095,22.678656],[113.371349,22.676378],[113.373546,22.670925],[113.373953,22.663926],[113.377859,22.657538],[113.425955,22.624091],[113.439871,22.610378],[113.456716,22.582831],[113.467784,22.573269],[113.487071,22.569403],[113.497081,22.571479],[113.509776,22.580878],[113.518077,22.583075],[113.529796,22.58161],[113.538259,22.57921],[113.546153,22.578803],[113.555919,22.583075]]}}]}